go_id,go_term,foreground_with_term,foreground_total,background_with_term,background_total,foreground_fraction,background_fraction,enrichment_ratio,odds_ratio,p_value,fdr_bh
GO:0006355,regulation of DNA-templated transcription,13,168,1487,20524,0.07738095238095238,0.07245176378873514,1.0680340730777853,1.0743905107891627,0.44443348682237244,1.0
GO:0016567,protein ubiquitination,4,168,645,20524,0.023809523809523808,0.031426622490742545,0.7576227390180879,0.7501617137856246,0.7777603518407041,1.0
GO:0007165,signal transduction,14,168,600,20524,0.08333333333333333,0.02923406743324888,2.8505555555555553,3.0670183059261555,0.00043294777976607044,0.011603000497730689
GO:0006412,translation,0,168,556,20524,0.0,0.027090235821477293,0.0,0.0,1.0,1.0
GO:0009793,embryo development ending in seed dormancy,2,168,462,20524,0.011904761904761904,0.022510231923601638,0.5288600288600288,0.521110529072813,0.8947337763048944,1.0
GO:0009737,response to abscisic acid,23,168,440,20524,0.13690476190476192,0.021438316117715846,6.385984848484848,7.584503431737368,1.6309269299375873e-12,2.5496824338024283e-10
GO:0009651,response to salt stress,15,168,410,20524,0.08928571428571429,0.0199766127460534,4.469512195121951,4.954331099528419,1.4911676484946278e-06,8.227736789929183e-05
GO:0055085,transmembrane transport,7,168,401,20524,0.041666666666666664,0.01953810173455467,2.1325852036575226,2.2028249834473628,0.047348908094931606,0.5767957895200759
GO:0006357,regulation of transcription by RNA polymerase II,1,168,372,20524,0.005952380952380952,0.018125121808614305,0.32840501792114696,0.322562422325161,0.9542992686909809,1.0
GO:0009414,response to water deprivation,21,168,364,20524,0.125,0.017735334242837655,7.0480769230769225,8.33527696793003,2.5288971222882433e-12,3.388722143866246e-10
GO:0006468,protein phosphorylation,3,168,359,20524,0.017857142857142856,0.017491717014227245,1.020891364902507,1.0214504596527068,0.5656831153471904,1.0
GO:0042742,defense response to bacterium,24,168,354,20524,0.14285714285714285,0.01724809978561684,8.282485875706215,10.114141414141415,1.70331440230172e-15,3.994272273397534e-13
GO:0009409,response to cold,12,168,348,20524,0.07142857142857142,0.01695575911128435,4.212643678160919,4.583333333333333,3.0973636808146426e-05,0.0012631857098278846
GO:0006511,ubiquitin-dependent protein catabolic process,0,168,305,20524,0.0,0.014860650945234847,0.0,0.0,1.0,1.0
GO:0005975,carbohydrate metabolic process,4,168,301,20524,0.023809523809523808,0.014665757162346521,1.6234772978959024,1.6472858667980619,0.23339151438881722,1.0
GO:0006952,defense response,7,168,290,20524,0.041666666666666664,0.014129799259403625,2.9488505747126434,3.0838838531264403,0.010057394698377135,0.16525526460346796
GO:0045893,positive regulation of DNA-templated transcription,4,168,281,20524,0.023809523809523808,0.013691288247904892,1.7390272835112692,1.7679845029497225,0.19909194981193437,1.0
GO:0006979,response to oxidative stress,8,168,279,20524,0.047619047619047616,0.01359384135646073,3.502986857825567,3.705719557195572,0.0021585479379939146,0.04678430592293869
GO:0009733,response to auxin,2,168,269,20524,0.011904761904761904,0.013106606899239915,0.9083023543990085,0.906502414150986,0.6490218308108759,1.0
GO:0016310,phosphorylation,2,168,255,20524,0.011904761904761904,0.012424478659130773,0.9581699346405228,0.9573313014905471,0.6200211192863739,1.0
GO:0009555,pollen development,1,168,255,20524,0.005952380952380952,0.012424478659130773,0.4790849673202614,0.4739025885237399,0.8786448562151615,1.0
GO:0006414,translational elongation,0,168,250,20524,0.0,0.012180861430520367,0.0,0.0,1.0,1.0
GO:0050832,defense response to fungus,15,168,238,20524,0.08928571428571429,0.011596180081855388,7.699579831932774,8.851226589290425,1.1855228947883826e-09,1.3900255941393786e-07
GO:0071456,cellular response to hypoxia,18,168,238,20524,0.10714285714285714,0.011596180081855388,9.239495798319329,10.983272727272727,1.115599921243376e-12,2.0928654522525733e-10
GO:0009611,response to wounding,12,168,225,20524,0.07142857142857142,0.01096277528746833,6.515555555555555,7.274467316720838,3.5306621190599257e-07,2.759800889731842e-05
GO:0009416,response to light stimulus,7,168,219,20524,0.041666666666666664,0.01067043461313584,3.9048706240487063,4.131255127153405,0.0022195484902358944,0.04678430592293869
GO:0048364,root development,0,168,206,20524,0.0,0.010037029818748782,0.0,0.0,1.0,1.0
GO:0009408,response to heat,7,168,203,20524,0.041666666666666664,0.009890859481582538,4.212643678160919,4.472049689440993,0.0014432351098483589,0.03223225078661335
GO:0006886,intracellular protein transport,0,168,191,20524,0.0,0.00930617813291756,0.0,0.0,1.0,1.0
GO:0009451,RNA modification,0,168,176,20524,0.0,0.008575326447086338,0.0,0.0,1.0,1.0
GO:0016192,vesicle-mediated transport,0,168,175,20524,0.0,0.008526603001364257,0.0,0.0,1.0,1.0
GO:0045892,negative regulation of DNA-templated transcription,4,168,169,20524,0.023809523809523808,0.008234262327031767,2.891518737672584,2.984626755358463,0.05039321513491967,0.598339693627274
GO:0006970,response to osmotic stress,8,168,161,20524,0.047619047619047616,0.007844474761255117,6.0703933747412,6.602287581699346,5.5380277058439215e-05,0.0019979499954159994
GO:0009658,chloroplast organization,1,168,160,20524,0.005952380952380952,0.007795751315533035,0.7635416666666666,0.7606296840281701,0.7329228255023333,1.0
GO:0000398,"mRNA splicing, via spliceosome",0,168,159,20524,0.0,0.007747027869810953,0.0,0.0,1.0,1.0
GO:0006457,protein folding,4,168,155,20524,0.023809523809523808,0.007552134086922627,3.1526881720430104,3.2636084638992084,0.038736717772039554,0.49774029137223424
GO:0009860,pollen tube growth,0,168,146,20524,0.0,0.007113623075423894,0.0,0.0,1.0,1.0
GO:0006281,DNA repair,0,168,145,20524,0.0,0.007064899629701813,0.0,0.0,1.0,1.0
GO:0009617,response to bacterium,22,168,143,20524,0.13095238095238096,0.006967452738257649,18.794871794871796,25.19925280199253,5.428062260797276e-22,2.5457612003139226e-19
GO:0035556,intracellular signal transduction,2,168,142,20524,0.011904761904761904,0.006918729292535568,1.720657276995305,1.7397590361445783,0.32415876032124874,1.0
GO:0045944,positive regulation of transcription by RNA polymerase II,0,168,140,20524,0.0,0.0068212824010914054,0.0,0.0,1.0,1.0
GO:0048366,leaf development,0,168,139,20524,0.0,0.006772558955369323,0.0,0.0,1.0,1.0
GO:0006508,proteolysis,0,168,133,20524,0.0,0.006480218281036835,0.0,0.0,1.0,1.0
GO:0009751,response to salicylic acid,22,168,132,20524,0.13095238095238096,0.006431494835314753,20.36111111111111,27.734246575342464,8.655043029279217e-23,8.118430361463905e-20
GO:0010468,regulation of gene expression,0,168,130,20524,0.0,0.006334047943870591,0.0,0.0,1.0,1.0
GO:0009753,response to jasmonic acid,11,168,130,20524,0.06547619047619048,0.006334047943870591,10.337179487179487,11.91494941925815,9.978102175970155e-09,9.359459841060005e-07
GO:0010150,leaf senescence,11,168,126,20524,0.06547619047619048,0.006139154160982265,10.665343915343916,12.331819440598172,7.17453522065143e-09,7.477460041078934e-07
GO:0009723,response to ethylene,5,168,124,20524,0.02976190476190476,0.006041707269538101,4.926075268817204,5.216528329123061,0.003563169905908282,0.0711117738668504
GO:0009826,unidimensional cell growth,1,168,123,20524,0.005952380952380952,0.00599298382381602,0.9932249322493225,0.9931284971041523,0.6372327392241584,1.0
GO:0010228,vegetative to reproductive phase transition of meristem,0,168,118,20524,0.0,0.005749366595205613,0.0,0.0,1.0,1.0
GO:0043161,proteasome-mediated ubiquitin-dependent protein catabolic process,1,168,116,20524,0.005952380952380952,0.00565191970376145,1.0531609195402298,1.0539442853423588,0.6156194906647464,1.0
GO:0046777,protein autophosphorylation,0,168,114,20524,0.0,0.005554472812317287,0.0,0.0,1.0,1.0
GO:0007623,circadian rhythm,1,168,112,20524,0.005952380952380952,0.005457025920873124,1.0907738095238095,1.0921400442358526,0.6026992896577661,1.0
GO:0009738,abscisic acid-activated signaling pathway,2,168,110,20524,0.011904761904761904,0.005359579029428962,2.2212121212121207,2.258813029897367,0.2274075734622875,1.0
GO:0009620,response to fungus,10,168,108,20524,0.05952380952380952,0.005262132137984798,11.311728395061728,13.083182640144665,2.0044292390767435e-08,1.709231478412714e-06
GO:0006486,protein glycosylation,0,168,107,20524,0.0,0.005213408692262717,0.0,0.0,1.0,1.0
GO:0016036,cellular response to phosphate starvation,0,168,102,20524,0.0,0.00496979146365231,0.0,0.0,1.0,1.0
GO:0098542,defense response to other organism,0,168,100,20524,0.0,0.004872344572208147,0.0,0.0,1.0,1.0
GO:0009908,flower development,1,168,99,20524,0.005952380952380952,0.004823621126486065,1.234006734006734,1.2378100940975192,0.5576527982792969,1.0
GO:0006351,DNA-templated transcription,0,168,96,20524,0.0,0.004677450789319821,0.0,0.0,1.0,1.0
GO:0051301,cell division,0,168,93,20524,0.0,0.004531280452153576,0.0,0.0,1.0,1.0
GO:0045490,pectin catabolic process,2,168,92,20524,0.011904761904761904,0.004482557006431495,2.655797101449275,2.7129852744310576,0.17387853231677078,1.0
GO:0006364,rRNA processing,0,168,91,20524,0.0,0.004433833560709414,0.0,0.0,1.0,1.0
GO:0006888,endoplasmic reticulum to Golgi vesicle-mediated transport,0,168,90,20524,0.0,0.0043851101149873315,0.0,0.0,1.0,1.0
GO:0009845,seed germination,1,168,89,20524,0.005952380952380952,0.00433638666926525,1.3726591760299625,1.37915078933043,0.5195779192408915,1.0
GO:0030154,cell differentiation,0,168,88,20524,0.0,0.004287663223543169,0.0,0.0,1.0,1.0
GO:0009739,response to gibberellin,0,168,88,20524,0.0,0.004287663223543169,0.0,0.0,1.0,1.0
GO:0006338,chromatin remodeling,0,168,87,20524,0.0,0.004238939777821088,0.0,0.0,1.0,1.0
GO:0009624,response to nematode,6,168,86,20524,0.03571428571428571,0.004190216332099006,8.523255813953487,9.387037037037038,7.528140683124508e-05,0.0025219271288467104
GO:0009909,regulation of flower development,0,168,85,20524,0.0,0.004141492886376924,0.0,0.0,1.0,1.0
GO:0048367,shoot system development,0,168,83,20524,0.0,0.004044045994932762,0.0,0.0,1.0,1.0
GO:0006629,lipid metabolic process,2,168,81,20524,0.011904761904761904,0.003946599103488599,3.0164609053497937,3.0924203141680646,0.14234937885422663,1.0
GO:0009553,embryo sac development,0,168,79,20524,0.0,0.0038491522120444356,0.0,0.0,1.0,1.0
GO:0006397,mRNA processing,0,168,79,20524,0.0,0.0038491522120444356,0.0,0.0,1.0,1.0
GO:0006633,fatty acid biosynthetic process,0,168,78,20524,0.0,0.0038004287663223543,0.0,0.0,1.0,1.0
GO:0009626,plant-type hypersensitive response,7,168,77,20524,0.041666666666666664,0.003751705320600273,11.106060606060606,12.6,3.2277822154795123e-06,0.00015935051147998854
GO:0010224,response to UV-B,2,168,77,20524,0.011904761904761904,0.003751705320600273,3.1731601731601726,3.257991967871486,0.1312182285118739,0.9768468122550612
GO:0031146,SCF-dependent proteasomal ubiquitin-dependent protein catabolic process,0,168,77,20524,0.0,0.003751705320600273,0.0,0.0,1.0,1.0
GO:0002229,defense response to oomycetes,6,168,76,20524,0.03571428571428571,0.0037029818748781913,9.644736842105262,10.733333333333333,3.744458621639912e-05,0.0014634592446242658
GO:0009846,pollen germination,0,168,75,20524,0.0,0.00365425842915611,0.0,0.0,1.0,1.0
GO:0048316,seed development,1,168,75,20524,0.005952380952380952,0.00365425842915611,1.6288888888888888,1.6412040783298267,0.46074160518426743,1.0
GO:0040029,epigenetic regulation of gene expression,0,168,74,20524,0.0,0.0036055349834340283,0.0,0.0,1.0,1.0
GO:0034605,cellular response to heat,5,168,74,20524,0.02976190476190476,0.0036055349834340283,8.254504504504505,9.018849470970036,0.0003535469767998053,0.009753737183476982
GO:0008380,RNA splicing,0,168,73,20524,0.0,0.003556811537711947,0.0,0.0,1.0,1.0
GO:0042545,cell wall modification,3,168,73,20524,0.017857142857142856,0.003556811537711947,5.020547945205479,5.2690909090909095,0.022065128444222027,0.3089117982191084
GO:0000724,double-strand break repair via homologous recombination,0,168,71,20524,0.0,0.003459364646267784,0.0,0.0,1.0,1.0
GO:0045087,innate immune response,2,168,71,20524,0.011904761904761904,0.003459364646267784,3.44131455399061,3.542343286188231,0.11493691262816008,0.922329307595009
GO:0042542,response to hydrogen peroxide,1,168,69,20524,0.005952380952380952,0.003361917754823621,1.7705314009661834,1.7865445579429378,0.4333831567066694,1.0
GO:0006396,RNA processing,0,168,69,20524,0.0,0.003361917754823621,0.0,0.0,1.0,1.0
GO:0006950,response to stress,2,168,68,20524,0.011904761904761904,0.0033131943091015397,3.5931372549019605,3.7039065352318365,0.10700784321850737,0.902539557485271
GO:0009734,auxin-activated signaling pathway,0,168,67,20524,0.0,0.003264470863379458,0.0,0.0,1.0,1.0
GO:2000028,"regulation of photoperiodism, flowering",2,168,67,20524,0.011904761904761904,0.003264470863379458,3.646766169154229,3.7610750695088044,0.10439911506308776,0.902539557485271
GO:0009744,response to sucrose,2,168,67,20524,0.011904761904761904,0.003264470863379458,3.646766169154229,3.7610750695088044,0.10439911506308776,0.902539557485271
GO:0009735,response to cytokinin,1,168,67,20524,0.005952380952380952,0.003264470863379458,1.8233830845771144,1.840863727091272,0.42396050353864345,1.0
GO:0046686,response to cadmium ion,3,168,67,20524,0.017857142857142856,0.003264470863379458,5.470149253731344,5.764772727272727,0.01760680261477137,0.2621457278199293
GO:0019722,calcium-mediated signaling,1,168,66,20524,0.005952380952380952,0.0032157474176573767,1.851010101010101,1.8692768309534777,0.4191909305763219,1.0
GO:0009640,photomorphogenesis,0,168,66,20524,0.0,0.0032157474176573767,0.0,0.0,1.0,1.0
GO:1902600,proton transmembrane transport,0,168,65,20524,0.0,0.0031670239719352954,0.0,0.0,1.0,1.0
GO:0009742,brassinosteroid mediated signaling pathway,0,168,65,20524,0.0,0.0031670239719352954,0.0,0.0,1.0,1.0
GO:0009631,cold acclimation,2,168,65,20524,0.011904761904761904,0.0031670239719352954,3.7589743589743585,3.8808567603748325,0.09923586604284303,0.8950311764248726
GO:0009965,leaf morphogenesis,1,168,64,20524,0.005952380952380952,0.0031183005262132137,1.9088541666666665,1.9288090485695275,0.4095336991937894,1.0
GO:0010114,response to red light,0,168,63,20524,0.0,0.0030695770804911324,0.0,0.0,1.0,1.0
GO:0007018,microtubule-based movement,0,168,63,20524,0.0,0.0030695770804911324,0.0,0.0,1.0,1.0
GO:0010087,phloem or xylem histogenesis,0,168,63,20524,0.0,0.0030695770804911324,0.0,0.0,1.0,1.0
GO:0009058,biosynthetic process,2,168,63,20524,0.011904761904761904,0.0030695770804911324,3.878306878306878,4.00849298834683,0.0941480504046906,0.8573870998019396
GO:0009827,plant-type cell wall modification,0,168,63,20524,0.0,0.0030695770804911324,0.0,0.0,1.0,1.0
GO:0009834,plant-type secondary cell wall biogenesis,0,168,62,20524,0.0,0.0030208536347690507,0.0,0.0,1.0,1.0
GO:0042546,cell wall biogenesis,0,168,62,20524,0.0,0.0030208536347690507,0.0,0.0,1.0,1.0
GO:0009736,cytokinin-activated signaling pathway,0,168,62,20524,0.0,0.0030208536347690507,0.0,0.0,1.0,1.0
GO:0015979,photosynthesis,2,168,61,20524,0.011904761904761904,0.0029721301890469694,4.005464480874317,4.144782519910149,0.08913954780543387,0.8573870998019396
GO:0009788,negative regulation of abscisic acid-activated signaling pathway,0,168,60,20524,0.0,0.002923406743324888,0.0,0.0,1.0,1.0
GO:0010119,regulation of stomatal movement,1,168,60,20524,0.005952380952380952,0.002923406743324888,2.036111111111111,2.0599817314523494,0.38973781123266066,1.0
GO:0009664,plant-type cell wall organization,2,168,58,20524,0.011904761904761904,0.002825959851880725,4.212643678160919,4.367469879518072,0.08178425515131865,0.8448351246702485
GO:0000226,microtubule cytoskeleton organization,0,168,58,20524,0.0,0.002825959851880725,0.0,0.0,1.0,1.0
GO:0010311,lateral root formation,1,168,58,20524,0.005952380952380952,0.002825959851880725,2.1063218390804597,2.132471898308646,0.3795938686321811,1.0
GO:0006974,DNA damage response,0,168,57,20524,0.0,0.0027772364061586434,0.0,0.0,1.0,1.0
GO:0009867,jasmonic acid mediated signaling pathway,1,168,57,20524,0.005952380952380952,0.0027772364061586434,2.1432748538011697,2.1706586826347305,0.3744592201238902,1.0
GO:0006869,lipid transport,3,168,56,20524,0.017857142857142856,0.002728512960436562,6.544642857142857,6.965008576329331,0.010872874533041347,0.16997927186654638
GO:0000278,mitotic cell cycle,0,168,56,20524,0.0,0.002728512960436562,0.0,0.0,1.0,1.0
GO:0042538,hyperosmotic salinity response,0,168,56,20524,0.0,0.002728512960436562,0.0,0.0,1.0,1.0
GO:0048481,plant ovule development,0,168,56,20524,0.0,0.002728512960436562,0.0,0.0,1.0,1.0
GO:0036503,ERAD pathway,1,168,56,20524,0.005952380952380952,0.002728512960436562,2.181547619047619,2.2102340772999454,0.3692823309111226,1.0
GO:0032259,methylation,0,168,55,20524,0.0,0.002679789514714481,0.0,0.0,1.0,1.0
GO:2000280,regulation of root development,0,168,55,20524,0.0,0.002679789514714481,0.0,0.0,1.0,1.0
GO:0007166,cell surface receptor signaling pathway,2,168,55,20524,0.011904761904761904,0.002679789514714481,4.4424242424242415,4.61536712889293,0.07463032607460546,0.8412346986668174
GO:0048767,root hair elongation,1,168,55,20524,0.005952380952380952,0.002679789514714481,2.2212121212121207,2.2512752273231316,0.36406285559429397,1.0
GO:0000154,rRNA modification,0,168,55,20524,0.0,0.002679789514714481,0.0,0.0,1.0,1.0
GO:0048527,lateral root development,1,168,55,20524,0.005952380952380952,0.002679789514714481,2.2212121212121207,2.2512752273231316,0.36406285559429397,1.0
GO:0009627,systemic acquired resistance,13,168,55,20524,0.07738095238095238,0.002679789514714481,28.875757575757575,40.56559139784946,4.985238164597636e-16,1.5587177994641944e-13
GO:0010027,thylakoid membrane organization,0,168,54,20524,0.0,0.002631066068992399,0.0,0.0,1.0,1.0
GO:0010286,heat acclimation,0,168,54,20524,0.0,0.002631066068992399,0.0,0.0,1.0,1.0
GO:0009789,positive regulation of abscisic acid-activated signaling pathway,1,168,53,20524,0.005952380952380952,0.002582342623270318,2.3050314465408803,2.338093044679871,0.35349475099165467,1.0
GO:0009749,response to glucose,1,168,53,20524,0.005952380952380952,0.002582342623270318,2.3050314465408803,2.338093044679871,0.35349475099165467,1.0
GO:0006887,exocytosis,2,168,53,20524,0.011904761904761904,0.002582342623270318,4.610062893081761,4.796834396409166,0.06998003777404725,0.8005033589275161
GO:0015031,protein transport,0,168,53,20524,0.0,0.002582342623270318,0.0,0.0,1.0,1.0
GO:0051603,proteolysis involved in protein catabolic process,0,168,53,20524,0.0,0.002582342623270318,0.0,0.0,1.0,1.0
GO:0043622,cortical microtubule organization,0,168,53,20524,0.0,0.002582342623270318,0.0,0.0,1.0,1.0
GO:0048573,"photoperiodism, flowering",0,168,52,20524,0.0,0.002533619177548236,0.0,0.0,1.0,1.0
GO:0010029,regulation of seed germination,0,168,52,20524,0.0,0.002533619177548236,0.0,0.0,1.0,1.0
GO:0031347,regulation of defense response,5,168,52,20524,0.02976190476190476,0.002533619177548236,11.746794871794872,13.254797023887221,6.592781263429164e-05,0.0022903810463320577
GO:0035195,miRNA-mediated post-transcriptional gene silencing,1,168,52,20524,0.005952380952380952,0.002533619177548236,2.3493589743589745,2.3840554185746154,0.3481454167800019,1.0
GO:0009637,response to blue light,0,168,52,20524,0.0,0.002533619177548236,0.0,0.0,1.0,1.0
GO:0009873,ethylene-activated signaling pathway,1,168,51,20524,0.005952380952380952,0.002484895731826155,2.395424836601307,2.4318562874251497,0.34275208656670675,1.0
GO:0003333,amino acid transmembrane transport,1,168,50,20524,0.005952380952380952,0.0024361722861040735,2.443333333333333,2.481608212147134,0.337314400687814,1.0
GO:0006631,fatty acid metabolic process,1,168,50,20524,0.005952380952380952,0.0024361722861040735,2.443333333333333,2.481608212147134,0.337314400687814,1.0
GO:0009644,response to high light intensity,1,168,50,20524,0.005952380952380952,0.0024361722861040735,2.443333333333333,2.481608212147134,0.337314400687814,1.0
GO:0009646,response to absence of light,3,168,50,20524,0.017857142857142856,0.0024361722861040735,7.329999999999999,7.856479690522244,0.007966558483251847,0.1383820714313006
GO:0006096,glycolytic process,1,168,50,20524,0.005952380952380952,0.0024361722861040735,2.443333333333333,2.481608212147134,0.337314400687814,1.0
GO:0009567,double fertilization forming a zygote and endosperm,0,168,50,20524,0.0,0.0024361722861040735,0.0,0.0,1.0,1.0
GO:1990961,xenobiotic detoxification by transmembrane export across the plasma membrane,3,168,50,20524,0.017857142857142856,0.0024361722861040735,7.329999999999999,7.856479690522244,0.007966558483251847,0.1383820714313006
GO:0006413,translational initiation,0,168,50,20524,0.0,0.0024361722861040735,0.0,0.0,1.0,1.0
GO:0002181,cytoplasmic translation,0,168,49,20524,0.0,0.0023874488403819918,0.0,0.0,1.0,1.0
GO:0006606,protein import into nucleus,0,168,49,20524,0.0,0.0023874488403819918,0.0,0.0,1.0,1.0
GO:0009910,negative regulation of flower development,0,168,49,20524,0.0,0.0023874488403819918,0.0,0.0,1.0,1.0
GO:0051607,defense response to virus,2,168,48,20524,0.011904761904761904,0.0023387253946599105,5.090277777777777,5.319539025667889,0.058803378979694454,0.6809576479376963
GO:0000209,protein polyubiquitination,0,168,48,20524,0.0,0.0023387253946599105,0.0,0.0,1.0,1.0
GO:0051085,chaperone cofactor-dependent protein refolding,2,168,48,20524,0.011904761904761904,0.0023387253946599105,5.090277777777777,5.319539025667889,0.058803378979694454,0.6809576479376963
GO:0010218,response to far red light,0,168,48,20524,0.0,0.0023387253946599105,0.0,0.0,1.0,1.0
GO:0010073,meristem maintenance,0,168,48,20524,0.0,0.0023387253946599105,0.0,0.0,1.0,1.0
GO:0010043,response to zinc ion,0,168,48,20524,0.0,0.0023387253946599105,0.0,0.0,1.0,1.0
GO:0009630,gravitropism,1,168,47,20524,0.005952380952380952,0.0022900019489378288,2.599290780141844,2.6438427492840404,0.32073156844067247,1.0
GO:0034599,cellular response to oxidative stress,1,168,47,20524,0.005952380952380952,0.0022900019489378288,2.599290780141844,2.6438427492840404,0.32073156844067247,1.0
GO:0007015,actin filament organization,0,168,47,20524,0.0,0.0022900019489378288,0.0,0.0,1.0,1.0
GO:0006749,glutathione metabolic process,4,168,47,20524,0.023809523809523808,0.0022900019489378288,10.397163120567376,11.5218377765173,0.0005872332640581059,0.013770620042162585
GO:0009407,toxin catabolic process,4,168,46,20524,0.023809523809523808,0.0022412785032157475,10.6231884057971,11.796747967479675,0.0005406786208791503,0.013333039571548706
GO:0000911,cytokinesis by cell plate formation,0,168,46,20524,0.0,0.0022412785032157475,0.0,0.0,1.0,1.0
GO:0001666,response to hypoxia,0,168,46,20524,0.0,0.0022412785032157475,0.0,0.0,1.0,1.0
GO:0007005,mitochondrion organization,0,168,46,20524,0.0,0.0022412785032157475,0.0,0.0,1.0,1.0
GO:0006099,tricarboxylic acid cycle,0,168,46,20524,0.0,0.0022412785032157475,0.0,0.0,1.0,1.0
GO:0048868,pollen tube development,0,168,46,20524,0.0,0.0022412785032157475,0.0,0.0,1.0,1.0
GO:0010411,xyloglucan metabolic process,0,168,45,20524,0.0,0.0021925550574936658,0.0,0.0,1.0,1.0
GO:0009625,response to insect,4,168,45,20524,0.023809523809523808,0.0021925550574936658,10.85925925925926,12.085068411659726,0.0004968088145881353,0.012594774813072186
GO:0010183,pollen tube guidance,0,168,45,20524,0.0,0.0021925550574936658,0.0,0.0,1.0,1.0
GO:0006499,N-terminal protein myristoylation,0,168,45,20524,0.0,0.0021925550574936658,0.0,0.0,1.0,1.0
GO:0006897,endocytosis,1,168,45,20524,0.005952380952380952,0.0021925550574936658,2.714814814814815,2.7642896026129558,0.30944784217819793,1.0
GO:1902531,regulation of intracellular signal transduction,0,168,45,20524,0.0,0.0021925550574936658,0.0,0.0,1.0,1.0
GO:0006260,DNA replication,0,168,44,20524,0.0,0.0021438316117715845,0.0,0.0,1.0,1.0
GO:1902074,response to salt,1,168,44,20524,0.005952380952380952,0.0021438316117715845,2.7765151515151514,2.828714663695864,0.3037363040473363,1.0
GO:0009926,auxin polar transport,1,168,44,20524,0.005952380952380952,0.0021438316117715845,2.7765151515151514,2.828714663695864,0.3037363040473363,1.0
GO:0009615,response to virus,6,168,43,20524,0.03571428571428571,0.002095108166049503,17.046511627906973,20.33933933933934,1.3048345092846265e-06,7.649592310681122e-05
GO:0006520,amino acid metabolic process,2,168,43,20524,0.011904761904761904,0.002095108166049503,5.682170542635658,5.969732588892154,0.04832691328203635,0.5811621110070525
GO:0009741,response to brassinosteroid,0,168,43,20524,0.0,0.002095108166049503,0.0,0.0,1.0,1.0
GO:0000122,negative regulation of transcription by RNA polymerase II,0,168,43,20524,0.0,0.002095108166049503,0.0,0.0,1.0,1.0
GO:0006470,protein dephosphorylation,0,168,43,20524,0.0,0.002095108166049503,0.0,0.0,1.0,1.0
GO:0043086,negative regulation of catalytic activity,0,168,43,20524,0.0,0.002095108166049503,0.0,0.0,1.0,1.0
GO:2000022,regulation of jasmonic acid mediated signaling pathway,6,168,42,20524,0.03571428571428571,0.0020463847203274215,17.452380952380953,20.905349794238685,1.1303861746028095e-06,7.068681545182902e-05
GO:0009911,positive regulation of flower development,0,168,42,20524,0.0,0.0020463847203274215,0.0,0.0,1.0,1.0
GO:0090333,regulation of stomatal closure,3,168,42,20524,0.017857142857142856,0.0020463847203274215,8.726190476190476,9.471794871794872,0.0048936477579285525,0.09000473719484278
GO:0016311,dephosphorylation,2,168,42,20524,0.011904761904761904,0.0020463847203274215,5.817460317460317,6.119277108433735,0.046322378443344185,0.5717156707875901
GO:0009740,gibberellic acid mediated signaling pathway,0,168,42,20524,0.0,0.0020463847203274215,0.0,0.0,1.0,1.0
GO:0010082,regulation of root meristem growth,0,168,42,20524,0.0,0.0020463847203274215,0.0,0.0,1.0,1.0
GO:0015995,chlorophyll biosynthetic process,0,168,42,20524,0.0,0.0020463847203274215,0.0,0.0,1.0,1.0
GO:0006955,immune response,6,168,42,20524,0.03571428571428571,0.0020463847203274215,17.452380952380953,20.905349794238685,1.1303861746028095e-06,7.068681545182902e-05
GO:0045454,cell redox homeostasis,0,168,41,20524,0.0,0.00199766127460534,0.0,0.0,1.0,1.0
GO:0009809,lignin biosynthetic process,1,168,41,20524,0.005952380952380952,0.00199766127460534,2.9796747967479673,3.041317365269461,0.28631841283310866,1.0
GO:0080188,gene silencing by siRNA-directed DNA methylation,0,168,41,20524,0.0,0.00199766127460534,0.0,0.0,1.0,1.0
GO:0071215,cellular response to abscisic acid stimulus,2,168,41,20524,0.011904761904761904,0.00199766127460534,5.959349593495935,6.276490577695397,0.044349581744038725,0.5546654356787777
GO:0048510,regulation of timing of transition from vegetative to reproductive phase,0,168,41,20524,0.0,0.00199766127460534,0.0,0.0,1.0,1.0
GO:0030244,cellulose biosynthetic process,1,168,41,20524,0.005952380952380952,0.00199766127460534,2.9796747967479673,3.041317365269461,0.28631841283310866,1.0
GO:0048653,anther development,0,168,40,20524,0.0,0.0019489378288832587,0.0,0.0,1.0,1.0
GO:0010090,trichome morphogenesis,0,168,40,20524,0.0,0.0019489378288832587,0.0,0.0,1.0,1.0
GO:0051726,regulation of cell cycle,0,168,40,20524,0.0,0.0019489378288832587,0.0,0.0,1.0,1.0
GO:0000045,autophagosome assembly,0,168,40,20524,0.0,0.0019489378288832587,0.0,0.0,1.0,1.0
GO:0002237,response to molecule of bacterial origin,6,168,40,20524,0.03571428571428571,0.0019489378288832587,18.325,22.137254901960784,8.383810469030668e-07,6.049241707654435e-05
GO:0080022,primary root development,1,168,40,20524,0.005952380952380952,0.0019489378288832587,3.0541666666666663,3.1194534008905266,0.2804167340260585,1.0
GO:0045814,"negative regulation of gene expression, epigenetic",0,168,40,20524,0.0,0.0019489378288832587,0.0,0.0,1.0,1.0
GO:0042631,cellular response to water deprivation,3,168,40,20524,0.017857142857142856,0.0019489378288832587,9.1625,9.984766584766584,0.004262133860664972,0.07995763122607488
GO:0008285,negative regulation of cell population proliferation,0,168,40,20524,0.0,0.0019489378288832587,0.0,0.0,1.0,1.0
GO:2000012,regulation of auxin polar transport,0,168,39,20524,0.0,0.0019002143831611772,0.0,0.0,1.0,1.0
GO:0000082,G1/S transition of mitotic cell cycle,0,168,39,20524,0.0,0.0019002143831611772,0.0,0.0,1.0,1.0
GO:0007030,Golgi organization,0,168,39,20524,0.0,0.0019002143831611772,0.0,0.0,1.0,1.0
GO:0006906,vesicle fusion,0,168,39,20524,0.0,0.0019002143831611772,0.0,0.0,1.0,1.0
GO:0009266,response to temperature stimulus,1,168,39,20524,0.005952380952380952,0.0019002143831611772,3.1324786324786325,3.2017018594390168,0.2744665450865678,1.0
GO:0006874,intracellular calcium ion homeostasis,2,168,39,20524,0.011904761904761904,0.0019002143831611772,6.264957264957265,6.616411592315207,0.04050182431716134,0.5133879893175315
GO:0031507,heterochromatin formation,0,168,38,20524,0.0,0.0018514909374390957,0.0,0.0,1.0,1.0
GO:0006623,protein targeting to vacuole,2,168,38,20524,0.011904761904761904,0.0018514909374390957,6.4298245614035086,6.800535475234271,0.038628195721464406,0.49774029137223424
GO:0042752,regulation of circadian rhythm,0,168,38,20524,0.0,0.0018514909374390957,0.0,0.0,1.0,1.0
GO:0048825,cotyledon development,0,168,38,20524,0.0,0.0018514909374390957,0.0,0.0,1.0,1.0
GO:0006289,nucleotide-excision repair,0,168,38,20524,0.0,0.0018514909374390957,0.0,0.0,1.0,1.0
GO:0010078,maintenance of root meristem identity,0,168,38,20524,0.0,0.0018514909374390957,0.0,0.0,1.0,1.0
GO:0007131,reciprocal meiotic recombination,0,168,38,20524,0.0,0.0018514909374390957,0.0,0.0,1.0,1.0
GO:0072583,clathrin-dependent endocytosis,0,168,38,20524,0.0,0.0018514909374390957,0.0,0.0,1.0,1.0
GO:0071805,potassium ion transmembrane transport,0,168,37,20524,0.0,0.0018027674917170142,0.0,0.0,1.0,1.0
GO:0009853,photorespiration,0,168,37,20524,0.0,0.0018027674917170142,0.0,0.0,1.0,1.0
GO:0010118,stomatal movement,1,168,37,20524,0.005952380952380952,0.0018027674917170142,3.3018018018018016,3.3799068529607452,0.2624190482622042,1.0
GO:0010089,xylem development,0,168,37,20524,0.0,0.0018027674917170142,0.0,0.0,1.0,1.0
GO:0071472,cellular response to salt stress,1,168,37,20524,0.005952380952380952,0.0018027674917170142,3.3018018018018016,3.3799068529607452,0.2624190482622042,1.0
GO:0048544,recognition of pollen,2,168,37,20524,0.011904761904761904,0.0018027674917170142,6.603603603603603,6.995180722891567,0.036788969718791975,0.48602892389051927
GO:0000302,response to reactive oxygen species,5,168,37,20524,0.02976190476190476,0.0018027674917170142,16.50900900900901,19.482361963190183,1.220842410721482e-05,0.0005205228096621591
GO:0030968,endoplasmic reticulum unfolded protein response,0,168,37,20524,0.0,0.0018027674917170142,0.0,0.0,1.0,1.0
GO:0006995,cellular response to nitrogen starvation,1,168,37,20524,0.005952380952380952,0.0018027674917170142,3.3018018018018016,3.3799068529607452,0.2624190482622042,1.0
GO:0006812,monoatomic cation transport,0,168,36,20524,0.0,0.0017540440459949329,0.0,0.0,1.0,1.0
GO:0009411,response to UV,1,168,36,20524,0.005952380952380952,0.0017540440459949329,3.393518518518518,3.4766467065868265,0.2563209380313011,1.0
GO:0042026,protein refolding,2,168,36,20524,0.011904761904761904,0.0017540440459949329,6.787037037037036,7.201275690999291,0.03498483415911535,0.4687967777321458
GO:0009958,positive gravitropism,0,168,36,20524,0.0,0.0017540440459949329,0.0,0.0,1.0,1.0
GO:0019760,glucosinolate metabolic process,1,168,36,20524,0.005952380952380952,0.0017540440459949329,3.393518518518518,3.4766467065868265,0.2563209380313011,1.0
GO:0006890,"retrograde vesicle-mediated transport, Golgi to endoplasmic reticulum",0,168,36,20524,0.0,0.0017540440459949329,0.0,0.0,1.0,1.0
GO:1900150,regulation of defense response to fungus,5,168,36,20524,0.02976190476190476,0.0017540440459949329,16.96759259259259,20.11181476350683,1.0628663587579406e-05,0.00047474697357854684
GO:0070588,calcium ion transmembrane transport,2,168,36,20524,0.011904761904761904,0.0017540440459949329,6.787037037037036,7.201275690999291,0.03498483415911535,0.4687967777321458
GO:0016226,iron-sulfur cluster assembly,0,168,36,20524,0.0,0.0017540440459949329,0.0,0.0,1.0,1.0
GO:0006885,regulation of pH,0,168,36,20524,0.0,0.0017540440459949329,0.0,0.0,1.0,1.0
GO:0045489,pectin biosynthetic process,0,168,36,20524,0.0,0.0017540440459949329,0.0,0.0,1.0,1.0
GO:0080092,regulation of pollen tube growth,0,168,36,20524,0.0,0.0017540440459949329,0.0,0.0,1.0,1.0
GO:0010305,leaf vascular tissue pattern formation,0,168,35,20524,0.0,0.0017053206002728514,0.0,0.0,1.0,1.0
GO:0051302,regulation of cell division,0,168,35,20524,0.0,0.0017053206002728514,0.0,0.0,1.0,1.0
GO:0006816,calcium ion transport,1,168,35,20524,0.005952380952380952,0.0017053206002728514,3.49047619047619,3.5790771398379713,0.2501727129237406,1.0
GO:0009561,megagametogenesis,0,168,35,20524,0.0,0.0017053206002728514,0.0,0.0,1.0,1.0
GO:0010154,fruit development,0,168,35,20524,0.0,0.0017053206002728514,0.0,0.0,1.0,1.0
GO:0002213,defense response to insect,2,168,35,20524,0.011904761904761904,0.0017053206002728514,6.98095238095238,7.419861263234758,0.033216485780329166,0.4581921126757171
GO:0010214,seed coat development,0,168,35,20524,0.0,0.0017053206002728514,0.0,0.0,1.0,1.0
GO:0009832,plant-type cell wall biogenesis,0,168,35,20524,0.0,0.0017053206002728514,0.0,0.0,1.0,1.0
GO:0006612,protein targeting to membrane,0,168,35,20524,0.0,0.0017053206002728514,0.0,0.0,1.0,1.0
GO:0009639,response to red or far red light,0,168,35,20524,0.0,0.0017053206002728514,0.0,0.0,1.0,1.0
GO:0045492,xylan biosynthetic process,0,168,35,20524,0.0,0.0017053206002728514,0.0,0.0,1.0,1.0
GO:0009828,plant-type cell wall loosening,0,168,35,20524,0.0,0.0017053206002728514,0.0,0.0,1.0,1.0
GO:0012501,programmed cell death,3,168,35,20524,0.017857142857142856,0.0017053206002728514,10.47142857142857,11.547727272727272,0.0029090149905764444,0.05931861002523271
GO:0006891,intra-Golgi vesicle-mediated transport,0,168,34,20524,0.0,0.0016565971545507699,0.0,0.0,1.0,1.0
GO:0008104,protein localization,0,168,34,20524,0.0,0.0016565971545507699,0.0,0.0,1.0,1.0
GO:0019252,starch biosynthetic process,0,168,34,20524,0.0,0.0016565971545507699,0.0,0.0,1.0,1.0
GO:0007017,microtubule-based process,0,168,34,20524,0.0,0.0016565971545507699,0.0,0.0,1.0,1.0
GO:2000377,regulation of reactive oxygen species metabolic process,0,168,33,20524,0.0,0.0016078737088286884,0.0,0.0,1.0,1.0
GO:0006635,fatty acid beta-oxidation,0,168,33,20524,0.0,0.0016078737088286884,0.0,0.0,1.0,1.0
GO:0090351,seedling development,0,168,33,20524,0.0,0.0016078737088286884,0.0,0.0,1.0,1.0
GO:0009960,endosperm development,0,168,33,20524,0.0,0.0016078737088286884,0.0,0.0,1.0,1.0
GO:0051225,spindle assembly,0,168,33,20524,0.0,0.0016078737088286884,0.0,0.0,1.0,1.0
GO:0034976,response to endoplasmic reticulum stress,0,168,33,20524,0.0,0.0016078737088286884,0.0,0.0,1.0,1.0
GO:0080147,root hair cell development,0,168,33,20524,0.0,0.0016078737088286884,0.0,0.0,1.0,1.0
GO:0010584,pollen exine formation,0,168,32,20524,0.0,0.0015591502631066068,0.0,0.0,1.0,1.0
GO:0048235,pollen sperm cell differentiation,0,168,32,20524,0.0,0.0015591502631066068,0.0,0.0,1.0,1.0
GO:0045292,"mRNA cis splicing, via spliceosome",1,168,32,20524,0.005952380952380952,0.0015591502631066068,3.817708333333333,3.9260189298821713,0.23142323806909662,1.0
GO:0006352,DNA-templated transcription initiation,0,168,32,20524,0.0,0.0015591502631066068,0.0,0.0,1.0,1.0
GO:0042147,"retrograde transport, endosome to Golgi",0,168,32,20524,0.0,0.0015591502631066068,0.0,0.0,1.0,1.0
GO:0070417,cellular response to cold,1,168,32,20524,0.005952380952380952,0.0015591502631066068,3.817708333333333,3.9260189298821713,0.23142323806909662,1.0
GO:0045088,regulation of innate immune response,0,168,32,20524,0.0,0.0015591502631066068,0.0,0.0,1.0,1.0
GO:0010193,response to ozone,3,168,32,20524,0.017857142857142856,0.0015591502631066068,11.453125,12.744200626959248,0.002244449644490662,0.04678430592293869
GO:0009825,multidimensional cell growth,1,168,32,20524,0.005952380952380952,0.0015591502631066068,3.817708333333333,3.9260189298821713,0.23142323806909662,1.0
GO:0051321,meiotic cell cycle,0,168,32,20524,0.0,0.0015591502631066068,0.0,0.0,1.0,1.0
GO:0042254,ribosome biogenesis,0,168,32,20524,0.0,0.0015591502631066068,0.0,0.0,1.0,1.0
GO:0009791,post-embryonic development,1,168,32,20524,0.005952380952380952,0.0015591502631066068,3.817708333333333,3.9260189298821713,0.23142323806909662,1.0
GO:0019762,glucosinolate catabolic process,1,168,31,20524,0.005952380952380952,0.0015104268173845253,3.9408602150537635,4.057085828343314,0.22507042645756434,1.0
GO:0006334,nucleosome assembly,0,168,31,20524,0.0,0.0015104268173845253,0.0,0.0,1.0,1.0
GO:0002221,pattern recognition receptor signaling pathway,1,168,31,20524,0.005952380952380952,0.0015104268173845253,3.9408602150537635,4.057085828343314,0.22507042645756434,1.0
GO:0010197,polar nucleus fusion,1,168,31,20524,0.005952380952380952,0.0015104268173845253,3.9408602150537635,4.057085828343314,0.22507042645756434,1.0
GO:0010091,trichome branching,0,168,31,20524,0.0,0.0015104268173845253,0.0,0.0,1.0,1.0
GO:0080156,mitochondrial mRNA modification,0,168,31,20524,0.0,0.0015104268173845253,0.0,0.0,1.0,1.0
GO:0019761,glucosinolate biosynthetic process,0,168,31,20524,0.0,0.0015104268173845253,0.0,0.0,1.0,1.0
GO:0045037,protein import into chloroplast stroma,0,168,31,20524,0.0,0.0015104268173845253,0.0,0.0,1.0,1.0
GO:0010182,sugar mediated signaling pathway,0,168,30,20524,0.0,0.001461703371662444,0.0,0.0,1.0,1.0
GO:1900426,positive regulation of defense response to bacterium,4,168,30,20524,0.023809523809523808,0.001461703371662444,16.288888888888888,19.07129455909944,0.00010053293335878434,0.003041931983565797
GO:0010629,negative regulation of gene expression,0,168,30,20524,0.0,0.001461703371662444,0.0,0.0,1.0,1.0
GO:0006310,DNA recombination,0,168,30,20524,0.0,0.001461703371662444,0.0,0.0,1.0,1.0
GO:0010051,xylem and phloem pattern formation,0,168,30,20524,0.0,0.001461703371662444,0.0,0.0,1.0,1.0
GO:0010187,negative regulation of seed germination,0,168,30,20524,0.0,0.001461703371662444,0.0,0.0,1.0,1.0
GO:0006366,transcription by RNA polymerase II,0,168,30,20524,0.0,0.001461703371662444,0.0,0.0,1.0,1.0
GO:0010431,seed maturation,0,168,29,20524,0.0,0.0014129799259403625,0.0,0.0,1.0,1.0
GO:0010025,wax biosynthetic process,0,168,29,20524,0.0,0.0014129799259403625,0.0,0.0,1.0,1.0
GO:0000028,ribosomal small subunit assembly,0,168,29,20524,0.0,0.0014129799259403625,0.0,0.0,1.0,1.0
GO:0010026,trichome differentiation,0,168,29,20524,0.0,0.0014129799259403625,0.0,0.0,1.0,1.0
GO:0050821,protein stabilization,1,168,29,20524,0.005952380952380952,0.0014129799259403625,4.212643678160919,4.347305389221557,0.21220779139776177,1.0
GO:0060586,multicellular organismal-level iron ion homeostasis,1,168,29,20524,0.005952380952380952,0.0014129799259403625,4.212643678160919,4.347305389221557,0.21220779139776177,1.0
GO:0006400,tRNA modification,0,168,29,20524,0.0,0.0014129799259403625,0.0,0.0,1.0,1.0
GO:0007034,vacuolar transport,0,168,29,20524,0.0,0.0014129799259403625,0.0,0.0,1.0,1.0
GO:0030422,siRNA processing,0,168,29,20524,0.0,0.0014129799259403625,0.0,0.0,1.0,1.0
GO:0055046,microgametogenesis,0,168,28,20524,0.0,0.001364256480218281,0.0,0.0,1.0,1.0
GO:2000067,regulation of root morphogenesis,0,168,28,20524,0.0,0.001364256480218281,0.0,0.0,1.0,1.0
GO:0009755,hormone-mediated signaling pathway,2,168,28,20524,0.011904761904761904,0.001364256480218281,8.726190476190476,9.420759962928638,0.02190052655768831,0.3089117982191084
GO:0009833,plant-type primary cell wall biogenesis,1,168,28,20524,0.005952380952380952,0.001364256480218281,4.363095238095238,4.508538478598359,0.205697111987826,1.0
GO:0009863,salicylic acid mediated signaling pathway,2,168,28,20524,0.011904761904761904,0.001364256480218281,8.726190476190476,9.420759962928638,0.02190052655768831,0.3089117982191084
GO:0006367,transcription initiation at RNA polymerase II promoter,0,168,28,20524,0.0,0.001364256480218281,0.0,0.0,1.0,1.0
GO:0000160,phosphorelay signal transduction system,0,168,28,20524,0.0,0.001364256480218281,0.0,0.0,1.0,1.0
GO:0030150,protein import into mitochondrial matrix,0,168,28,20524,0.0,0.001364256480218281,0.0,0.0,1.0,1.0
GO:1990110,callus formation,0,168,28,20524,0.0,0.001364256480218281,0.0,0.0,1.0,1.0
GO:0010628,positive regulation of gene expression,0,168,28,20524,0.0,0.001364256480218281,0.0,0.0,1.0,1.0
GO:0030163,protein catabolic process,0,168,28,20524,0.0,0.001364256480218281,0.0,0.0,1.0,1.0
GO:0019915,lipid storage,0,168,28,20524,0.0,0.001364256480218281,0.0,0.0,1.0,1.0
GO:0016102,diterpenoid biosynthetic process,0,168,28,20524,0.0,0.001364256480218281,0.0,0.0,1.0,1.0
GO:0010017,red or far-red light signaling pathway,0,168,28,20524,0.0,0.001364256480218281,0.0,0.0,1.0,1.0
GO:0009695,jasmonic acid biosynthetic process,0,168,28,20524,0.0,0.001364256480218281,0.0,0.0,1.0,1.0
GO:0099402,plant organ development,0,168,28,20524,0.0,0.001364256480218281,0.0,0.0,1.0,1.0
GO:0098662,inorganic cation transmembrane transport,0,168,28,20524,0.0,0.001364256480218281,0.0,0.0,1.0,1.0
GO:0006833,water transport,0,168,27,20524,0.0,0.0013155330344961995,0.0,0.0,1.0,1.0
GO:0046856,phosphatidylinositol dephosphorylation,0,168,27,20524,0.0,0.0013155330344961995,0.0,0.0,1.0,1.0
GO:0016132,brassinosteroid biosynthetic process,0,168,27,20524,0.0,0.0013155330344961995,0.0,0.0,1.0,1.0
GO:0006406,mRNA export from nucleus,0,168,27,20524,0.0,0.0013155330344961995,0.0,0.0,1.0,1.0
GO:0042127,regulation of cell population proliferation,0,168,27,20524,0.0,0.0013155330344961995,0.0,0.0,1.0,1.0
GO:0000373,Group II intron splicing,0,168,27,20524,0.0,0.0013155330344961995,0.0,0.0,1.0,1.0
GO:0042761,very long-chain fatty acid biosynthetic process,0,168,27,20524,0.0,0.0013155330344961995,0.0,0.0,1.0,1.0
GO:0015986,proton motive force-driven ATP synthesis,0,168,27,20524,0.0,0.0013155330344961995,0.0,0.0,1.0,1.0
GO:0006302,double-strand break repair,0,168,27,20524,0.0,0.0013155330344961995,0.0,0.0,1.0,1.0
GO:0010162,seed dormancy process,0,168,27,20524,0.0,0.0013155330344961995,0.0,0.0,1.0,1.0
GO:0007033,vacuole organization,0,168,27,20524,0.0,0.0013155330344961995,0.0,0.0,1.0,1.0
GO:0000462,"maturation of SSU-rRNA from tricistronic rRNA transcript (SSU-rRNA, 5.8S rRNA, LSU-rRNA)",0,168,27,20524,0.0,0.0013155330344961995,0.0,0.0,1.0,1.0
GO:0051510,regulation of unidimensional cell growth,0,168,27,20524,0.0,0.0013155330344961995,0.0,0.0,1.0,1.0
GO:0006284,base-excision repair,0,168,27,20524,0.0,0.0013155330344961995,0.0,0.0,1.0,1.0
GO:0061025,membrane fusion,0,168,27,20524,0.0,0.0013155330344961995,0.0,0.0,1.0,1.0
GO:0048768,root hair cell tip growth,0,168,27,20524,0.0,0.0013155330344961995,0.0,0.0,1.0,1.0
GO:0009686,gibberellin biosynthetic process,0,168,27,20524,0.0,0.0013155330344961995,0.0,0.0,1.0,1.0
GO:0010167,response to nitrate,0,168,27,20524,0.0,0.0013155330344961995,0.0,0.0,1.0,1.0
GO:0010088,phloem development,0,168,27,20524,0.0,0.0013155330344961995,0.0,0.0,1.0,1.0
GO:0010227,floral organ abscission,0,168,27,20524,0.0,0.0013155330344961995,0.0,0.0,1.0,1.0
GO:0042744,hydrogen peroxide catabolic process,0,168,27,20524,0.0,0.0013155330344961995,0.0,0.0,1.0,1.0
GO:0016126,sterol biosynthetic process,0,168,27,20524,0.0,0.0013155330344961995,0.0,0.0,1.0,1.0
GO:0031348,negative regulation of defense response,2,168,26,20524,0.011904761904761904,0.001266809588774118,9.397435897435898,10.206827309236948,0.01903126313527284,0.27892695032634257
GO:0009294,DNA-mediated transformation,0,168,26,20524,0.0,0.001266809588774118,0.0,0.0,1.0,1.0
GO:0031047,regulatory ncRNA-mediated gene silencing,0,168,26,20524,0.0,0.001266809588774118,0.0,0.0,1.0,1.0
GO:0008284,positive regulation of cell population proliferation,0,168,26,20524,0.0,0.001266809588774118,0.0,0.0,1.0,1.0
GO:0009556,microsporogenesis,0,168,26,20524,0.0,0.001266809588774118,0.0,0.0,1.0,1.0
GO:0010039,response to iron ion,1,168,26,20524,0.005952380952380952,0.001266809588774118,4.698717948717949,4.869700598802395,0.1925148633873124,1.0
GO:0010262,somatic embryogenesis,0,168,26,20524,0.0,0.001266809588774118,0.0,0.0,1.0,1.0
GO:0010268,brassinosteroid homeostasis,0,168,26,20524,0.0,0.001266809588774118,0.0,0.0,1.0,1.0
GO:0071365,cellular response to auxin stimulus,0,168,26,20524,0.0,0.001266809588774118,0.0,0.0,1.0,1.0
GO:0010374,stomatal complex development,0,168,26,20524,0.0,0.001266809588774118,0.0,0.0,1.0,1.0
GO:0045168,cell-cell signaling involved in cell fate commitment,0,168,26,20524,0.0,0.001266809588774118,0.0,0.0,1.0,1.0
GO:0046854,phosphatidylinositol phosphate biosynthetic process,0,168,26,20524,0.0,0.001266809588774118,0.0,0.0,1.0,1.0
GO:0042273,ribosomal large subunit biogenesis,0,168,26,20524,0.0,0.001266809588774118,0.0,0.0,1.0,1.0
GO:0006900,vesicle budding from membrane,0,168,26,20524,0.0,0.001266809588774118,0.0,0.0,1.0,1.0
GO:0032502,developmental process,0,168,25,20524,0.0,0.0012180861430520367,0.0,0.0,1.0,1.0
GO:0032981,mitochondrial respiratory chain complex I assembly,0,168,25,20524,0.0,0.0012180861430520367,0.0,0.0,1.0,1.0
GO:0006402,mRNA catabolic process,0,168,25,20524,0.0,0.0012180861430520367,0.0,0.0,1.0,1.0
GO:0006879,intracellular iron ion homeostasis,0,168,25,20524,0.0,0.0012180861430520367,0.0,0.0,1.0,1.0
GO:0016579,protein deubiquitination,0,168,25,20524,0.0,0.0012180861430520367,0.0,0.0,1.0,1.0
GO:0048278,vesicle docking,0,168,25,20524,0.0,0.0012180861430520367,0.0,0.0,1.0,1.0
GO:0006914,autophagy,0,168,25,20524,0.0,0.0012180861430520367,0.0,0.0,1.0,1.0
GO:0006813,potassium ion transport,0,168,25,20524,0.0,0.0012180861430520367,0.0,0.0,1.0,1.0
GO:0006817,phosphate ion transport,0,168,25,20524,0.0,0.0012180861430520367,0.0,0.0,1.0,1.0
GO:2000652,regulation of secondary cell wall biogenesis,0,168,25,20524,0.0,0.0012180861430520367,0.0,0.0,1.0,1.0
GO:0019432,triglyceride biosynthetic process,0,168,25,20524,0.0,0.0012180861430520367,0.0,0.0,1.0,1.0
GO:0006487,protein N-linked glycosylation,0,168,25,20524,0.0,0.0012180861430520367,0.0,0.0,1.0,1.0
GO:0007267,cell-cell signaling,0,168,25,20524,0.0,0.0012180861430520367,0.0,0.0,1.0,1.0
GO:0010207,photosystem II assembly,0,168,25,20524,0.0,0.0012180861430520367,0.0,0.0,1.0,1.0
GO:0010555,response to mannitol,1,168,25,20524,0.005952380952380952,0.0012180861430520367,4.886666666666666,5.0728542914171655,0.1858424172237726,1.0
GO:0010030,positive regulation of seed germination,1,168,25,20524,0.005952380952380952,0.0012180861430520367,4.886666666666666,5.0728542914171655,0.1858424172237726,1.0
GO:0009638,phototropism,0,168,24,20524,0.0,0.0011693626973299552,0.0,0.0,1.0,1.0
GO:0009269,response to desiccation,0,168,24,20524,0.0,0.0011693626973299552,0.0,0.0,1.0,1.0
GO:0009959,negative gravitropism,0,168,24,20524,0.0,0.0011693626973299552,0.0,0.0,1.0,1.0
GO:0010075,regulation of meristem growth,0,168,24,20524,0.0,0.0011693626973299552,0.0,0.0,1.0,1.0
GO:0002239,response to oomycetes,4,168,24,20524,0.023809523809523808,0.0011693626973299552,20.361111111111107,24.8,4.050185496081991e-05,0.001519629598129963
GO:0048229,gametophyte development,0,168,24,20524,0.0,0.0011693626973299552,0.0,0.0,1.0,1.0
GO:0050826,response to freezing,1,168,24,20524,0.005952380952380952,0.0011693626973299552,5.090277777777777,5.293673522520177,0.17911516590041993,1.0
GO:0010020,chloroplast fission,0,168,24,20524,0.0,0.0011693626973299552,0.0,0.0,1.0,1.0
GO:0009903,chloroplast avoidance movement,0,168,24,20524,0.0,0.0011693626973299552,0.0,0.0,1.0,1.0
GO:0009813,flavonoid biosynthetic process,1,168,24,20524,0.005952380952380952,0.0011693626973299552,5.090277777777777,5.293673522520177,0.17911516590041993,1.0
GO:0032875,regulation of DNA endoreduplication,0,168,24,20524,0.0,0.0011693626973299552,0.0,0.0,1.0,1.0
GO:0010608,post-transcriptional regulation of gene expression,0,168,24,20524,0.0,0.0011693626973299552,0.0,0.0,1.0,1.0
GO:1901259,chloroplast rRNA processing,0,168,24,20524,0.0,0.0011693626973299552,0.0,0.0,1.0,1.0
GO:2000031,regulation of salicylic acid mediated signaling pathway,3,168,24,20524,0.017857142857142856,0.0011693626973299552,15.270833333333332,17.606060606060606,0.0009608626796848601,0.021982663257180457
GO:0019748,secondary metabolic process,0,168,24,20524,0.0,0.0011693626973299552,0.0,0.0,1.0,1.0
GO:0006506,GPI anchor biosynthetic process,0,168,24,20524,0.0,0.0011693626973299552,0.0,0.0,1.0,1.0
GO:0045036,protein targeting to chloroplast,0,168,24,20524,0.0,0.0011693626973299552,0.0,0.0,1.0,1.0
GO:0080155,regulation of double fertilization forming a zygote and endosperm,0,168,23,20524,0.0,0.0011206392516078737,0.0,0.0,1.0,1.0
GO:0031408,oxylipin biosynthetic process,1,168,23,20524,0.005952380952380952,0.0011206392516078737,5.31159420289855,5.534567229178007,0.17233266198418865,1.0
GO:0009944,polarity specification of adaxial/abaxial axis,0,168,23,20524,0.0,0.0011206392516078737,0.0,0.0,1.0,1.0
GO:0160062,cutin-based cuticle development,0,168,23,20524,0.0,0.0011206392516078737,0.0,0.0,1.0,1.0
GO:0051762,sesquiterpene biosynthetic process,0,168,23,20524,0.0,0.0011206392516078737,0.0,0.0,1.0,1.0
GO:0010143,cutin biosynthetic process,0,168,23,20524,0.0,0.0011206392516078737,0.0,0.0,1.0,1.0
GO:0017148,negative regulation of translation,0,168,23,20524,0.0,0.0011206392516078737,0.0,0.0,1.0,1.0
GO:0043067,regulation of programmed cell death,0,168,23,20524,0.0,0.0011206392516078737,0.0,0.0,1.0,1.0
GO:0048443,stamen development,0,168,23,20524,0.0,0.0011206392516078737,0.0,0.0,1.0,1.0
GO:0015706,nitrate transmembrane transport,0,168,23,20524,0.0,0.0011206392516078737,0.0,0.0,1.0,1.0
GO:0009768,"photosynthesis, light harvesting in photosystem I",0,168,23,20524,0.0,0.0011206392516078737,0.0,0.0,1.0,1.0
GO:0051555,flavonol biosynthetic process,0,168,23,20524,0.0,0.0011206392516078737,0.0,0.0,1.0,1.0
GO:0051707,response to other organism,2,168,23,20524,0.011904761904761904,0.0011206392516078737,10.6231884057971,11.666666666666666,0.015053887808271734,0.22775075426062721
GO:0080027,response to herbivore,0,168,23,20524,0.0,0.0011206392516078737,0.0,0.0,1.0,1.0
GO:0051453,regulation of intracellular pH,0,168,23,20524,0.0,0.0011206392516078737,0.0,0.0,1.0,1.0
GO:0006094,gluconeogenesis,0,168,23,20524,0.0,0.0011206392516078737,0.0,0.0,1.0,1.0
GO:0050829,defense response to Gram-negative bacterium,1,168,23,20524,0.005952380952380952,0.0011206392516078737,5.31159420289855,5.534567229178007,0.17233266198418865,1.0
GO:0009904,chloroplast accumulation movement,0,168,23,20524,0.0,0.0011206392516078737,0.0,0.0,1.0,1.0
GO:0030001,metal ion transport,0,168,22,20524,0.0,0.0010719158058857922,0.0,0.0,1.0,1.0
GO:0071230,cellular response to amino acid stimulus,1,168,22,20524,0.005952380952380952,0.0010719158058857922,5.553030303030303,5.798403193612774,0.16549445441132277,1.0
GO:0016554,cytidine to uridine editing,0,168,22,20524,0.0,0.0010719158058857922,0.0,0.0,1.0,1.0
GO:0015693,magnesium ion transport,0,168,22,20524,0.0,0.0010719158058857922,0.0,0.0,1.0,1.0
GO:0010345,suberin biosynthetic process,0,168,22,20524,0.0,0.0010719158058857922,0.0,0.0,1.0,1.0
GO:0032544,plastid translation,0,168,22,20524,0.0,0.0010719158058857922,0.0,0.0,1.0,1.0
GO:0000103,sulfate assimilation,1,168,22,20524,0.005952380952380952,0.0010719158058857922,5.553030303030303,5.798403193612774,0.16549445441132277,1.0
GO:0006270,DNA replication initiation,0,168,22,20524,0.0,0.0010719158058857922,0.0,0.0,1.0,1.0
GO:0009694,jasmonic acid metabolic process,0,168,22,20524,0.0,0.0010719158058857922,0.0,0.0,1.0,1.0
GO:1900056,negative regulation of leaf senescence,2,168,22,20524,0.011904761904761904,0.0010719158058857922,11.106060606060606,12.250602409638555,0.013818403440299783,0.21248626929510156
GO:0009785,blue light signaling pathway,0,168,22,20524,0.0,0.0010719158058857922,0.0,0.0,1.0,1.0
GO:0009934,regulation of meristem structural organization,0,168,22,20524,0.0,0.0010719158058857922,0.0,0.0,1.0,1.0
GO:0009693,ethylene biosynthetic process,1,168,22,20524,0.005952380952380952,0.0010719158058857922,5.553030303030303,5.798403193612774,0.16549445441132277,1.0
GO:0048765,root hair cell differentiation,0,168,22,20524,0.0,0.0010719158058857922,0.0,0.0,1.0,1.0
GO:0007031,peroxisome organization,0,168,22,20524,0.0,0.0010719158058857922,0.0,0.0,1.0,1.0
GO:0005985,sucrose metabolic process,0,168,22,20524,0.0,0.0010719158058857922,0.0,0.0,1.0,1.0
GO:0032543,mitochondrial translation,0,168,21,20524,0.0,0.0010231923601637107,0.0,0.0,1.0,1.0
GO:0006325,chromatin organization,0,168,21,20524,0.0,0.0010231923601637107,0.0,0.0,1.0,1.0
GO:0031647,regulation of protein stability,0,168,21,20524,0.0,0.0010231923601637107,0.0,0.0,1.0,1.0
GO:0006636,unsaturated fatty acid biosynthetic process,0,168,21,20524,0.0,0.0010231923601637107,0.0,0.0,1.0,1.0
GO:0051592,response to calcium ion,1,168,21,20524,0.005952380952380952,0.0010231923601637107,5.817460317460317,6.088622754491018,0.15860008845809442,1.0
GO:0000423,mitophagy,0,168,21,20524,0.0,0.0010231923601637107,0.0,0.0,1.0,1.0
GO:0071577,zinc ion transmembrane transport,0,168,21,20524,0.0,0.0010231923601637107,0.0,0.0,1.0,1.0
GO:0071555,cell wall organization,0,168,21,20524,0.0,0.0010231923601637107,0.0,0.0,1.0,1.0
GO:0090332,stomatal closure,1,168,21,20524,0.005952380952380952,0.0010231923601637107,5.817460317460317,6.088622754491018,0.15860008845809442,1.0
GO:0009787,regulation of abscisic acid-activated signaling pathway,1,168,21,20524,0.005952380952380952,0.0010231923601637107,5.817460317460317,6.088622754491018,0.15860008845809442,1.0
GO:1900057,positive regulation of leaf senescence,0,168,21,20524,0.0,0.0010231923601637107,0.0,0.0,1.0,1.0
GO:0006261,DNA-templated DNA replication,0,168,21,20524,0.0,0.0010231923601637107,0.0,0.0,1.0,1.0
GO:0010015,root morphogenesis,1,168,21,20524,0.005952380952380952,0.0010231923601637107,5.817460317460317,6.088622754491018,0.15860008845809442,1.0
GO:0010038,response to metal ion,0,168,21,20524,0.0,0.0010231923601637107,0.0,0.0,1.0,1.0
GO:0051017,actin filament bundle assembly,0,168,21,20524,0.0,0.0010231923601637107,0.0,0.0,1.0,1.0
GO:0006465,signal peptide processing,0,168,21,20524,0.0,0.0010231923601637107,0.0,0.0,1.0,1.0
GO:0001510,RNA methylation,0,168,21,20524,0.0,0.0010231923601637107,0.0,0.0,1.0,1.0
GO:0042023,DNA endoreduplication,0,168,21,20524,0.0,0.0010231923601637107,0.0,0.0,1.0,1.0
GO:0010492,maintenance of shoot apical meristem identity,0,168,21,20524,0.0,0.0010231923601637107,0.0,0.0,1.0,1.0
GO:0006098,pentose-phosphate shunt,0,168,21,20524,0.0,0.0010231923601637107,0.0,0.0,1.0,1.0
GO:0000162,tryptophan biosynthetic process,0,168,21,20524,0.0,0.0010231923601637107,0.0,0.0,1.0,1.0
GO:0001522,pseudouridine synthesis,0,168,21,20524,0.0,0.0010231923601637107,0.0,0.0,1.0,1.0
GO:0048467,gynoecium development,0,168,21,20524,0.0,0.0010231923601637107,0.0,0.0,1.0,1.0
GO:0010229,inflorescence development,0,168,21,20524,0.0,0.0010231923601637107,0.0,0.0,1.0,1.0
GO:0010208,pollen wall assembly,0,168,21,20524,0.0,0.0010231923601637107,0.0,0.0,1.0,1.0
GO:0010053,root epidermal cell differentiation,1,168,21,20524,0.005952380952380952,0.0010231923601637107,5.817460317460317,6.088622754491018,0.15860008845809442,1.0
GO:0009933,meristem structural organization,0,168,20,20524,0.0,0.0009744689144416293,0.0,0.0,1.0,1.0
GO:0009969,xyloglucan biosynthetic process,0,168,20,20524,0.0,0.0009744689144416293,0.0,0.0,1.0,1.0
GO:0009767,photosynthetic electron transport chain,0,168,20,20524,0.0,0.0009744689144416293,0.0,0.0,1.0,1.0
GO:0032968,positive regulation of transcription elongation by RNA polymerase II,0,168,20,20524,0.0,0.0009744689144416293,0.0,0.0,1.0,1.0
GO:0009585,"red, far-red light phototransduction",0,168,20,20524,0.0,0.0009744689144416293,0.0,0.0,1.0,1.0
GO:0009682,induced systemic resistance,3,168,20,20524,0.017857142857142856,0.0009744689144416293,18.325,21.75294117647059,0.0005543587881560762,0.013333039571548706
GO:0006006,glucose metabolic process,0,168,20,20524,0.0,0.0009744689144416293,0.0,0.0,1.0,1.0
GO:0006012,galactose metabolic process,0,168,20,20524,0.0,0.0009744689144416293,0.0,0.0,1.0,1.0
GO:0045324,late endosome to vacuole transport,0,168,20,20524,0.0,0.0009744689144416293,0.0,0.0,1.0,1.0
GO:0010497,plasmodesmata-mediated intercellular transport,0,168,20,20524,0.0,0.0009744689144416293,0.0,0.0,1.0,1.0
GO:0005992,trehalose biosynthetic process,0,168,20,20524,0.0,0.0009744689144416293,0.0,0.0,1.0,1.0
GO:0048574,"long-day photoperiodism, flowering",0,168,20,20524,0.0,0.0009744689144416293,0.0,0.0,1.0,1.0
GO:0010582,floral meristem determinacy,0,168,20,20524,0.0,0.0009744689144416293,0.0,0.0,1.0,1.0
GO:0048564,photosystem I assembly,0,168,20,20524,0.0,0.0009744689144416293,0.0,0.0,1.0,1.0
GO:1905392,plant organ morphogenesis,0,168,20,20524,0.0,0.0009744689144416293,0.0,0.0,1.0,1.0
GO:0006863,purine nucleobase transport,0,168,20,20524,0.0,0.0009744689144416293,0.0,0.0,1.0,1.0
GO:0045595,regulation of cell differentiation,0,168,20,20524,0.0,0.0009744689144416293,0.0,0.0,1.0,1.0
GO:0010928,regulation of auxin mediated signaling pathway,0,168,20,20524,0.0,0.0009744689144416293,0.0,0.0,1.0,1.0
GO:0044027,negative regulation of gene expression via chromosomal CpG island methylation,0,168,20,20524,0.0,0.0009744689144416293,0.0,0.0,1.0,1.0
GO:0034063,stress granule assembly,0,168,20,20524,0.0,0.0009744689144416293,0.0,0.0,1.0,1.0
GO:0000387,spliceosomal snRNP assembly,0,168,20,20524,0.0,0.0009744689144416293,0.0,0.0,1.0,1.0
GO:0019953,sexual reproduction,0,168,20,20524,0.0,0.0009744689144416293,0.0,0.0,1.0,1.0
GO:0031145,anaphase-promoting complex-dependent catabolic process,0,168,19,20524,0.0,0.0009257454687195478,0.0,0.0,1.0,1.0
GO:0000902,cell morphogenesis,0,168,19,20524,0.0,0.0009257454687195478,0.0,0.0,1.0,1.0
GO:0043069,negative regulation of programmed cell death,0,168,19,20524,0.0,0.0009257454687195478,0.0,0.0,1.0,1.0
GO:0043068,positive regulation of programmed cell death,1,168,19,20524,0.005952380952380952,0.0009257454687195478,6.4298245614035086,6.765801729873586,0.14464104403845088,1.0
GO:0000723,telomere maintenance,0,168,19,20524,0.0,0.0009257454687195478,0.0,0.0,1.0,1.0
GO:0000463,"maturation of LSU-rRNA from tricistronic rRNA transcript (SSU-rRNA, 5.8S rRNA, LSU-rRNA)",0,168,19,20524,0.0,0.0009257454687195478,0.0,0.0,1.0,1.0
GO:0006744,ubiquinone biosynthetic process,0,168,19,20524,0.0,0.0009257454687195478,0.0,0.0,1.0,1.0
GO:0040008,regulation of growth,0,168,19,20524,0.0,0.0009257454687195478,0.0,0.0,1.0,1.0
GO:0030048,actin filament-based movement,0,168,19,20524,0.0,0.0009257454687195478,0.0,0.0,1.0,1.0
GO:0022900,electron transport chain,0,168,19,20524,0.0,0.0009257454687195478,0.0,0.0,1.0,1.0
GO:0030036,actin cytoskeleton organization,0,168,19,20524,0.0,0.0009257454687195478,0.0,0.0,1.0,1.0
GO:0030148,sphingolipid biosynthetic process,0,168,19,20524,0.0,0.0009257454687195478,0.0,0.0,1.0,1.0
GO:1902584,positive regulation of response to water deprivation,1,168,19,20524,0.005952380952380952,0.0009257454687195478,6.4298245614035086,6.765801729873586,0.14464104403845088,1.0
GO:0009718,anthocyanin-containing compound biosynthetic process,0,168,19,20524,0.0,0.0009257454687195478,0.0,0.0,1.0,1.0
GO:0051865,protein autoubiquitination,0,168,19,20524,0.0,0.0009257454687195478,0.0,0.0,1.0,1.0
GO:2000070,regulation of response to water deprivation,3,168,19,20524,0.017857142857142856,0.0009257454687195478,19.289473684210524,23.113636363636363,0.00047404673191552867,0.012351550959354607
GO:0007059,chromosome segregation,0,168,19,20524,0.0,0.0009257454687195478,0.0,0.0,1.0,1.0
GO:0055062,phosphate ion homeostasis,1,168,19,20524,0.005952380952380952,0.0009257454687195478,6.4298245614035086,6.765801729873586,0.14464104403845088,1.0
GO:0061077,chaperone-mediated protein folding,2,168,19,20524,0.011904761904761904,0.0009257454687195478,12.859649122807017,14.414599574769667,0.01039452090789404,0.16525526460346796
GO:0009395,phospholipid catabolic process,0,168,19,20524,0.0,0.0009257454687195478,0.0,0.0,1.0,1.0
GO:0007186,G protein-coupled receptor signaling pathway,0,168,19,20524,0.0,0.0009257454687195478,0.0,0.0,1.0,1.0
GO:0009901,anther dehiscence,0,168,19,20524,0.0,0.0009257454687195478,0.0,0.0,1.0,1.0
GO:0009862,"systemic acquired resistance, salicylic acid mediated signaling pathway",2,168,19,20524,0.011904761904761904,0.0009257454687195478,12.859649122807017,14.414599574769667,0.01039452090789404,0.16525526460346796
GO:0010105,negative regulation of ethylene-activated signaling pathway,0,168,19,20524,0.0,0.0009257454687195478,0.0,0.0,1.0,1.0
GO:0048766,root hair initiation,0,168,19,20524,0.0,0.0009257454687195478,0.0,0.0,1.0,1.0
GO:0010223,secondary shoot formation,0,168,19,20524,0.0,0.0009257454687195478,0.0,0.0,1.0,1.0
GO:0048440,carpel development,0,168,19,20524,0.0,0.0009257454687195478,0.0,0.0,1.0,1.0
GO:0048354,mucilage biosynthetic process involved in seed coat development,0,168,19,20524,0.0,0.0009257454687195478,0.0,0.0,1.0,1.0
GO:0140964,intracellular auxin homeostasis,2,168,19,20524,0.011904761904761904,0.0009257454687195478,12.859649122807017,14.414599574769667,0.01039452090789404,0.16525526460346796
GO:0072659,protein localization to plasma membrane,0,168,18,20524,0.0,0.0008770220229974664,0.0,0.0,1.0,1.0
GO:0000038,very long-chain fatty acid metabolic process,0,168,18,20524,0.0,0.0008770220229974664,0.0,0.0,1.0,1.0
GO:0032508,DNA duplex unwinding,0,168,18,20524,0.0,0.0008770220229974664,0.0,0.0,1.0,1.0
GO:0016024,CDP-diacylglycerol biosynthetic process,0,168,18,20524,0.0,0.0008770220229974664,0.0,0.0,1.0,1.0
GO:0045010,actin nucleation,0,168,18,20524,0.0,0.0008770220229974664,0.0,0.0,1.0,1.0
GO:1990641,response to iron ion starvation,0,168,18,20524,0.0,0.0008770220229974664,0.0,0.0,1.0,1.0
GO:0010200,response to chitin,1,168,18,20524,0.005952380952380952,0.0008770220229974664,6.787037037037036,7.164142303628038,0.1375754375578953,0.9926596956100446
GO:0010588,cotyledon vascular tissue pattern formation,0,168,18,20524,0.0,0.0008770220229974664,0.0,0.0,1.0,1.0
GO:0008356,asymmetric cell division,0,168,18,20524,0.0,0.0008770220229974664,0.0,0.0,1.0,1.0
GO:0006417,regulation of translation,0,168,18,20524,0.0,0.0008770220229974664,0.0,0.0,1.0,1.0
GO:0009704,de-etiolation,0,168,18,20524,0.0,0.0008770220229974664,0.0,0.0,1.0,1.0
GO:0006368,transcription elongation by RNA polymerase II,0,168,18,20524,0.0,0.0008770220229974664,0.0,0.0,1.0,1.0
GO:0007010,cytoskeleton organization,0,168,18,20524,0.0,0.0008770220229974664,0.0,0.0,1.0,1.0
GO:0006298,mismatch repair,0,168,18,20524,0.0,0.0008770220229974664,0.0,0.0,1.0,1.0
GO:0006108,malate metabolic process,1,168,18,20524,0.005952380952380952,0.0008770220229974664,6.787037037037036,7.164142303628038,0.1375754375578953,0.9926596956100446
GO:0046688,response to copper ion,1,168,18,20524,0.005952380952380952,0.0008770220229974664,6.787037037037036,7.164142303628038,0.1375754375578953,0.9926596956100446
GO:1901703,protein localization involved in auxin polar transport,0,168,18,20524,0.0,0.0008770220229974664,0.0,0.0,1.0,1.0
GO:0010152,pollen maturation,0,168,18,20524,0.0,0.0008770220229974664,0.0,0.0,1.0,1.0
GO:0048268,clathrin coat assembly,0,168,18,20524,0.0,0.0008770220229974664,0.0,0.0,1.0,1.0
GO:0010052,guard cell differentiation,0,168,18,20524,0.0,0.0008770220229974664,0.0,0.0,1.0,1.0
GO:1901371,regulation of leaf morphogenesis,0,168,18,20524,0.0,0.0008770220229974664,0.0,0.0,1.0,1.0
GO:0010099,regulation of photomorphogenesis,1,168,18,20524,0.005952380952380952,0.0008770220229974664,6.787037037037036,7.164142303628038,0.1375754375578953,0.9926596956100446
GO:0009696,salicylic acid metabolic process,0,168,18,20524,0.0,0.0008770220229974664,0.0,0.0,1.0,1.0
GO:0008610,lipid biosynthetic process,0,168,18,20524,0.0,0.0008770220229974664,0.0,0.0,1.0,1.0
GO:0000245,spliceosomal complex assembly,0,168,18,20524,0.0,0.0008770220229974664,0.0,0.0,1.0,1.0
GO:0007275,multicellular organism development,0,168,18,20524,0.0,0.0008770220229974664,0.0,0.0,1.0,1.0
GO:0000165,MAPK cascade,0,168,18,20524,0.0,0.0008770220229974664,0.0,0.0,1.0,1.0
GO:0030488,tRNA methylation,0,168,17,20524,0.0,0.0008282985772753849,0.0,0.0,1.0,1.0
GO:0019388,galactose catabolic process,0,168,17,20524,0.0,0.0008282985772753849,0.0,0.0,1.0,1.0
GO:2000023,regulation of lateral root development,0,168,17,20524,0.0,0.0008282985772753849,0.0,0.0,1.0,1.0
GO:2000008,regulation of protein localization to cell surface,0,168,17,20524,0.0,0.0008282985772753849,0.0,0.0,1.0,1.0
GO:0016925,protein sumoylation,0,168,17,20524,0.0,0.0008282985772753849,0.0,0.0,1.0,1.0
GO:2000024,regulation of leaf development,0,168,17,20524,0.0,0.0008282985772753849,0.0,0.0,1.0,1.0
GO:0019853,L-ascorbic acid biosynthetic process,0,168,17,20524,0.0,0.0008282985772753849,0.0,0.0,1.0,1.0
GO:0072593,reactive oxygen species metabolic process,1,168,17,20524,0.005952380952380952,0.0008282985772753849,7.186274509803921,7.612275449101796,0.13045181660847427,0.9768468122550612
GO:0019941,modification-dependent protein catabolic process,0,168,17,20524,0.0,0.0008282985772753849,0.0,0.0,1.0,1.0
GO:0006401,RNA catabolic process,0,168,17,20524,0.0,0.0008282985772753849,0.0,0.0,1.0,1.0
GO:0007129,homologous chromosome pairing at meiosis,0,168,17,20524,0.0,0.0008282985772753849,0.0,0.0,1.0,1.0
GO:0009060,aerobic respiration,0,168,17,20524,0.0,0.0008282985772753849,0.0,0.0,1.0,1.0
GO:0009750,response to fructose,0,168,17,20524,0.0,0.0008282985772753849,0.0,0.0,1.0,1.0
GO:0009851,auxin biosynthetic process,0,168,17,20524,0.0,0.0008282985772753849,0.0,0.0,1.0,1.0
GO:0098869,cellular oxidant detoxification,0,168,17,20524,0.0,0.0008282985772753849,0.0,0.0,1.0,1.0
GO:0036297,interstrand cross-link repair,0,168,17,20524,0.0,0.0008282985772753849,0.0,0.0,1.0,1.0
GO:1903409,reactive oxygen species biosynthetic process,1,168,17,20524,0.005952380952380952,0.0008282985772753849,7.186274509803921,7.612275449101796,0.13045181660847427,0.9768468122550612
GO:0016117,carotenoid biosynthetic process,0,168,17,20524,0.0,0.0008282985772753849,0.0,0.0,1.0,1.0
GO:0015749,monosaccharide transmembrane transport,1,168,17,20524,0.005952380952380952,0.0008282985772753849,7.186274509803921,7.612275449101796,0.13045181660847427,0.9768468122550612
GO:0044772,mitotic cell cycle phase transition,0,168,17,20524,0.0,0.0008282985772753849,0.0,0.0,1.0,1.0
GO:0008643,carbohydrate transport,0,168,17,20524,0.0,0.0008282985772753849,0.0,0.0,1.0,1.0
GO:0010196,nonphotochemical quenching,0,168,17,20524,0.0,0.0008282985772753849,0.0,0.0,1.0,1.0
GO:0010102,lateral root morphogenesis,0,168,17,20524,0.0,0.0008282985772753849,0.0,0.0,1.0,1.0
GO:0006896,Golgi to vacuole transport,0,168,17,20524,0.0,0.0008282985772753849,0.0,0.0,1.0,1.0
GO:0006893,Golgi to plasma membrane transport,0,168,17,20524,0.0,0.0008282985772753849,0.0,0.0,1.0,1.0
GO:1900425,negative regulation of defense response to bacterium,1,168,17,20524,0.005952380952380952,0.0008282985772753849,7.186274509803921,7.612275449101796,0.13045181660847427,0.9768468122550612
GO:0009970,cellular response to sulfate starvation,0,168,17,20524,0.0,0.0008282985772753849,0.0,0.0,1.0,1.0
GO:0006913,nucleocytoplasmic transport,0,168,17,20524,0.0,0.0008282985772753849,0.0,0.0,1.0,1.0
GO:0005983,starch catabolic process,0,168,17,20524,0.0,0.0008282985772753849,0.0,0.0,1.0,1.0
GO:0010256,endomembrane system organization,0,168,17,20524,0.0,0.0008282985772753849,0.0,0.0,1.0,1.0
GO:0010215,cellulose microfibril organization,0,168,17,20524,0.0,0.0008282985772753849,0.0,0.0,1.0,1.0
GO:0008360,regulation of cell shape,0,168,17,20524,0.0,0.0008282985772753849,0.0,0.0,1.0,1.0
GO:0051259,protein complex oligomerization,0,168,17,20524,0.0,0.0008282985772753849,0.0,0.0,1.0,1.0
GO:0009765,"photosynthesis, light harvesting",0,168,17,20524,0.0,0.0008282985772753849,0.0,0.0,1.0,1.0
GO:0009691,cytokinin biosynthetic process,0,168,17,20524,0.0,0.0008282985772753849,0.0,0.0,1.0,1.0
GO:0009641,shade avoidance,0,168,17,20524,0.0,0.0008282985772753849,0.0,0.0,1.0,1.0
GO:0009773,photosynthetic electron transport in photosystem I,0,168,17,20524,0.0,0.0008282985772753849,0.0,0.0,1.0,1.0
GO:0010380,regulation of chlorophyll biosynthetic process,0,168,17,20524,0.0,0.0008282985772753849,0.0,0.0,1.0,1.0
GO:0010315,auxin export across the plasma membrane,1,168,17,20524,0.005952380952380952,0.0008282985772753849,7.186274509803921,7.612275449101796,0.13045181660847427,0.9768468122550612
GO:0048589,developmental growth,0,168,17,20524,0.0,0.0008282985772753849,0.0,0.0,1.0,1.0
GO:0002238,response to molecule of fungal origin,2,168,17,20524,0.011904761904761904,0.0008282985772753849,14.372549019607842,16.338152610441767,0.008355965489192176,0.14250719325204111
GO:0048441,petal development,0,168,17,20524,0.0,0.0008282985772753849,0.0,0.0,1.0,1.0
GO:0060918,auxin transport,0,168,16,20524,0.0,0.0007795751315533034,0.0,0.0,1.0,1.0
GO:0070475,rRNA base methylation,0,168,16,20524,0.0,0.0007795751315533034,0.0,0.0,1.0,1.0
GO:0046685,response to arsenic-containing substance,1,168,16,20524,0.005952380952380952,0.0007795751315533034,7.635416666666666,8.120159680638723,0.12326970771910478,0.963558215337669
GO:0048658,anther wall tapetum development,0,168,16,20524,0.0,0.0007795751315533034,0.0,0.0,1.0,1.0
GO:0005982,starch metabolic process,0,168,16,20524,0.0,0.0007795751315533034,0.0,0.0,1.0,1.0
GO:0051211,anisotropic cell growth,0,168,16,20524,0.0,0.0007795751315533034,0.0,0.0,1.0,1.0
GO:0006346,DNA methylation-dependent constitutive heterochromatin formation,0,168,16,20524,0.0,0.0007795751315533034,0.0,0.0,1.0,1.0
GO:0006515,protein quality control for misfolded or incompletely synthesized proteins,0,168,16,20524,0.0,0.0007795751315533034,0.0,0.0,1.0,1.0
GO:0007062,sister chromatid cohesion,0,168,16,20524,0.0,0.0007795751315533034,0.0,0.0,1.0,1.0
GO:0052544,defense response by callose deposition in cell wall,0,168,16,20524,0.0,0.0007795751315533034,0.0,0.0,1.0,1.0
GO:2000032,regulation of secondary shoot formation,0,168,16,20524,0.0,0.0007795751315533034,0.0,0.0,1.0,1.0
GO:0035999,tetrahydrofolate interconversion,0,168,16,20524,0.0,0.0007795751315533034,0.0,0.0,1.0,1.0
GO:0035196,miRNA processing,0,168,16,20524,0.0,0.0007795751315533034,0.0,0.0,1.0,1.0
GO:0016998,cell wall macromolecule catabolic process,1,168,16,20524,0.005952380952380952,0.0007795751315533034,7.635416666666666,8.120159680638723,0.12326970771910478,0.963558215337669
GO:0018119,peptidyl-cysteine S-nitrosylation,0,168,16,20524,0.0,0.0007795751315533034,0.0,0.0,1.0,1.0
GO:0015914,phospholipid transport,0,168,16,20524,0.0,0.0007795751315533034,0.0,0.0,1.0,1.0
GO:0045493,xylan catabolic process,0,168,16,20524,0.0,0.0007795751315533034,0.0,0.0,1.0,1.0
GO:0042594,response to starvation,0,168,16,20524,0.0,0.0007795751315533034,0.0,0.0,1.0,1.0
GO:0031124,mRNA 3'-end processing,0,168,16,20524,0.0,0.0007795751315533034,0.0,0.0,1.0,1.0
GO:0031425,chloroplast RNA processing,0,168,16,20524,0.0,0.0007795751315533034,0.0,0.0,1.0,1.0
GO:0016104,triterpenoid biosynthetic process,0,168,16,20524,0.0,0.0007795751315533034,0.0,0.0,1.0,1.0
GO:0006857,oligopeptide transport,0,168,16,20524,0.0,0.0007795751315533034,0.0,0.0,1.0,1.0
GO:0009938,negative regulation of gibberellic acid mediated signaling pathway,0,168,16,20524,0.0,0.0007795751315533034,0.0,0.0,1.0,1.0
GO:0051026,chiasma assembly,0,168,16,20524,0.0,0.0007795751315533034,0.0,0.0,1.0,1.0
GO:1900055,regulation of leaf senescence,0,168,16,20524,0.0,0.0007795751315533034,0.0,0.0,1.0,1.0
GO:0015996,chlorophyll catabolic process,0,168,16,20524,0.0,0.0007795751315533034,0.0,0.0,1.0,1.0
GO:0006002,fructose 6-phosphate metabolic process,1,168,15,20524,0.005952380952380952,0.000730851685831222,8.144444444444444,8.70059880239521,0.11602863357805017,0.922329307595009
GO:0006535,cysteine biosynthetic process from serine,0,168,15,20524,0.0,0.000730851685831222,0.0,0.0,1.0,1.0
GO:0010267,ta-siRNA processing,0,168,15,20524,0.0,0.000730851685831222,0.0,0.0,1.0,1.0
GO:0010112,regulation of systemic acquired resistance,4,168,15,20524,0.023809523809523808,0.000730851685831222,32.577777777777776,45.110864745011085,5.510892738870148e-06,0.00025846086945300993
GO:0015770,sucrose transport,0,168,15,20524,0.0,0.000730851685831222,0.0,0.0,1.0,1.0
GO:0043328,protein transport to vacuole involved in ubiquitin-dependent protein catabolic process via the multivesicular body sorting pathway,0,168,15,20524,0.0,0.000730851685831222,0.0,0.0,1.0,1.0
GO:0006782,protoporphyrinogen IX biosynthetic process,0,168,15,20524,0.0,0.000730851685831222,0.0,0.0,1.0,1.0
GO:0046488,phosphatidylinositol metabolic process,0,168,15,20524,0.0,0.000730851685831222,0.0,0.0,1.0,1.0
GO:0042274,ribosomal small subunit biogenesis,0,168,15,20524,0.0,0.000730851685831222,0.0,0.0,1.0,1.0
GO:0072657,protein localization to membrane,0,168,15,20524,0.0,0.000730851685831222,0.0,0.0,1.0,1.0
GO:0006626,protein targeting to mitochondrion,0,168,15,20524,0.0,0.000730851685831222,0.0,0.0,1.0,1.0
GO:0031167,rRNA methylation,0,168,15,20524,0.0,0.000730851685831222,0.0,0.0,1.0,1.0
GO:0006614,SRP-dependent cotranslational protein targeting to membrane,0,168,15,20524,0.0,0.000730851685831222,0.0,0.0,1.0,1.0
GO:0006820,monoatomic anion transport,0,168,15,20524,0.0,0.000730851685831222,0.0,0.0,1.0,1.0
GO:0034052,positive regulation of plant-type hypersensitive response,1,168,15,20524,0.005952380952380952,0.000730851685831222,8.144444444444444,8.70059880239521,0.11602863357805017,0.922329307595009
GO:0009690,cytokinin metabolic process,0,168,15,20524,0.0,0.000730851685831222,0.0,0.0,1.0,1.0
GO:0007264,small GTPase-mediated signal transduction,0,168,15,20524,0.0,0.000730851685831222,0.0,0.0,1.0,1.0
GO:0008299,isoprenoid biosynthetic process,0,168,15,20524,0.0,0.000730851685831222,0.0,0.0,1.0,1.0
GO:0009089,lysine biosynthetic process via diaminopimelate,0,168,15,20524,0.0,0.000730851685831222,0.0,0.0,1.0,1.0
GO:0051923,sulfation,0,168,15,20524,0.0,0.000730851685831222,0.0,0.0,1.0,1.0
GO:0052324,plant-type cell wall cellulose biosynthetic process,0,168,15,20524,0.0,0.000730851685831222,0.0,0.0,1.0,1.0
GO:0006303,double-strand break repair via nonhomologous end joining,0,168,15,20524,0.0,0.000730851685831222,0.0,0.0,1.0,1.0
GO:0009642,response to light intensity,0,168,15,20524,0.0,0.000730851685831222,0.0,0.0,1.0,1.0
GO:0007064,mitotic sister chromatid cohesion,0,168,15,20524,0.0,0.000730851685831222,0.0,0.0,1.0,1.0
GO:0090307,mitotic spindle assembly,0,168,15,20524,0.0,0.000730851685831222,0.0,0.0,1.0,1.0
GO:0009098,L-leucine biosynthetic process,1,168,15,20524,0.005952380952380952,0.000730851685831222,8.144444444444444,8.70059880239521,0.11602863357805017,0.922329307595009
GO:0031540,regulation of anthocyanin biosynthetic process,0,168,15,20524,0.0,0.000730851685831222,0.0,0.0,1.0,1.0
GO:0006949,syncytium formation,0,168,15,20524,0.0,0.000730851685831222,0.0,0.0,1.0,1.0
GO:0006865,amino acid transport,0,168,15,20524,0.0,0.000730851685831222,0.0,0.0,1.0,1.0
GO:0048829,root cap development,0,168,15,20524,0.0,0.000730851685831222,0.0,0.0,1.0,1.0
GO:0010048,vernalization response,0,168,15,20524,0.0,0.000730851685831222,0.0,0.0,1.0,1.0
GO:0006122,"mitochondrial electron transport, ubiquinol to cytochrome c",0,168,15,20524,0.0,0.000730851685831222,0.0,0.0,1.0,1.0
GO:0010044,response to aluminum ion,0,168,15,20524,0.0,0.000730851685831222,0.0,0.0,1.0,1.0
GO:0051260,protein homooligomerization,0,168,15,20524,0.0,0.000730851685831222,0.0,0.0,1.0,1.0
GO:0006032,chitin catabolic process,0,168,15,20524,0.0,0.000730851685831222,0.0,0.0,1.0,1.0
GO:0048507,meristem development,0,168,15,20524,0.0,0.000730851685831222,0.0,0.0,1.0,1.0
GO:0010100,negative regulation of photomorphogenesis,0,168,15,20524,0.0,0.000730851685831222,0.0,0.0,1.0,1.0
GO:0048015,phosphatidylinositol-mediated signaling,0,168,15,20524,0.0,0.000730851685831222,0.0,0.0,1.0,1.0
GO:0010540,basipetal auxin transport,1,168,15,20524,0.005952380952380952,0.000730851685831222,8.144444444444444,8.70059880239521,0.11602863357805017,0.922329307595009
GO:0030490,maturation of SSU-rRNA,0,168,14,20524,0.0,0.0006821282401091405,0.0,0.0,1.0,1.0
GO:0032511,late endosome to vacuole transport via multivesicular body sorting pathway,0,168,14,20524,0.0,0.0006821282401091405,0.0,0.0,1.0,1.0
GO:0030865,cortical cytoskeleton organization,0,168,14,20524,0.0,0.0006821282401091405,0.0,0.0,1.0,1.0
GO:0032956,regulation of actin cytoskeleton organization,0,168,14,20524,0.0,0.0006821282401091405,0.0,0.0,1.0,1.0
GO:0033962,P-body assembly,0,168,14,20524,0.0,0.0006821282401091405,0.0,0.0,1.0,1.0
GO:0030042,actin filament depolymerization,0,168,14,20524,0.0,0.0006821282401091405,0.0,0.0,1.0,1.0
GO:0019253,reductive pentose-phosphate cycle,0,168,14,20524,0.0,0.0006821282401091405,0.0,0.0,1.0,1.0
GO:0000470,maturation of LSU-rRNA,0,168,14,20524,0.0,0.0006821282401091405,0.0,0.0,1.0,1.0
GO:0006574,valine catabolic process,0,168,14,20524,0.0,0.0006821282401091405,0.0,0.0,1.0,1.0
GO:0001708,cell fate specification,0,168,14,20524,0.0,0.0006821282401091405,0.0,0.0,1.0,1.0
GO:0045333,cellular respiration,0,168,14,20524,0.0,0.0006821282401091405,0.0,0.0,1.0,1.0
GO:0043484,regulation of RNA splicing,0,168,14,20524,0.0,0.0006821282401091405,0.0,0.0,1.0,1.0
GO:0045039,protein insertion into mitochondrial inner membrane,0,168,14,20524,0.0,0.0006821282401091405,0.0,0.0,1.0,1.0
GO:0018279,protein N-linked glycosylation via asparagine,0,168,14,20524,0.0,0.0006821282401091405,0.0,0.0,1.0,1.0
GO:0016485,protein processing,0,168,14,20524,0.0,0.0006821282401091405,0.0,0.0,1.0,1.0
GO:0016114,terpenoid biosynthetic process,0,168,14,20524,0.0,0.0006821282401091405,0.0,0.0,1.0,1.0
GO:0030003,intracellular monoatomic cation homeostasis,0,168,14,20524,0.0,0.0006821282401091405,0.0,0.0,1.0,1.0
GO:0006665,sphingolipid metabolic process,0,168,14,20524,0.0,0.0006821282401091405,0.0,0.0,1.0,1.0
GO:0006644,phospholipid metabolic process,0,168,14,20524,0.0,0.0006821282401091405,0.0,0.0,1.0,1.0
GO:0080001,mucilage extrusion from seed coat,0,168,14,20524,0.0,0.0006821282401091405,0.0,0.0,1.0,1.0
GO:0047484,regulation of response to osmotic stress,2,168,14,20524,0.011904761904761904,0.0006821282401091405,17.452380952380953,20.42570281124498,0.005681783639552374,0.10249063565192551
GO:0010332,response to gamma radiation,0,168,14,20524,0.0,0.0006821282401091405,0.0,0.0,1.0,1.0
GO:0010449,root meristem growth,0,168,14,20524,0.0,0.0006821282401091405,0.0,0.0,1.0,1.0
GO:0048579,"negative regulation of long-day photoperiodism, flowering",0,168,14,20524,0.0,0.0006821282401091405,0.0,0.0,1.0,1.0
GO:0006829,zinc ion transport,0,168,14,20524,0.0,0.0006821282401091405,0.0,0.0,1.0,1.0
GO:0006120,"mitochondrial electron transport, NADH to ubiquinone",0,168,14,20524,0.0,0.0006821282401091405,0.0,0.0,1.0,1.0
GO:0010072,primary shoot apical meristem specification,0,168,14,20524,0.0,0.0006821282401091405,0.0,0.0,1.0,1.0
GO:1901000,regulation of response to salt stress,0,168,14,20524,0.0,0.0006821282401091405,0.0,0.0,1.0,1.0
GO:0006826,iron ion transport,1,168,14,20524,0.005952380952380952,0.0006821282401091405,8.726190476190476,9.370336250575772,0.10872811300195695,0.902539557485271
GO:0010117,photoprotection,1,168,14,20524,0.005952380952380952,0.0006821282401091405,8.726190476190476,9.370336250575772,0.10872811300195695,0.902539557485271
GO:0006189,'de novo' IMP biosynthetic process,0,168,14,20524,0.0,0.0006821282401091405,0.0,0.0,1.0,1.0
GO:0009612,response to mechanical stimulus,0,168,14,20524,0.0,0.0006821282401091405,0.0,0.0,1.0,1.0
GO:0009687,abscisic acid metabolic process,0,168,14,20524,0.0,0.0006821282401091405,0.0,0.0,1.0,1.0
GO:0006415,translational termination,0,168,14,20524,0.0,0.0006821282401091405,0.0,0.0,1.0,1.0
GO:0097352,autophagosome maturation,1,168,14,20524,0.005952380952380952,0.0006821282401091405,8.726190476190476,9.370336250575772,0.10872811300195695,0.902539557485271
GO:0009299,mRNA transcription,0,168,14,20524,0.0,0.0006821282401091405,0.0,0.0,1.0,1.0
GO:0052543,callose deposition in cell wall,0,168,14,20524,0.0,0.0006821282401091405,0.0,0.0,1.0,1.0
GO:0009051,"pentose-phosphate shunt, oxidative branch",0,168,14,20524,0.0,0.0006821282401091405,0.0,0.0,1.0,1.0
GO:0008361,regulation of cell size,1,168,14,20524,0.005952380952380952,0.0006821282401091405,8.726190476190476,9.370336250575772,0.10872811300195695,0.902539557485271
GO:0007389,pattern specification process,0,168,14,20524,0.0,0.0006821282401091405,0.0,0.0,1.0,1.0
GO:2000762,regulation of phenylpropanoid metabolic process,0,168,14,20524,0.0,0.0006821282401091405,0.0,0.0,1.0,1.0
GO:0006282,regulation of DNA repair,0,168,13,20524,0.0,0.000633404794387059,0.0,0.0,1.0,1.0
GO:0045927,positive regulation of growth,0,168,13,20524,0.0,0.000633404794387059,0.0,0.0,1.0,1.0
GO:0030026,intracellular manganese ion homeostasis,1,168,13,20524,0.005952380952380952,0.000633404794387059,9.397435897435898,10.151696606786427,0.10136766090464243,0.8970081691373075
GO:0007140,male meiotic nuclear division,0,168,13,20524,0.0,0.000633404794387059,0.0,0.0,1.0,1.0
GO:0090110,COPII-coated vesicle cargo loading,0,168,13,20524,0.0,0.000633404794387059,0.0,0.0,1.0,1.0
GO:0009650,UV protection,0,168,13,20524,0.0,0.000633404794387059,0.0,0.0,1.0,1.0
GO:0009657,plastid organization,0,168,13,20524,0.0,0.000633404794387059,0.0,0.0,1.0,1.0
GO:0009073,aromatic amino acid family biosynthetic process,0,168,13,20524,0.0,0.000633404794387059,0.0,0.0,1.0,1.0
GO:0045332,phospholipid translocation,0,168,13,20524,0.0,0.000633404794387059,0.0,0.0,1.0,1.0
GO:0006268,DNA unwinding involved in DNA replication,0,168,13,20524,0.0,0.000633404794387059,0.0,0.0,1.0,1.0
GO:0000963,mitochondrial RNA processing,0,168,13,20524,0.0,0.000633404794387059,0.0,0.0,1.0,1.0
GO:0006000,fructose metabolic process,0,168,13,20524,0.0,0.000633404794387059,0.0,0.0,1.0,1.0
GO:0005987,sucrose catabolic process,0,168,13,20524,0.0,0.000633404794387059,0.0,0.0,1.0,1.0
GO:0008033,tRNA processing,0,168,13,20524,0.0,0.000633404794387059,0.0,0.0,1.0,1.0
GO:0010192,mucilage biosynthetic process,0,168,13,20524,0.0,0.000633404794387059,0.0,0.0,1.0,1.0
GO:2000033,regulation of seed dormancy process,0,168,13,20524,0.0,0.000633404794387059,0.0,0.0,1.0,1.0
GO:0008654,phospholipid biosynthetic process,0,168,13,20524,0.0,0.000633404794387059,0.0,0.0,1.0,1.0
GO:0000460,maturation of 5.8S rRNA,0,168,13,20524,0.0,0.000633404794387059,0.0,0.0,1.0,1.0
GO:1900865,chloroplast RNA modification,0,168,13,20524,0.0,0.000633404794387059,0.0,0.0,1.0,1.0
GO:0009880,embryonic pattern specification,0,168,13,20524,0.0,0.000633404794387059,0.0,0.0,1.0,1.0
GO:0010274,hydrotropism,0,168,13,20524,0.0,0.000633404794387059,0.0,0.0,1.0,1.0
GO:0046513,ceramide biosynthetic process,0,168,13,20524,0.0,0.000633404794387059,0.0,0.0,1.0,1.0
GO:0006790,sulfur compound metabolic process,1,168,13,20524,0.005952380952380952,0.000633404794387059,9.397435897435898,10.151696606786427,0.10136766090464243,0.8970081691373075
GO:0042128,nitrate assimilation,0,168,13,20524,0.0,0.000633404794387059,0.0,0.0,1.0,1.0
GO:0007052,mitotic spindle organization,0,168,13,20524,0.0,0.000633404794387059,0.0,0.0,1.0,1.0
GO:0000288,"nuclear-transcribed mRNA catabolic process, deadenylation-dependent decay",0,168,13,20524,0.0,0.000633404794387059,0.0,0.0,1.0,1.0
GO:0080086,stamen filament development,0,168,13,20524,0.0,0.000633404794387059,0.0,0.0,1.0,1.0
GO:0010120,camalexin biosynthetic process,4,168,13,20524,0.023809523809523808,0.000633404794387059,37.58974358974359,55.140921409214094,2.923846378315326e-06,0.00015236488349220975
GO:0030497,fatty acid elongation,0,168,13,20524,0.0,0.000633404794387059,0.0,0.0,1.0,1.0
GO:0051781,positive regulation of cell division,0,168,13,20524,0.0,0.000633404794387059,0.0,0.0,1.0,1.0
GO:0009306,protein secretion,0,168,13,20524,0.0,0.000633404794387059,0.0,0.0,1.0,1.0
GO:0000712,resolution of meiotic recombination intermediates,0,168,13,20524,0.0,0.000633404794387059,0.0,0.0,1.0,1.0
GO:0043248,proteasome assembly,0,168,13,20524,0.0,0.000633404794387059,0.0,0.0,1.0,1.0
GO:0015937,coenzyme A biosynthetic process,0,168,13,20524,0.0,0.000633404794387059,0.0,0.0,1.0,1.0
GO:0016197,endosomal transport,0,168,13,20524,0.0,0.000633404794387059,0.0,0.0,1.0,1.0
GO:1902456,regulation of stomatal opening,0,168,13,20524,0.0,0.000633404794387059,0.0,0.0,1.0,1.0
GO:0009786,regulation of asymmetric cell division,0,168,13,20524,0.0,0.000633404794387059,0.0,0.0,1.0,1.0
GO:0016441,post-transcriptional gene silencing,0,168,13,20524,0.0,0.000633404794387059,0.0,0.0,1.0,1.0
GO:0080183,response to photooxidative stress,0,168,13,20524,0.0,0.000633404794387059,0.0,0.0,1.0,1.0
GO:0042797,tRNA transcription by RNA polymerase III,0,168,13,20524,0.0,0.000633404794387059,0.0,0.0,1.0,1.0
GO:1901001,negative regulation of response to salt stress,0,168,13,20524,0.0,0.000633404794387059,0.0,0.0,1.0,1.0
GO:1901141,regulation of lignin biosynthetic process,0,168,13,20524,0.0,0.000633404794387059,0.0,0.0,1.0,1.0
GO:1901002,positive regulation of response to salt stress,0,168,13,20524,0.0,0.000633404794387059,0.0,0.0,1.0,1.0
GO:0006828,manganese ion transport,0,168,13,20524,0.0,0.000633404794387059,0.0,0.0,1.0,1.0
GO:0009850,auxin metabolic process,0,168,13,20524,0.0,0.000633404794387059,0.0,0.0,1.0,1.0
GO:0045824,negative regulation of innate immune response,0,168,13,20524,0.0,0.000633404794387059,0.0,0.0,1.0,1.0
GO:0030307,positive regulation of cell growth,0,168,13,20524,0.0,0.000633404794387059,0.0,0.0,1.0,1.0
GO:0032922,circadian regulation of gene expression,0,168,13,20524,0.0,0.000633404794387059,0.0,0.0,1.0,1.0
GO:0071370,cellular response to gibberellin stimulus,0,168,13,20524,0.0,0.000633404794387059,0.0,0.0,1.0,1.0
GO:0048831,regulation of shoot system development,0,168,13,20524,0.0,0.000633404794387059,0.0,0.0,1.0,1.0
GO:0010206,photosystem II repair,0,168,13,20524,0.0,0.000633404794387059,0.0,0.0,1.0,1.0
GO:0009086,methionine biosynthetic process,0,168,13,20524,0.0,0.000633404794387059,0.0,0.0,1.0,1.0
GO:0009094,L-phenylalanine biosynthetic process,0,168,13,20524,0.0,0.000633404794387059,0.0,0.0,1.0,1.0
GO:0019375,galactolipid biosynthetic process,0,168,13,20524,0.0,0.000633404794387059,0.0,0.0,1.0,1.0
GO:0007020,microtubule nucleation,0,168,12,20524,0.0,0.0005846813486649776,0.0,0.0,1.0,1.0
GO:0009684,indoleacetic acid biosynthetic process,1,168,12,20524,0.005952380952380952,0.0005846813486649776,10.180555555555554,11.07512248230811,0.09394678826563235,0.8573870998019396
GO:0006491,N-glycan processing,0,168,12,20524,0.0,0.0005846813486649776,0.0,0.0,1.0,1.0
GO:0001709,cell fate determination,0,168,12,20524,0.0,0.0005846813486649776,0.0,0.0,1.0,1.0
GO:0071035,nuclear polyadenylation-dependent rRNA catabolic process,0,168,12,20524,0.0,0.0005846813486649776,0.0,0.0,1.0,1.0
GO:0006997,nucleus organization,0,168,12,20524,0.0,0.0005846813486649776,0.0,0.0,1.0,1.0
GO:0071669,plant-type cell wall organization or biogenesis,1,168,12,20524,0.005952380952380952,0.0005846813486649776,10.180555555555554,11.07512248230811,0.09394678826563235,0.8573870998019396
GO:0006882,intracellular zinc ion homeostasis,1,168,12,20524,0.005952380952380952,0.0005846813486649776,10.180555555555554,11.07512248230811,0.09394678826563235,0.8573870998019396
GO:0007346,regulation of mitotic cell cycle,0,168,12,20524,0.0,0.0005846813486649776,0.0,0.0,1.0,1.0
GO:0031930,mitochondria-nucleus signaling pathway,0,168,12,20524,0.0,0.0005846813486649776,0.0,0.0,1.0,1.0
GO:0010104,regulation of ethylene-activated signaling pathway,2,168,12,20524,0.011904761904761904,0.0005846813486649776,20.361111111111107,24.513253012048192,0.004165354259415332,0.0797367815373792
GO:0030388,"fructose 1,6-bisphosphate metabolic process",0,168,12,20524,0.0,0.0005846813486649776,0.0,0.0,1.0,1.0
GO:0010093,specification of floral organ identity,0,168,12,20524,0.0,0.0005846813486649776,0.0,0.0,1.0,1.0
GO:0002098,tRNA wobble uridine modification,0,168,12,20524,0.0,0.0005846813486649776,0.0,0.0,1.0,1.0
GO:0080060,integument development,0,168,12,20524,0.0,0.0005846813486649776,0.0,0.0,1.0,1.0
GO:0042793,plastid transcription,0,168,12,20524,0.0,0.0005846813486649776,0.0,0.0,1.0,1.0
GO:0010417,glucuronoxylan biosynthetic process,0,168,12,20524,0.0,0.0005846813486649776,0.0,0.0,1.0,1.0
GO:0010439,regulation of glucosinolate biosynthetic process,0,168,12,20524,0.0,0.0005846813486649776,0.0,0.0,1.0,1.0
GO:0048024,"regulation of mRNA splicing, via spliceosome",0,168,12,20524,0.0,0.0005846813486649776,0.0,0.0,1.0,1.0
GO:0009554,megasporogenesis,0,168,12,20524,0.0,0.0005846813486649776,0.0,0.0,1.0,1.0
GO:0043547,positive regulation of GTPase activity,0,168,12,20524,0.0,0.0005846813486649776,0.0,0.0,1.0,1.0
GO:0000727,double-strand break repair via break-induced replication,0,168,12,20524,0.0,0.0005846813486649776,0.0,0.0,1.0,1.0
GO:0006730,one-carbon metabolic process,0,168,12,20524,0.0,0.0005846813486649776,0.0,0.0,1.0,1.0
GO:0009819,drought recovery,0,168,12,20524,0.0,0.0005846813486649776,0.0,0.0,1.0,1.0
GO:0006075,(1->3)-beta-D-glucan biosynthetic process,0,168,12,20524,0.0,0.0005846813486649776,0.0,0.0,1.0,1.0
GO:1902290,positive regulation of defense response to oomycetes,3,168,12,20524,0.017857142857142856,0.0005846813486649776,30.541666666666664,41.10505050505051,0.00011226042599793434,0.0031909175632140125
GO:0034755,iron ion transmembrane transport,0,168,12,20524,0.0,0.0005846813486649776,0.0,0.0,1.0,1.0
GO:0016559,peroxisome fission,0,168,12,20524,0.0,0.0005846813486649776,0.0,0.0,1.0,1.0
GO:0009955,adaxial/abaxial pattern specification,0,168,12,20524,0.0,0.0005846813486649776,0.0,0.0,1.0,1.0
GO:0006102,isocitrate metabolic process,0,168,12,20524,0.0,0.0005846813486649776,0.0,0.0,1.0,1.0
GO:0006164,purine nucleotide biosynthetic process,0,168,12,20524,0.0,0.0005846813486649776,0.0,0.0,1.0,1.0
GO:1902025,nitrate import,0,168,12,20524,0.0,0.0005846813486649776,0.0,0.0,1.0,1.0
GO:0006090,pyruvate metabolic process,1,168,12,20524,0.005952380952380952,0.0005846813486649776,10.180555555555554,11.07512248230811,0.09394678826563235,0.8573870998019396
GO:0010047,fruit dehiscence,0,168,12,20524,0.0,0.0005846813486649776,0.0,0.0,1.0,1.0
GO:0045337,farnesyl diphosphate biosynthetic process,0,168,12,20524,0.0,0.0005846813486649776,0.0,0.0,1.0,1.0
GO:0009649,entrainment of circadian clock,0,168,12,20524,0.0,0.0005846813486649776,0.0,0.0,1.0,1.0
GO:0006779,porphyrin-containing compound biosynthetic process,0,168,12,20524,0.0,0.0005846813486649776,0.0,0.0,1.0,1.0
GO:0001558,regulation of cell growth,0,168,12,20524,0.0,0.0005846813486649776,0.0,0.0,1.0,1.0
GO:0061817,endoplasmic reticulum-plasma membrane tethering,0,168,12,20524,0.0,0.0005846813486649776,0.0,0.0,1.0,1.0
GO:0045995,regulation of embryonic development,0,168,12,20524,0.0,0.0005846813486649776,0.0,0.0,1.0,1.0
GO:0045910,negative regulation of DNA recombination,0,168,12,20524,0.0,0.0005846813486649776,0.0,0.0,1.0,1.0
GO:0098656,monoatomic anion transmembrane transport,0,168,12,20524,0.0,0.0005846813486649776,0.0,0.0,1.0,1.0
GO:0006488,dolichol-linked oligosaccharide biosynthetic process,0,168,12,20524,0.0,0.0005846813486649776,0.0,0.0,1.0,1.0
GO:0048193,Golgi vesicle transport,0,168,12,20524,0.0,0.0005846813486649776,0.0,0.0,1.0,1.0
GO:0042753,positive regulation of circadian rhythm,0,168,12,20524,0.0,0.0005846813486649776,0.0,0.0,1.0,1.0
GO:0048437,floral organ development,0,168,12,20524,0.0,0.0005846813486649776,0.0,0.0,1.0,1.0
GO:0016973,poly(A)+ mRNA export from nucleus,0,168,12,20524,0.0,0.0005846813486649776,0.0,0.0,1.0,1.0
GO:0010344,seed oilbody biogenesis,0,168,12,20524,0.0,0.0005846813486649776,0.0,0.0,1.0,1.0
GO:0006086,acetyl-CoA biosynthetic process from pyruvate,0,168,12,20524,0.0,0.0005846813486649776,0.0,0.0,1.0,1.0
GO:0035265,organ growth,0,168,12,20524,0.0,0.0005846813486649776,0.0,0.0,1.0,1.0
GO:0035435,phosphate ion transmembrane transport,1,168,12,20524,0.005952380952380952,0.0005846813486649776,10.180555555555554,11.07512248230811,0.09394678826563235,0.8573870998019396
GO:0010233,phloem transport,0,168,12,20524,0.0,0.0005846813486649776,0.0,0.0,1.0,1.0
GO:0060321,acceptance of pollen,0,168,12,20524,0.0,0.0005846813486649776,0.0,0.0,1.0,1.0
GO:0019684,"photosynthesis, light reaction",0,168,12,20524,0.0,0.0005846813486649776,0.0,0.0,1.0,1.0
GO:0080136,priming of cellular response to stress,3,168,12,20524,0.017857142857142856,0.0005846813486649776,30.541666666666664,41.10505050505051,0.00011226042599793434,0.0031909175632140125
GO:0002758,innate immune response-activating signaling pathway,0,168,12,20524,0.0,0.0005846813486649776,0.0,0.0,1.0,1.0
GO:0005986,sucrose biosynthetic process,0,168,12,20524,0.0,0.0005846813486649776,0.0,0.0,1.0,1.0
GO:0090548,response to nitrate starvation,0,168,12,20524,0.0,0.0005846813486649776,0.0,0.0,1.0,1.0
GO:0051131,chaperone-mediated protein complex assembly,0,168,12,20524,0.0,0.0005846813486649776,0.0,0.0,1.0,1.0
GO:0080142,regulation of salicylic acid biosynthetic process,2,168,12,20524,0.011904761904761904,0.0005846813486649776,20.361111111111107,24.513253012048192,0.004165354259415332,0.0797367815373792
GO:0006536,glutamate metabolic process,0,168,12,20524,0.0,0.0005846813486649776,0.0,0.0,1.0,1.0
GO:0080113,regulation of seed growth,0,168,12,20524,0.0,0.0005846813486649776,0.0,0.0,1.0,1.0
GO:0071333,cellular response to glucose stimulus,0,168,11,20524,0.0,0.0005359579029428961,0.0,0.0,1.0,1.0
GO:0000338,protein deneddylation,0,168,11,20524,0.0,0.0005359579029428961,0.0,0.0,1.0,1.0
GO:0048759,xylem vessel member cell differentiation,0,168,11,20524,0.0,0.0005359579029428961,0.0,0.0,1.0,1.0
GO:0031122,cytoplasmic microtubule organization,0,168,11,20524,0.0,0.0005359579029428961,0.0,0.0,1.0,1.0
GO:0070973,protein localization to endoplasmic reticulum exit site,0,168,11,20524,0.0,0.0005359579029428961,0.0,0.0,1.0,1.0
GO:0006621,protein retention in ER lumen,0,168,11,20524,0.0,0.0005359579029428961,0.0,0.0,1.0,1.0
GO:0045926,negative regulation of growth,0,168,11,20524,0.0,0.0005359579029428961,0.0,0.0,1.0,1.0
GO:0000380,"alternative mRNA splicing, via spliceosome",0,168,11,20524,0.0,0.0005359579029428961,0.0,0.0,1.0,1.0
GO:0046470,phosphatidylcholine metabolic process,0,168,11,20524,0.0,0.0005359579029428961,0.0,0.0,1.0,1.0
GO:0070370,cellular heat acclimation,3,168,11,20524,0.017857142857142856,0.0005359579029428961,33.31818181818182,46.24545454545454,8.470462021381845e-05,0.0026484311253520566
GO:0008283,cell population proliferation,0,168,11,20524,0.0,0.0005359579029428961,0.0,0.0,1.0,1.0
GO:0034244,negative regulation of transcription elongation by RNA polymerase II,0,168,11,20524,0.0,0.0005359579029428961,0.0,0.0,1.0,1.0
GO:0033384,geranyl diphosphate biosynthetic process,0,168,11,20524,0.0,0.0005359579029428961,0.0,0.0,1.0,1.0
GO:0061157,mRNA destabilization,0,168,11,20524,0.0,0.0005359579029428961,0.0,0.0,1.0,1.0
GO:0006646,phosphatidylethanolamine biosynthetic process,0,168,11,20524,0.0,0.0005359579029428961,0.0,0.0,1.0,1.0
GO:0006656,phosphatidylcholine biosynthetic process,0,168,11,20524,0.0,0.0005359579029428961,0.0,0.0,1.0,1.0
GO:0045727,positive regulation of translation,0,168,11,20524,0.0,0.0005359579029428961,0.0,0.0,1.0,1.0
GO:0006972,hyperosmotic response,0,168,11,20524,0.0,0.0005359579029428961,0.0,0.0,1.0,1.0
GO:0045487,gibberellin catabolic process,0,168,11,20524,0.0,0.0005359579029428961,0.0,0.0,1.0,1.0
GO:0045491,xylan metabolic process,0,168,11,20524,0.0,0.0005359579029428961,0.0,0.0,1.0,1.0
GO:0007163,establishment or maintenance of cell polarity,0,168,11,20524,0.0,0.0005359579029428961,0.0,0.0,1.0,1.0
GO:0032509,endosome transport via multivesicular body sorting pathway,0,168,11,20524,0.0,0.0005359579029428961,0.0,0.0,1.0,1.0
GO:0030091,protein repair,0,168,11,20524,0.0,0.0005359579029428961,0.0,0.0,1.0,1.0
GO:0033617,mitochondrial cytochrome c oxidase assembly,0,168,11,20524,0.0,0.0005359579029428961,0.0,0.0,1.0,1.0
GO:0019827,stem cell population maintenance,0,168,11,20524,0.0,0.0005359579029428961,0.0,0.0,1.0,1.0
GO:0080186,developmental vegetative growth,0,168,11,20524,0.0,0.0005359579029428961,0.0,0.0,1.0,1.0
GO:0010239,chloroplast mRNA processing,0,168,11,20524,0.0,0.0005359579029428961,0.0,0.0,1.0,1.0
GO:0034727,piecemeal microautophagy of the nucleus,0,168,11,20524,0.0,0.0005359579029428961,0.0,0.0,1.0,1.0
GO:0035194,regulatory ncRNA-mediated post-transcriptional gene silencing,0,168,11,20524,0.0,0.0005359579029428961,0.0,0.0,1.0,1.0
GO:0010205,photoinhibition,0,168,11,20524,0.0,0.0005359579029428961,0.0,0.0,1.0,1.0
GO:0009097,isoleucine biosynthetic process,1,168,11,20524,0.005952380952380952,0.0005359579029428961,11.106060606060606,12.183233532934132,0.0864650020984476,0.8448351246702485
GO:0009231,riboflavin biosynthetic process,0,168,11,20524,0.0,0.0005359579029428961,0.0,0.0,1.0,1.0
GO:0010230,alternative respiration,3,168,11,20524,0.017857142857142856,0.0005359579029428961,33.31818181818182,46.24545454545454,8.470462021381845e-05,0.0026484311253520566
GO:0010225,response to UV-C,0,168,11,20524,0.0,0.0005359579029428961,0.0,0.0,1.0,1.0
GO:0010189,vitamin E biosynthetic process,0,168,11,20524,0.0,0.0005359579029428961,0.0,0.0,1.0,1.0
GO:0036211,protein modification process,0,168,11,20524,0.0,0.0005359579029428961,0.0,0.0,1.0,1.0
GO:0071249,cellular response to nitrate,0,168,11,20524,0.0,0.0005359579029428961,0.0,0.0,1.0,1.0
GO:0019430,removal of superoxide radicals,1,168,11,20524,0.005952380952380952,0.0005359579029428961,11.106060606060606,12.183233532934132,0.0864650020984476,0.8448351246702485
GO:0010483,pollen tube reception,0,168,11,20524,0.0,0.0005359579029428961,0.0,0.0,1.0,1.0
GO:0009932,cell tip growth,0,168,11,20524,0.0,0.0005359579029428961,0.0,0.0,1.0,1.0
GO:0051123,RNA polymerase II preinitiation complex assembly,0,168,11,20524,0.0,0.0005359579029428961,0.0,0.0,1.0,1.0
GO:0048358,mucilage pectin biosynthetic process,0,168,11,20524,0.0,0.0005359579029428961,0.0,0.0,1.0,1.0
GO:0006616,"SRP-dependent cotranslational protein targeting to membrane, translocation",0,168,11,20524,0.0,0.0005359579029428961,0.0,0.0,1.0,1.0
GO:0052542,defense response by callose deposition,1,168,11,20524,0.005952380952380952,0.0005359579029428961,11.106060606060606,12.183233532934132,0.0864650020984476,0.8448351246702485
GO:0006605,protein targeting,0,168,11,20524,0.0,0.0005359579029428961,0.0,0.0,1.0,1.0
GO:0006607,NLS-bearing protein import into nucleus,0,168,11,20524,0.0,0.0005359579029428961,0.0,0.0,1.0,1.0
GO:0090158,endoplasmic reticulum membrane organization,0,168,11,20524,0.0,0.0005359579029428961,0.0,0.0,1.0,1.0
GO:0000467,"exonucleolytic trimming to generate mature 3'-end of 5.8S rRNA from tricistronic rRNA transcript (SSU-rRNA, 5.8S rRNA, LSU-rRNA)",0,168,11,20524,0.0,0.0005359579029428961,0.0,0.0,1.0,1.0
GO:0055075,potassium ion homeostasis,0,168,11,20524,0.0,0.0005359579029428961,0.0,0.0,1.0,1.0
GO:0009635,response to herbicide,0,168,11,20524,0.0,0.0005359579029428961,0.0,0.0,1.0,1.0
GO:0009628,response to abiotic stimulus,1,168,11,20524,0.005952380952380952,0.0005359579029428961,11.106060606060606,12.183233532934132,0.0864650020984476,0.8448351246702485
GO:0006241,CTP biosynthetic process,0,168,11,20524,0.0,0.0005359579029428961,0.0,0.0,1.0,1.0
GO:0009643,photosynthetic acclimation,1,168,11,20524,0.005952380952380952,0.0005359579029428961,11.106060606060606,12.183233532934132,0.0864650020984476,0.8448351246702485
GO:0006265,DNA topological change,0,168,11,20524,0.0,0.0005359579029428961,0.0,0.0,1.0,1.0
GO:0010375,stomatal complex patterning,0,168,11,20524,0.0,0.0005359579029428961,0.0,0.0,1.0,1.0
GO:0009616,RNAi-mediated antiviral immune response,0,168,11,20524,0.0,0.0005359579029428961,0.0,0.0,1.0,1.0
GO:0000956,nuclear-transcribed mRNA catabolic process,0,168,11,20524,0.0,0.0005359579029428961,0.0,0.0,1.0,1.0
GO:0046654,tetrahydrofolate biosynthetic process,0,168,11,20524,0.0,0.0005359579029428961,0.0,0.0,1.0,1.0
GO:0046653,tetrahydrofolate metabolic process,0,168,11,20524,0.0,0.0005359579029428961,0.0,0.0,1.0,1.0
GO:0048317,seed morphogenesis,0,168,11,20524,0.0,0.0005359579029428961,0.0,0.0,1.0,1.0
GO:0006383,transcription by RNA polymerase III,0,168,11,20524,0.0,0.0005359579029428961,0.0,0.0,1.0,1.0
GO:0015908,fatty acid transport,0,168,11,20524,0.0,0.0005359579029428961,0.0,0.0,1.0,1.0
GO:0043562,cellular response to nitrogen levels,0,168,11,20524,0.0,0.0005359579029428961,0.0,0.0,1.0,1.0
GO:0044255,cellular lipid metabolic process,0,168,11,20524,0.0,0.0005359579029428961,0.0,0.0,1.0,1.0
GO:0009808,lignin metabolic process,0,168,11,20524,0.0,0.0005359579029428961,0.0,0.0,1.0,1.0
GO:0010444,guard mother cell differentiation,0,168,11,20524,0.0,0.0005359579029428961,0.0,0.0,1.0,1.0
GO:0016070,RNA metabolic process,0,168,11,20524,0.0,0.0005359579029428961,0.0,0.0,1.0,1.0
GO:0071482,cellular response to light stimulus,1,168,11,20524,0.005952380952380952,0.0005359579029428961,11.106060606060606,12.183233532934132,0.0864650020984476,0.8448351246702485
GO:1902326,positive regulation of chlorophyll biosynthetic process,0,168,11,20524,0.0,0.0005359579029428961,0.0,0.0,1.0,1.0
GO:0140547,acquisition of seed longevity,0,168,11,20524,0.0,0.0005359579029428961,0.0,0.0,1.0,1.0
GO:0000105,L-histidine biosynthetic process,0,168,11,20524,0.0,0.0005359579029428961,0.0,0.0,1.0,1.0
GO:0010109,regulation of photosynthesis,1,168,11,20524,0.005952380952380952,0.0005359579029428961,11.106060606060606,12.183233532934132,0.0864650020984476,0.8448351246702485
GO:0071470,cellular response to osmotic stress,0,168,11,20524,0.0,0.0005359579029428961,0.0,0.0,1.0,1.0
GO:0010067,procambium histogenesis,0,168,10,20524,0.0,0.00048723445722081467,0.0,0.0,1.0,1.0
GO:0010115,regulation of abscisic acid biosynthetic process,0,168,10,20524,0.0,0.00048723445722081467,0.0,0.0,1.0,1.0
GO:2000037,regulation of stomatal complex patterning,0,168,10,20524,0.0,0.00048723445722081467,0.0,0.0,1.0,1.0
GO:0032880,regulation of protein localization,0,168,10,20524,0.0,0.00048723445722081467,0.0,0.0,1.0,1.0
GO:0007094,mitotic spindle assembly checkpoint signaling,0,168,10,20524,0.0,0.00048723445722081467,0.0,0.0,1.0,1.0
GO:0010103,stomatal complex morphogenesis,0,168,10,20524,0.0,0.00048723445722081467,0.0,0.0,1.0,1.0
GO:0000070,mitotic sister chromatid segregation,0,168,10,20524,0.0,0.00048723445722081467,0.0,0.0,1.0,1.0
GO:0000289,nuclear-transcribed mRNA poly(A) tail shortening,0,168,10,20524,0.0,0.00048723445722081467,0.0,0.0,1.0,1.0
GO:0009861,jasmonic acid and ethylene-dependent systemic resistance,0,168,10,20524,0.0,0.00048723445722081467,0.0,0.0,1.0,1.0
GO:0006360,transcription by RNA polymerase I,0,168,10,20524,0.0,0.00048723445722081467,0.0,0.0,1.0,1.0
GO:0043043,peptide biosynthetic process,0,168,10,20524,0.0,0.00048723445722081467,0.0,0.0,1.0,1.0
GO:0016042,lipid catabolic process,0,168,10,20524,0.0,0.00048723445722081467,0.0,0.0,1.0,1.0
GO:0006526,L-arginine biosynthetic process,0,168,10,20524,0.0,0.00048723445722081467,0.0,0.0,1.0,1.0
GO:0007004,telomere maintenance via telomerase,0,168,10,20524,0.0,0.00048723445722081467,0.0,0.0,1.0,1.0
GO:0042773,ATP synthesis coupled electron transport,0,168,10,20524,0.0,0.00048723445722081467,0.0,0.0,1.0,1.0
GO:0016444,somatic cell DNA recombination,0,168,10,20524,0.0,0.00048723445722081467,0.0,0.0,1.0,1.0
GO:0010440,stomatal lineage progression,0,168,10,20524,0.0,0.00048723445722081467,0.0,0.0,1.0,1.0
GO:0009772,photosynthetic electron transport in photosystem II,0,168,10,20524,0.0,0.00048723445722081467,0.0,0.0,1.0,1.0
GO:0009769,"photosynthesis, light harvesting in photosystem II",0,168,10,20524,0.0,0.00048723445722081467,0.0,0.0,1.0,1.0
GO:0045047,protein targeting to ER,0,168,10,20524,0.0,0.00048723445722081467,0.0,0.0,1.0,1.0
GO:0015918,sterol transport,0,168,10,20524,0.0,0.00048723445722081467,0.0,0.0,1.0,1.0
GO:0090698,post-embryonic plant morphogenesis,0,168,10,20524,0.0,0.00048723445722081467,0.0,0.0,1.0,1.0
GO:0048444,floral organ morphogenesis,0,168,10,20524,0.0,0.00048723445722081467,0.0,0.0,1.0,1.0
GO:0009423,chorismate biosynthetic process,0,168,10,20524,0.0,0.00048723445722081467,0.0,0.0,1.0,1.0
GO:0009864,"induced systemic resistance, jasmonic acid mediated signaling pathway",1,168,10,20524,0.005952380952380952,0.00048723445722081467,12.216666666666665,13.537591483699268,0.07892180541863533,0.8412346986668174
GO:1900140,regulation of seedling development,0,168,10,20524,0.0,0.00048723445722081467,0.0,0.0,1.0,1.0
GO:0048509,regulation of meristem development,0,168,10,20524,0.0,0.00048723445722081467,0.0,0.0,1.0,1.0
GO:0006116,NADH oxidation,1,168,10,20524,0.005952380952380952,0.00048723445722081467,12.216666666666665,13.537591483699268,0.07892180541863533,0.8412346986668174
GO:0010306,rhamnogalacturonan II biosynthetic process,0,168,10,20524,0.0,0.00048723445722081467,0.0,0.0,1.0,1.0
GO:0046512,sphingosine biosynthetic process,0,168,10,20524,0.0,0.00048723445722081467,0.0,0.0,1.0,1.0
GO:0046486,glycerolipid metabolic process,0,168,10,20524,0.0,0.00048723445722081467,0.0,0.0,1.0,1.0
GO:0009759,indole glucosinolate biosynthetic process,1,168,10,20524,0.005952380952380952,0.00048723445722081467,12.216666666666665,13.537591483699268,0.07892180541863533,0.8412346986668174
GO:0120029,proton export across plasma membrane,0,168,10,20524,0.0,0.00048723445722081467,0.0,0.0,1.0,1.0
GO:0015743,malate transport,0,168,10,20524,0.0,0.00048723445722081467,0.0,0.0,1.0,1.0
GO:0045165,cell fate commitment,0,168,10,20524,0.0,0.00048723445722081467,0.0,0.0,1.0,1.0
GO:0045116,protein neddylation,0,168,10,20524,0.0,0.00048723445722081467,0.0,0.0,1.0,1.0
GO:0009610,response to symbiotic fungus,1,168,10,20524,0.005952380952380952,0.00048723445722081467,12.216666666666665,13.537591483699268,0.07892180541863533,0.8412346986668174
GO:0009645,response to low light intensity stimulus,0,168,10,20524,0.0,0.00048723445722081467,0.0,0.0,1.0,1.0
GO:0010016,shoot system morphogenesis,1,168,10,20524,0.005952380952380952,0.00048723445722081467,12.216666666666665,13.537591483699268,0.07892180541863533,0.8412346986668174
GO:0007035,vacuolar acidification,0,168,10,20524,0.0,0.00048723445722081467,0.0,0.0,1.0,1.0
GO:0019344,cysteine biosynthetic process,0,168,10,20524,0.0,0.00048723445722081467,0.0,0.0,1.0,1.0
GO:0010014,meristem initiation,0,168,10,20524,0.0,0.00048723445722081467,0.0,0.0,1.0,1.0
GO:0048578,"positive regulation of long-day photoperiodism, flowering",0,168,10,20524,0.0,0.00048723445722081467,0.0,0.0,1.0,1.0
GO:0060966,regulation of gene silencing by regulatory ncRNA,0,168,10,20524,0.0,0.00048723445722081467,0.0,0.0,1.0,1.0
GO:0009088,threonine biosynthetic process,0,168,10,20524,0.0,0.00048723445722081467,0.0,0.0,1.0,1.0
GO:0034475,U4 snRNA 3'-end processing,0,168,10,20524,0.0,0.00048723445722081467,0.0,0.0,1.0,1.0
GO:0034314,Arp2/3 complex-mediated actin nucleation,0,168,10,20524,0.0,0.00048723445722081467,0.0,0.0,1.0,1.0
GO:0022904,respiratory electron transport chain,0,168,10,20524,0.0,0.00048723445722081467,0.0,0.0,1.0,1.0
GO:0000422,autophagy of mitochondrion,0,168,10,20524,0.0,0.00048723445722081467,0.0,0.0,1.0,1.0
GO:0061723,glycophagy,0,168,10,20524,0.0,0.00048723445722081467,0.0,0.0,1.0,1.0
GO:0071586,CAAX-box protein processing,0,168,10,20524,0.0,0.00048723445722081467,0.0,0.0,1.0,1.0
GO:0006312,mitotic recombination,0,168,10,20524,0.0,0.00048723445722081467,0.0,0.0,1.0,1.0
GO:0009698,phenylpropanoid metabolic process,0,168,10,20524,0.0,0.00048723445722081467,0.0,0.0,1.0,1.0
GO:0009972,cytidine deamination,0,168,10,20524,0.0,0.00048723445722081467,0.0,0.0,1.0,1.0
GO:0010037,response to carbon dioxide,0,168,10,20524,0.0,0.00048723445722081467,0.0,0.0,1.0,1.0
GO:0010050,vegetative phase change,0,168,10,20524,0.0,0.00048723445722081467,0.0,0.0,1.0,1.0
GO:0050801,monoatomic ion homeostasis,0,168,10,20524,0.0,0.00048723445722081467,0.0,0.0,1.0,1.0
GO:0005996,monosaccharide metabolic process,0,168,10,20524,0.0,0.00048723445722081467,0.0,0.0,1.0,1.0
GO:0019752,carboxylic acid metabolic process,0,168,10,20524,0.0,0.00048723445722081467,0.0,0.0,1.0,1.0
GO:0034051,negative regulation of plant-type hypersensitive response,0,168,10,20524,0.0,0.00048723445722081467,0.0,0.0,1.0,1.0
GO:0030041,actin filament polymerization,0,168,10,20524,0.0,0.00048723445722081467,0.0,0.0,1.0,1.0
GO:0071038,TRAMP-dependent tRNA surveillance pathway,0,168,10,20524,0.0,0.00048723445722081467,0.0,0.0,1.0,1.0
GO:0033314,mitotic DNA replication checkpoint signaling,0,168,10,20524,0.0,0.00048723445722081467,0.0,0.0,1.0,1.0
GO:0010161,red light signaling pathway,0,168,10,20524,0.0,0.00048723445722081467,0.0,0.0,1.0,1.0
GO:0010158,abaxial cell fate specification,0,168,10,20524,0.0,0.00048723445722081467,0.0,0.0,1.0,1.0
GO:0046294,formaldehyde catabolic process,0,168,10,20524,0.0,0.00048723445722081467,0.0,0.0,1.0,1.0
GO:0071369,cellular response to ethylene stimulus,0,168,10,20524,0.0,0.00048723445722081467,0.0,0.0,1.0,1.0
GO:0071368,cellular response to cytokinin stimulus,0,168,10,20524,0.0,0.00048723445722081467,0.0,0.0,1.0,1.0
GO:0009699,phenylpropanoid biosynthetic process,0,168,10,20524,0.0,0.00048723445722081467,0.0,0.0,1.0,1.0
GO:0009688,abscisic acid biosynthetic process,0,168,10,20524,0.0,0.00048723445722081467,0.0,0.0,1.0,1.0
GO:0031123,RNA 3'-end processing,0,168,10,20524,0.0,0.00048723445722081467,0.0,0.0,1.0,1.0
GO:0031204,"post-translational protein targeting to membrane, translocation",0,168,10,20524,0.0,0.00048723445722081467,0.0,0.0,1.0,1.0
GO:0070897,transcription preinitiation complex assembly,0,168,10,20524,0.0,0.00048723445722081467,0.0,0.0,1.0,1.0
GO:2000122,negative regulation of stomatal complex development,0,168,10,20524,0.0,0.00048723445722081467,0.0,0.0,1.0,1.0
