gene_id,n_persistent_conditions,n_persistent_up,n_persistent_down,transcript_count,gene_model_type,short_description,curator_summary,computational_description,best_description
AT1G01340,2,2,0,2,protein_coding,cyclic nucleotide gated channel 10,"member of Cyclic nucleotide gated channel family, regulated by Bacillus amyloliquefaciens under high calcium stress.",cyclic nucleotide gated channel 10;(source:Araport11),cyclic nucleotide gated channel 10
AT1G01480,5,5,0,2,protein_coding,1-amino-cyclopropane-1-carboxylate synthase 2,"a member of the 1-aminocyclopropane-1-carboxylate (ACC) synthase (S-adenosyl-L-methionine methylthioadenosine-lyase, EC 4.4.1.14) gene family,  isolated from a flower-specific cDNA library.  Plays a key role in the establishment of stomatal density and cluster on the leaf epidermis in response to drought.",1-amino-cyclopropane-1-carboxylate synthase 2;(source:Araport11),1-amino-cyclopropane-1-carboxylate synthase 2
AT1G01560,4,4,0,4,protein_coding,MAP kinase 11,Member of MAP Kinase family. Flg22-induced activation is blocked by AvrRpt2.,MAP kinase 11;(source:Araport11),MAP kinase 11
AT1G01680,3,3,0,1,protein_coding,plant U-box 54,Plant U-box type E3 ubiquitin ligase (PUB).,plant U-box 54;(source:Araport11),plant U-box 54
AT1G01720,1,1,0,1,protein_coding,NAC (No Apical Meristem) domain transcriptional regulator superfamily protein,Belongs to a large family of putative transcriptional activators with NAC domain. Transcript level increases in response to wounding and abscisic acid. ATAF1 attentuates ABA signaling and sythesis. Mutants are hyposensitive to ABA. The mRNA is cell-to-cell mobile.,NAC (No Apical Meristem) domain transcriptional regulator superfamily protein;(source:Araport11),NAC (No Apical Meristem) domain transcriptional regulator superfamily protein
AT1G02120,1,1,0,3,protein_coding,GRAM domain family protein,"Encodes VAD1 (Vascular Associated Death1), a regulator of cell death and defense responses in vascular tissues.  VAD1 is a putative membrane associated protein and contains a GRAM domain.  vad1 is a lesion mimic mutant that exhibits light conditional appearance of propagative HR (hypersensitive response)-like lesions along the vascular system. The mRNA is cell-to-cell mobile. | Encodes VAD1 (Vascular Associated Death1), a regulator of cell death and defense responses in vascular tissues.  VAD1 is a putative membrane associated protein and contains a GRAM domain.  vad1 is a lesion mimic mutant that exhibits light conditional appearance of propagative HR (hypersensitive response)-like lesions along the vascular system.The mRNA is cell-to-cell mobile.",GRAM domain family protein;(source:Araport11),GRAM domain family protein
AT1G02220,2,2,0,1,protein_coding,NAC domain containing protein 3,NAC domain transcription factor which functions as a negative regulator of the TDIF-PXY module and fine-tunes TDIF signaling in vascular development. Controls the balance of xylem formation and cambial cell divisions.,NAC domain containing protein 3;(source:Araport11),NAC domain containing protein 3
AT1G02310,1,1,0,2,protein_coding,Glycosyl hydrolase superfamily protein,,Glycosyl hydrolase superfamily protein;(source:Araport11),Glycosyl hydrolase superfamily protein
AT1G02390,2,2,0,1,protein_coding,glycerol-3-phosphate acyltransferase 2,putative sn-glycerol-3-phosphate 2-O-acyltransferase,glycerol-3-phosphate acyltransferase 2;(source:Araport11),glycerol-3-phosphate acyltransferase 2
AT1G02470,2,2,0,2,protein_coding,Polyketide cyclase/dehydrase and lipid transport superfamily protein,,Polyketide cyclase/dehydrase and lipid transport superfamily protein;(source:Araport11),Polyketide cyclase/dehydrase and lipid transport superfamily protein
AT1G02850,4,4,0,5,protein_coding,beta glucosidase 11,,beta glucosidase 11;(source:Araport11),beta glucosidase 11
AT1G02920,6,6,0,1,protein_coding,glutathione S-transferase 7,Encodes glutathione transferase belonging to the phi class of GSTs. Naming convention according to Wagner et al. (2002).,glutathione S-transferase 7;(source:Araport11),glutathione S-transferase 7
AT1G02930,4,4,0,2,protein_coding,glutathione S-transferase 6,Encodes glutathione transferase belonging to the phi class of GSTs. Naming convention according to Wagner et al. (2002).,glutathione S-transferase 6;(source:Araport11),glutathione S-transferase 6
AT1G03130,1,0,1,1,protein_coding,photosystem I subunit D-2,Encodes a protein predicted by sequence similarity with spinach PsaD to be photosystem I reaction center subunit II (PsaD2),photosystem I subunit D-2;(source:Araport11),photosystem I subunit D-2
AT1G03210,1,1,0,2,protein_coding,Phenazine biosynthesis PhzC/PhzF protein,,Phenazine biosynthesis PhzC/PhzF protein;(source:Araport11),Phenazine biosynthesis PhzC/PhzF protein
AT1G03290,2,2,0,6,protein_coding,,,ELKS/Rab6-interacting/CAST family protein;(source:Araport11),ELKS/Rab6-interacting/CAST family protein;(source:Araport11)
AT1G03370,1,1,0,2,protein_coding,C2 calcium/lipid-binding and GRAM domain containing protein,,C2 calcium/lipid-binding and GRAM domain containing protein;(source:Araport11),C2 calcium/lipid-binding and GRAM domain containing protein
AT1G03400,1,1,0,2,protein_coding,2-oxoglutarate (2OG) and Fe(II)-dependent oxygenase superfamily protein,"A single copy gene that encodes a protein with sequence similarity to tomato E8 (ACC oxidase, the last step in ethylene biosynthesis) involved in ethylene synthesis and fruit ripening in tomato. This gene is not induced by ethylene in siliques. The transcript is found in siliques, etiolated seedlings, leaves, stems and flowers.",2-oxoglutarate (2OG) and Fe(II)-dependent oxygenase superfamily protein;(source:Araport11),2-oxoglutarate (2OG) and Fe(II)-dependent oxygenase superfamily protein
AT1G03970,1,1,0,1,protein_coding,G-box binding factor 4,encodes a basic leucine zipper G-box binding factor that can bind to G-box motifs only as heterodimers with GBF2 or GBF3. A single amino acid change can confer G-box binding as homodimers.,G-box binding factor 4;(source:Araport11),G-box binding factor 4
AT1G04600,1,1,0,1,protein_coding,myosin XI A,member of Myosin-like proteins,myosin XI A;(source:Araport11),myosin XI A
AT1G04810,1,1,0,1,protein_coding,"26S proteasome regulatory complex, non-ATPase subcomplex, Rpn2/Psmd1 subunit",,"26S proteasome regulatory complex, non-ATPase subcomplex, Rpn2/Psmd1 subunit;(source:Araport11)","26S proteasome regulatory complex, non-ATPase subcomplex, Rpn2/Psmd1 subunit"
AT1G04980,1,1,0,1,protein_coding,PDI-like 2-2,"Encodes a protein disulfide isomerase-like (PDIL) protein, a member of a multigene family within the thioredoxin (TRX) superfamily. Transcript levels for this gene are up-regulated in response to three different chemical inducers of ER stress (dithiothreitol, beta-mercaptoethanol, and tunicamycin). AtIRE1-2 does not appear to be required for this response, but the atbzip60 mutant has a diminished response.",PDI-like 2-2;(source:Araport11),PDI-like 2-2
AT1G05300,1,1,0,2,protein_coding,zinc transporter 5 precursor,member of Fe(II) transporter isolog family,zinc transporter 5 precursor;(source:Araport11),zinc transporter 5 precursor
AT1G05340,3,3,0,1,protein_coding,,Cysteine-rich protein of unknown function. Mutants are defective in thermotolerance and uv tolerance.,cysteine-rich TM module stress tolerance protein;(source:Araport11),Cysteine-rich protein of unknown function. Mutants are defective in thermotolerance and uv tolerance.
AT1G05570,1,1,0,4,protein_coding,callose synthase 1,Encodes a callose synthase 1 catalytic subunit . Member of Glycosyltransferase Family- 48.,callose synthase 1;(source:Araport11),callose synthase 1
AT1G05680,5,5,0,1,protein_coding,Uridine diphosphate glycosyltransferase 74E2,"Encodes a UDP-glucosyltransferase, UGT74E2,  that acts on IBA (indole-3-butyric acid) and affects auxin homeostasis. The transcript and protein levels of this enzyme are strongly induced by H2O2 and may allow integration of ROS (reactive oxygen species) and auxin signaling. This enzyme can also transfer glycosyl groups to several compounds related to the explosive TNT when this synthetic compound is taken up from the environment.",Uridine diphosphate glycosyltransferase 74E2;(source:Araport11),Uridine diphosphate glycosyltransferase 74E2
AT1G06050,1,1,0,1,protein_coding,Protein of unknown function (DUF1336),,ENHANCED DISEASE RESISTANCE-like protein (DUF1336);(source:Araport11),Protein of unknown function (DUF1336)
AT1G06080,1,0,1,2,protein_coding,delta 9 desaturase 1,Encodes a protein homologous to delta 9 acyl-lipid desaturases of cyanobacteria and acyl-CoA desaturases of yeast and mammals. expression down-regulated by cold temperature.  It is involved in the desaturation of VLCFAs to make monounsaturated VLCFAs.,delta 9 desaturase 1;(source:Araport11),delta 9 desaturase 1
AT1G06650,1,1,0,2,protein_coding,2-oxoglutarate (2OG) and Fe(II)-dependent oxygenase superfamily protein,encodes a protein whose sequence is similar to 2-oxoglutarate-dependent dioxygenase The mRNA is cell-to-cell mobile.,2-oxoglutarate (2OG) and Fe(II)-dependent oxygenase superfamily protein;(source:Araport11),2-oxoglutarate (2OG) and Fe(II)-dependent oxygenase superfamily protein
AT1G06680,1,0,1,2,protein_coding,photosystem II subunit P-1,"Encodes a 23 kD extrinsic protein that is part of photosystem II and participates in the regulation of oxygen evolution. Phosphorylation of this protein is dependent on calcium. In plsp1-1 mutant plastids, the nonmature form of the protein localizes in the stroma. The mRNA is cell-to-cell mobile.",photosystem II subunit P-1;(source:Araport11),photosystem II subunit P-1
AT1G07000,4,4,0,1,protein_coding,exocyst subunit exo70 family protein B2,"A member of EXO70 gene family, putative exocyst subunits, conserved in land plants. Arabidopsis thaliana contains 23 putative EXO70 genes, which can be classified into eight clusters on the phylogenetic tree.",exocyst subunit exo70 family protein B2;(source:Araport11),exocyst subunit exo70 family protein B2
AT1G07050,2,2,0,2,protein_coding,CCT motif family protein,"FITNESS encodes a protein with a single CCT domain and belongs to the CCT motif family genes (CMF). FITNESS acts upstream JUB1 thereby controlling H2O2 levels. FITNESS has a role in cellular redox homeostasis controlling H2O2 levels, due to changes in enzymes, metabolites and transcripts related to ROS detoxification.",CCT motif family protein;(source:Araport11),CCT motif family protein
AT1G07350,1,1,0,6,protein_coding,RNA-binding (RRM/RBD/RNP motifs) family protein,"Encodes a serine/arginine rich-like protein, SR45a. Involved in the regulation of stress-responsive alternative splicing.",RNA-binding (RRM/RBD/RNP motifs) family protein;(source:Araport11),RNA-binding (RRM/RBD/RNP motifs) family protein
AT1G07390,1,1,0,5,protein_coding,receptor like protein 1,,receptor like protein 1;(source:Araport11),receptor like protein 1
AT1G07400,1,1,0,1,protein_coding,HSP20-like chaperones superfamily protein,,HSP20-like chaperones superfamily protein;(source:Araport11),HSP20-like chaperones superfamily protein
AT1G07430,1,1,0,1,protein_coding,highly ABA-induced PP2C gene 2,Encodes a member of the group A protein phosphatase 2C (PP2C) family that is responsible for negatively regulating seed dormancy.,highly ABA-induced PP2C protein 2;(source:Araport11),highly ABA-induced PP2C gene 2
AT1G07520,2,2,0,4,protein_coding,GRAS family transcription factor,,GRAS family transcription factor;(source:Araport11),GRAS family transcription factor
AT1G07620,3,3,0,4,protein_coding,GTP-binding protein Obg/CgtA,,GTP-binding protein Obg/CgtA;(source:Araport11),GTP-binding protein Obg/CgtA
AT1G07630,1,1,0,1,protein_coding,pol-like 5,"Encodes a protein phosphatase 2C  like gene, similar to POL. Involved in leaf development. Knockout mutants have abnormally shaped leaves.",pol-like 5;(source:Araport11),pol-like 5
AT1G07870,2,2,0,2,protein_coding,Protein kinase superfamily protein,,Protein kinase superfamily protein;(source:Araport11),Protein kinase superfamily protein
AT1G07890,1,1,0,8,protein_coding,ascorbate peroxidase 1,"Encodes a cytosolic ascorbate peroxidase APX1.  Ascorbate peroxidases are enzymes that scavenge hydrogen peroxide in plant cells.  Eight types of APX have been described for Arabidopsis: three cytosolic (APX1, APX2, APX6), two chloroplastic types (stromal sAPX, thylakoid tAPX), and three microsomal (APX3, APX4, APX5) isoforms. At least part of the induction of heat shock proteins during light stress in Arabidopsis is mediated by H2O2 that is scavenged by APX1. Expression of the gene is downregulated in the presence of paraquat, an inducer of photoxidative stress. The mRNA is cell-to-cell mobile.",ascorbate peroxidase 1;(source:Araport11),ascorbate peroxidase 1
AT1G07900,3,3,0,1,protein_coding,LOB domain-containing protein 1,,LOB domain-containing protein 1;(source:Araport11),LOB domain-containing protein 1
AT1G08050,4,4,0,1,protein_coding,Zinc finger (C3HC4-type RING finger) family protein,,Zinc finger (C3HC4-type RING finger) family protein;(source:Araport11),Zinc finger (C3HC4-type RING finger) family protein
AT1G08380,1,0,1,1,protein_coding,photosystem I subunit O,Encodes subunit O of photosystem I.,photosystem I subunit O;(source:Araport11),photosystem I subunit O
AT1G08450,4,4,0,3,protein_coding,calreticulin 3,"Encodes one of three Arabidopsis calreticulins.   In CRT-deficient mouse fibroblasts, this protein restores ER Ca2+ levels. Non-receptor component required for EFR-mediated immunity. Mutants show de-repressed anthocyanin accumulation in the  presence of elf18, and EFR accumulation and signalling.",calreticulin 3;(source:Araport11),calreticulin 3
AT1G08500,1,1,0,1,protein_coding,early nodulin-like protein 18,,early nodulin-like protein 18;(source:Araport11),early nodulin-like protein 18
AT1G08630,2,2,0,7,protein_coding,threonine aldolase 1,"Encodes a threonine aldolase, involved in threonine degradation to glycine. Primarily expressed in seeds and seedlings.",threonine aldolase 1;(source:Araport11),threonine aldolase 1
AT1G08830,3,1,2,2,protein_coding,copper/zinc superoxide dismutase 1,Encodes a cytosolic copper/zinc superoxide dismutase CSD1 that can detoxify superoxide radicals.  Its expression is affected by miR398-directed mRNA cleavage. Regulated by biotic and abiotic stress. Activation of CSD1 in the cytoplasm involves both a CCS-dependent and -independent pathway.,copper/zinc superoxide dismutase 1;(source:Araport11),copper/zinc superoxide dismutase 1
AT1G08930,1,1,0,2,protein_coding,Major facilitator superfamily protein,encodes a putative sucrose transporter whose gene expression is induced by dehydration and cold. The mRNA is cell-to-cell mobile.,Major facilitator superfamily protein;(source:Araport11),Major facilitator superfamily protein
AT1G08940,1,1,0,1,protein_coding,Phosphoglycerate mutase family protein,,Phosphoglycerate mutase family protein;(source:Araport11),Phosphoglycerate mutase family protein
AT1G09070,2,2,0,1,protein_coding,soybean gene regulated by cold-2,"SRC2 specifically binds the peptide PIEPPPHH, and moves from ER to a vacuole fraction where it gets internalized. Involved in Protein Storage Vacuole targeting. The mRNA is cell-to-cell mobile.",soybean gene regulated by cold-2;(source:Araport11),soybean gene regulated by cold-2
AT1G09080,2,2,0,2,protein_coding,Heat shock protein 70 (Hsp 70) family protein,Member of the HSP70 family of heat shock proteins. Induced by stress and unfolded protein response. A target of several bZIP proteins.,Heat shock protein 70 (Hsp 70) family protein;(source:Araport11),Heat shock protein 70 (Hsp 70) family protein
AT1G09100,1,1,0,1,protein_coding,26S proteasome AAA-ATPase subunit RPT5B,"Encodes RPT5b (Regulatory Particle 5b), one of the six AAA-ATPases of the proteasome regulatory particle.  Essential for gametophyte development.  In Arabidopsis, the RPT5 subunit is encoded by two highly homologous genes, RPT5a and RPT5b.  RPT5a and RPT5b show accession-dependent functional redundancy.  In Wassilewskija (Ws) accession: mutant alleles of RPT5a displayed 50% pollen lethality, indicating that RPT5a is essential for male gametophyte development. In the Columbia (Col) accession, a rpt5a mutant allele did not display such a phenotype because the RPT5b Col allele complements the rpt5a defect in the male gametophyte, whereas the RPT5b Ws allele does not. Double rpt5a rpt5b mutants in Col background showed a complete male and female gametophyte lethal phenotype.",26S proteasome AAA-ATPase subunit RPT5B;(source:Araport11),26S proteasome AAA-ATPase subunit RPT5B
AT1G09350,1,1,0,2,protein_coding,galactinol synthase 3,Predicted to encode a galactinol synthase,galactinol synthase 3;(source:Araport11),galactinol synthase 3
AT1G09500,7,7,0,3,protein_coding,NAD(P)-binding Rossmann-fold superfamily protein,"similar to Eucalyptus gunnii alcohol dehydrogenase of unknown physiological function (GI:1143445), Vigna unguiculata (gi:1854445), NOT a cinnamyl-alcohol dehydrogenase",NAD(P)-binding Rossmann-fold superfamily protein;(source:Araport11),NAD(P)-binding Rossmann-fold superfamily protein
AT1G09560,3,3,0,1,protein_coding,germin-like protein 5,Encodes a plasodesmata-located protein involved in regulating primary root growth by controlling phloem-mediated allocation of resources between the primary and lateral root meristems. The mRNA is cell-to-cell mobile.,germin-like protein 5;(source:Araport11),germin-like protein 5
AT1G09932,4,4,0,4,protein_coding,Phosphoglycerate mutase family protein,,Phosphoglycerate mutase family protein;(source:Araport11),Phosphoglycerate mutase family protein
AT1G09970,2,2,0,2,protein_coding,Leucine-rich receptor-like protein kinase family protein,RLK7 belongs to a leucine-rich repeat class of receptor-likekinase (LRR-RLKs). It is involved in the control of germination speed and the tolerance to oxidant stress. The mRNA is cell-to-cell mobile.,Leucine-rich receptor-like protein kinase family protein;(source:Araport11),Leucine-rich receptor-like protein kinase family protein
AT1G10050,1,1,0,3,protein_coding,glycosyl hydrolase family 10 protein / carbohydrate-binding domain-containing protein,Encodes a putative glycosyl hydrolase family 10 protein (xylanase).,glycosyl hydrolase family 10 protein / carbohydrate-binding domain-containing protein;(source:Araport11),glycosyl hydrolase family 10 protein / carbohydrate-binding domain-containing protein
AT1G10070,6,6,0,3,protein_coding,branched-chain amino acid transaminase 2,Encodes a chloroplast branched-chain amino acid aminotransferase. Complements the yeast leu/iso-leu/val auxotrophy mutant. Involved in cell wall development.,branched-chain amino acid transaminase 2;(source:Araport11),branched-chain amino acid transaminase 2
AT1G10170,1,1,0,4,protein_coding,NF-X-like 1,"Encodes AtNFXL1, a homologue of the putative human transcription repressor NF-X1.  Functions as a negative regulator of the trichothecene phytotoxin-induced defense response.",NF-X-like 1;(source:Araport11),NF-X-like 1
AT1G10340,1,1,0,2,protein_coding,Ankyrin repeat family protein,,Ankyrin repeat family protein;(source:Araport11),Ankyrin repeat family protein
AT1G10410,1,1,0,1,protein_coding,Protein of unknown function (DUF1336),,CW14 protein (DUF1336);(source:Araport11),Protein of unknown function (DUF1336)
AT1G10920,1,1,0,5,protein_coding,NB-ARC domain-containing disease resistance protein,"Encodes LOV1, a disease susceptibility gene that, paradoxically, is a member of the NBS-LRR resistance gene family.  Conditions susceptibility to the fungus Cochliobolus victoriae and victorin-dependent induction of defense-associated proteins. Saturation mutagenesis identified 59 lov mutations that all display reduced susceptibility to vitorin. Mutations in known defense response pathways do not prevent susceptibility to C. victoriae.",NB-ARC domain-containing disease resistance protein;(source:Araport11),NB-ARC domain-containing disease resistance protein
AT1G11210,1,1,0,1,protein_coding,Protein of unknown function (DUF761),,"cotton fiber protein, putative (DUF761);(source:Araport11)",Protein of unknown function (DUF761)
AT1G11310,2,2,0,3,protein_coding,Seven transmembrane MLO family protein,"A member of a large family of seven-transmembrane domain proteins specific to plants, homologs of the barley mildew resistance locus o (MLO) protein. The Arabidopsis genome contains 15 genes encoding MLO proteins, with localization in plasma membrane. Phylogenetic analysis revealed four clades of closely-related AtMLO genes. ATMLO2 belongs to the clade IV, with AtMLO3, AtMLO6 and AtMLO12. The gene is expressed during early seedling growth, in roots, in vascular system of cotyledons and young leaves,and in fruit abscission zone; it was not expressed in anthers and pollen, as shown by GUS activity patterns. The expression of several phylogenetically closely-related AtMLO genes showed similar or overlapping tissue specificity and analogous responsiveness to external stimuli, suggesting functional redundancy, co-function, or antagonistic function(s). mlo resistance in A. thaliana does not involve the signaling molecules ethylene, jasmonic acid or salicylic acid, but requires a syntaxin, glycosyl hydrolase and ABC transporter. It is a novel virulence target of the P. syringae type III secreted effector HopZ2.",Seven transmembrane MLO family protein;(source:Araport11),Seven transmembrane MLO family protein
AT1G11330,4,4,0,3,protein_coding,S-locus lectin protein kinase family protein,"Recognizes the 9-methyl?branched sphingoid base, produced as result of cleavage of Phytophthora infestans?ceramide D (Pi-Cer D) by NCER2. the 9-Methyl?branched sphingoid base is specific to microbes and induces plant immune responses by physically interacting with RDA2.",S-locus lectin protein kinase family protein;(source:Araport11),S-locus lectin protein kinase family protein
AT1G12200,1,1,0,2,protein_coding,Flavin-binding monooxygenase family protein,Putative flavin monooxygenase.,Flavin-binding monooxygenase family protein;(source:Araport11),Flavin-binding monooxygenase family protein
AT1G12210,1,1,0,3,protein_coding,RPS5-like 1,RFL1 has high sequence similarity to the adjacent disease resistance (R) gene RPS5.,RPS5-like 1;(source:Araport11),RPS5-like 1
AT1G12220,1,1,0,3,protein_coding,Disease resistance protein (CC-NBS-LRR class) family,"Resistance gene, mediates resistance against the bacterial pathogen Pseudomonas syringae. Contains a putative nucleotide binding site composed of kinase-1a (or P-loop), kinase-2a, and putative kinase-3a domains, 13 imperfect leucine-rich repeats, a potential leucine zipper, and two uncharacterized motifs that are well conserved in products of previously isolated R genes. Confers resistance to Pseudomonas syringae strains that express avrPphB.",Disease resistance protein (CC-NBS-LRR class) family;(source:Araport11),Disease resistance protein (CC-NBS-LRR class) family
AT1G12520,3,1,2,3,protein_coding,copper chaperone for SOD1,"Copper-zinc superoxide dismutase copper chaperone (delivers copper to the Cu-Zn superoxide dismutase). Localized to the chloroplast. Expressed in roots and shoots. Up-regulated in response to copper and senescence. The AtACC activates all three CuZnSOD activities located in three different subcellular compartments.  Contains three domains, central, ATX-1 like and C-terminal. ATX-1 like domain essential for the copper chaperone function of AtCCS in planta.",copper chaperone for SOD1;(source:Araport11),copper chaperone for SOD1
AT1G13000,1,1,0,5,protein_coding,Protein of unknown function (DUF707),,"transmembrane protein, putative (DUF707);(source:Araport11)",Protein of unknown function (DUF707)
AT1G13060,1,1,0,3,protein_coding,20S proteasome beta subunit E1,Encodes 20S proteasome beta subunit PBE1 (PBE1).,20S proteasome beta subunit E1;(source:Araport11),20S proteasome beta subunit E1
AT1G13210,2,2,0,1,protein_coding,autoinhibited Ca2+/ATPase II,"Autoinhibited Ca2+/ATPase II. ALA11 acts redundantly with ALA3, ALA4, ALA5, ALA9, ALA10 in root and shoot development as well as PIN trafficking and polarity .",autoinhibited Ca2+/ATPase II;(source:Araport11),autoinhibited Ca2+/ATPase II
AT1G13470,2,2,0,1,protein_coding,Protein of unknown function (DUF1262),,hypothetical protein (DUF1262);(source:Araport11),Protein of unknown function (DUF1262)
AT1G13609,1,0,1,2,protein_coding,Defensin-like (DEFL) family protein,"Encodes a defensin-like (DEFL) family protein;  irondeficiency-regulated gene expression. Unannotated bottom strand transcript is expressed at much higher levels than the top strand transcripts indicative of lncRNA, CAN OF SPINACH (COS).",Defensin-like (DEFL) family protein;(source:Araport11),Defensin-like (DEFL) family protein
AT1G13650,1,0,1,4,protein_coding,,,hypothetical protein;(source:Araport11),hypothetical protein;(source:Araport11)
AT1G13750,2,2,0,1,protein_coding,Purple acid phosphatases superfamily protein,Encodes a purple acid phosphatase whose expression is responsive to both phosphate (Pi) and phosphite (Phi) in roots.,Purple acid phosphatases superfamily protein;(source:Araport11),Purple acid phosphatases superfamily protein
AT1G13990,1,1,0,3,protein_coding,,,plant/protein;(source:Araport11),plant/protein;(source:Araport11)
AT1G14000,1,1,0,1,protein_coding,VH1-interacting kinase,Encodes a protein with similarity to members of the C1 subgroup of MAP kinase kinase kinases. Interacts physically with the receptor kinase BRL2/VH1 and appears to be involved in auxin and brassinosteriod signaling. The mRNA is cell-to-cell mobile.,VH1-interacting kinase;(source:Araport11),VH1-interacting kinase
AT1G14010,1,1,0,1,protein_coding,emp24/gp25L/p24 family/GOLD family protein,,emp24/gp25L/p24 family/GOLD family protein;(source:Araport11),emp24/gp25L/p24 family/GOLD family protein
AT1G14200,1,1,0,1,protein_coding,RING/U-box superfamily protein,E3 ligase involved in the regulation of the homeostasis of sensor NLR immune receptors.,RING/U-box superfamily protein;(source:Araport11),RING/U-box superfamily protein
AT1G14360,2,2,0,1,protein_coding,UDP-galactose transporter 3,,UDP-galactose transporter 3;(source:Araport11),UDP-galactose transporter 3
AT1G14370,4,4,0,1,protein_coding,protein kinase 2A,Encodes protein kinase APK2a. Protein is N-myristoylated.,protein kinase 2A;(source:Araport11),protein kinase 2A
AT1G14790,1,1,0,1,protein_coding,RNA-dependent RNA polymerase 1,"Encodes RNA-dependent RNA polymerase.   While not required for virus-induced post-transcriptional gene silencing (PTGS), it can promote turnover of viral RNAs in infected plants. Nomenclature according to Xie, et al. (2004). Involved in the production of Cucumber Mosaic Virus siRNAs.",RNA-dependent RNA polymerase 1;(source:Araport11),RNA-dependent RNA polymerase 1
AT1G14870,3,3,0,2,protein_coding,PLANT CADMIUM RESISTANCE 2,PCR2 encodes a membrane protein involved in zinc transport and detoxification.,PLANT CADMIUM RESISTANCE 2;(source:Araport11),PLANT CADMIUM RESISTANCE 2
AT1G14880,3,3,0,1,protein_coding,PLANT CADMIUM RESISTANCE 1,,PLANT CADMIUM RESISTANCE 1;(source:Araport11),PLANT CADMIUM RESISTANCE 1
AT1G15125,1,1,0,2,protein_coding,S-adenosyl-L-methionine-dependent methyltransferases superfamily protein,,S-adenosyl-L-methionine-dependent methyltransferases superfamily protein;(source:Araport11),S-adenosyl-L-methionine-dependent methyltransferases superfamily protein
AT1G15520,4,4,0,2,protein_coding,pleiotropic drug resistance 12,"ABC transporter family involved in ABA transport and resistance to lead. Localizes to plasma membrane. Upregulated by lead. Expressed in leaves, flowers, stomata and roots.",pleiotropic drug resistance 12;(source:Araport11),pleiotropic drug resistance 12
AT1G15670,1,1,0,1,protein_coding,Galactose oxidase/kelch repeat superfamily protein,"Encodes a member of a family of F-box proteins, called the KISS ME DEADLY (KMD) family, that targets type-B ARR proteins for degradation and is involved in the negative regulation of the cytokinin response. Also named as KFB1, a member of a group of Kelch repeat F-box proteins that negatively regulate phenylpropanoid biosynthesis by targeting the phenypropanoid biosynthesis enzyme phenylalanine ammonia-lyase.",Galactose oxidase/kelch repeat superfamily protein;(source:Araport11),Galactose oxidase/kelch repeat superfamily protein
AT1G15790,4,4,0,5,protein_coding,,,mediator of RNA polymerase II transcription subunit 15a-like protein;(source:Araport11),mediator of RNA polymerase II transcription subunit 15a-like protein;(source:Araport11)
AT1G15820,1,0,1,1,protein_coding,light harvesting complex photosystem II subunit 6,"Lhcb6 protein (Lhcb6), light harvesting complex of photosystem II.",light harvesting complex photosystem II subunit 6;(source:Araport11),light harvesting complex photosystem II subunit 6
AT1G16090,1,1,0,1,protein_coding,wall associated kinase-like 7,Encodes a truncated WAK-like kinase that is predicted to be a secreted protein.,wall associated kinase-like 7;(source:Araport11),wall associated kinase-like 7
AT1G16110,1,1,0,1,protein_coding,wall associated kinase-like 6,Encodes a WAK-like receptor-like kinase with a cytoplasmic Ser/Thr protein kinase domain and an extracellular domain with EGF-like repeats. It has been shown to be localized to the cell wall.,wall associated kinase-like 6;(source:Araport11),wall associated kinase-like 6
AT1G16470,1,1,0,2,protein_coding,proteasome subunit PAB1,Encodes 20S proteasome subunit PAB1 (PAB1).,proteasome subunit PAB1;(source:Araport11),proteasome subunit PAB1
AT1G16510,2,2,0,1,protein_coding,SAUR-like auxin-responsive protein family,"Encodes a clade III SAUR gene with a distinctive expression pattern in root meristems.  It is normally expressed in the quiescent center and cortex/endodermis initials and upon auxin stimulation, the expression is found in the endodermal layer.  Overexpression studies suggest roles in cell expansion and auxin transport.",SAUR-like auxin-responsive protein family;(source:Araport11),SAUR-like auxin-responsive protein family
AT1G16670,1,1,0,1,protein_coding,Protein kinase superfamily protein,"Encodes a cold-activated plasma membrane protein cold-responsive protein kinase that phosphorylates 14-3-3 proteins. The phosphorylated 14-3-3 proteins shuttle from the cytosol to the nucleus, where they interact with and destabilize the key cold-responsive C-repeat-binding factor (CBF) proteins, modulate CBF stability and the response to cold stress.",Protein kinase superfamily protein;(source:Araport11),Protein kinase superfamily protein
AT1G16850,1,1,0,1,protein_coding,,,transmembrane protein;(source:Araport11),transmembrane protein;(source:Araport11)
AT1G17020,3,3,0,1,protein_coding,senescence-related gene 1,Encodes a novel member of the Fe(II)/ascorbate oxidase gene family; senescence-related gene.,senescence-related gene 1;(source:Araport11),senescence-related gene 1
AT1G17100,1,1,0,1,protein_coding,SOUL heme-binding family protein,"Encodes a cytosolic heme binding protein(cHBP)that can reversibly bind tetrapyrroles including heme, protoporphyrin IX and Mg-protoporphyrin IX dimethyl ester with distinct binding af&#64257;nities.",SOUL heme-binding family protein;(source:Araport11),SOUL heme-binding family protein
AT1G17170,1,1,0,1,protein_coding,glutathione S-transferase TAU 24,"Encodes glutathione transferase belonging to the tau class of GSTs. Naming convention according to Wagner et al. (2002). It is involved in the detoxification of the environmental pollutant 2,4,6-trinitrotoluene. Arabidopsis plants over-expressing At1g17170 were more resistant to TNT, removed more TNT from sterile and soil-based media, and had reduced levels of glutathione when grown in the presence of TNT.",glutathione S-transferase TAU 24;(source:Araport11),glutathione S-transferase TAU 24
AT1G17290,1,1,0,1,protein_coding,alanine aminotransferas,"Encodes for alanine aminotransferase (ALAAT1), involved in alanine catabolism during plants recovery from hypoxia The mRNA is cell-to-cell mobile.",alanine aminotransferas;(source:Araport11),alanine aminotransferas
AT1G17380,2,2,0,3,protein_coding,jasmonate-zim-domain protein 5,Involved in response to wounding.,jasmonate-zim-domain protein 5;(source:Araport11),jasmonate-zim-domain protein 5
AT1G17430,2,2,0,1,protein_coding,alpha/beta-Hydrolases superfamily protein,,alpha/beta-Hydrolases superfamily protein;(source:Araport11),alpha/beta-Hydrolases superfamily protein
AT1G17600,1,1,0,1,protein_coding,Disease resistance protein (TIR-NBS-LRR class) family,"SOC3 is a TIR-NB-leucine-rich repeat (TNL) protein.Mutants suppress loss of chs2 phenotype of auto-activation of immunity.  When the TIR domain of SOC3  interacts with CHS2 the binding results in temperature activation of cell death, the suppressors inhibit this interaction.",Disease resistance protein (TIR-NBS-LRR class) family;(source:Araport11),Disease resistance protein (TIR-NBS-LRR class) family
AT1G17665,1,1,0,1,protein_coding,,,CA-responsive protein;(source:Araport11),CA-responsive protein;(source:Araport11)
AT1G17745,3,3,0,2,protein_coding,D-3-phosphoglycerate dehydrogenase,encodes a 3-Phosphoglycerate dehydrogenase The mRNA is cell-to-cell mobile.,D-3-phosphoglycerate dehydrogenase;(source:Araport11),D-3-phosphoglycerate dehydrogenase
AT1G18210,1,1,0,2,protein_coding,Calcium-binding EF-hand family protein,,Calcium-binding EF-hand family protein;(source:Araport11),Calcium-binding EF-hand family protein
AT1G18570,1,1,0,1,protein_coding,myb domain protein 51,Encodes a member of the R2R3-MYB transcription family. Involved in indole glucosinolate biosynthesis. The mRNA is cell-to-cell mobile.,myb domain protein 51;(source:Araport11),myb domain protein 51
AT1G18710,1,1,0,1,protein_coding,myb domain protein 47,Member of the R2R3 factor gene family. Promotes seed longevity (viability of seed over time.) Expressed in the chalazal seed coat. Overexpresion enhances resistance of seed to deterioration (PMID:32519347).,myb domain protein 47;(source:Araport11),myb domain protein 47
AT1G18890,2,2,0,1,protein_coding,calcium-dependent protein kinase 1,encodes a calcium-dependent protein kinase whose gene expression is induced by dehydration and high salt. Kinase activity could not be detected in vitro.,calcium-dependent protein kinase 1;(source:Araport11),calcium-dependent protein kinase 1
AT1G18900,1,1,0,4,protein_coding,Pentatricopeptide repeat (PPR) superfamily protein,,Pentatricopeptide repeat (PPR) superfamily protein;(source:Araport11),Pentatricopeptide repeat (PPR) superfamily protein
AT1G19020,4,4,0,1,protein_coding,,Modulates defense against bacterial pathogens and tolerance to oxidative stress. Involved in drought response.,CDP-diacylglycerol-glycerol-3-phosphate 3-phosphatidyltransferase;(source:Araport11),Modulates defense against bacterial pathogens and tolerance to oxidative stress. Involved in drought response.
AT1G19180,5,5,0,3,protein_coding,jasmonate-zim-domain protein 1,"JAZ1 is a nuclear-localized protein involved in jasmonate signaling. JAZ1 transcript levels rise in response to a jasmonate stimulus. JAZ1 can interact with the COI1 F-box subunit of an SCF E3 ubiquitin ligase in a yeast-two-hybrid assay only in the presence of jasmonate-isoleucine (JA-ILE) or coronatine. Application of jasmonate methyl ester to Arabidopsis roots reduces the levels of a JAZ1:GUS fusion protein, presumably  by stimulating ubiquitin-proteasome-mediated degradation. The Jas domain appears to be important for JAZ1-COI1 interactions in the presence of coronatine. Two positive residues (R205 and R206) in the Jas domain shown to be important for coronatine -dependent COI1 binding are not required for binding AtMYC2. The mRNA is cell-to-cell mobile. | JAZ1 is a nuclear-localized protein involved in jasmonate signaling. JAZ1 transcript levels rise in response to a jasmonate stimulus. JAZ1 can interact with the COI1 F-box subunit of an SCF E3 ubiquitin ligase in a yeast-two-hybrid assay only in the presence of jasmonate-isoleucine (JA-ILE) or coronatine. Application of jasmonate methyl ester to Arabidopsis roots reduces the levels of a JAZ1:GUS fusion protein, presumably  by stimulating ubiquitin-proteasome-mediated degradation. The Jas domain appears to be important for JAZ1-COI1 interactions in the presence of coronatine. Two positive residues (R205 and R206) in the Jas domain shown to be important for coronatine -dependent COI1 binding are not required for binding AtMYC2. JAZ1 interacts with MYB21/MYB24,  the WD-repeat/bHLH/MYB complex and IIId bHLH factors (bHLH3, bHLH13, bHLH14 and bHLH17) to regulate jasmonate responses, including stamen development, trichome initiation, anthocyanin accumulation and plant defense.The mRNA is cell-to-cell mobile.",jasmonate-zim-domain protein 1;(source:Araport11),jasmonate-zim-domain protein 1
AT1G19250,4,4,0,1,protein_coding,flavin-dependent monooxygenase 1,FMO1 is required for full expression of TIR-NB-LRR conditioned resistance to avirulent pathogens and for basal resistance to invasive virulent pathogens. Functions in an EDS1-regulated but SA-independent mechanism that promotes resistance and cell death at pathogen infection sites.  FMO1 functions as a pipecolate N-hydroxylase and catalyzes the biochemical conversion of pipecolic acid to N-hydroxypipecolic acid (NHP). NHP systemically accumulates in the plant foliage and induces systemic acquired resistance to pathogen infection.,flavin-dependent monooxygenase 1;(source:Araport11),flavin-dependent monooxygenase 1
AT1G19960,3,3,0,1,protein_coding,,"Unknown gene, expression decreased in response to Mn and increased by cytokinin.",transcription factor;(source:Araport11),"Unknown gene, expression decreased in response to Mn and increased by cytokinin."
AT1G20030,1,1,0,2,protein_coding,Pathogenesis-related thaumatin superfamily protein,,Pathogenesis-related thaumatin superfamily protein;(source:Araport11),Pathogenesis-related thaumatin superfamily protein
AT1G20100,1,1,0,2,protein_coding,,,DNA ligase-like protein;(source:Araport11),DNA ligase-like protein;(source:Araport11)
AT1G20350,1,1,0,1,protein_coding,translocase inner membrane subunit 17-1,mitochondrial inner membrane translocase,translocase inner membrane subunit 17-1;(source:Araport11),translocase inner membrane subunit 17-1
AT1G20510,1,1,0,3,protein_coding,OPC-8:0 CoA ligase1,Encodes an OPC-8:CoA ligase involved in jasmonic acid biosynthesis.,OPC-8:0 CoA ligase1;(source:Araport11),OPC-8:0 CoA ligase1
AT1G20620,1,0,1,6,protein_coding,catalase 3,"Catalase, catalyzes the breakdown of hydrogen peroxide (H2O2) into water and oxygen. The mRNA is cell-to-cell mobile. | Catalase, catalyzes the breakdown of hydrogen peroxide (H2O2) into water and oxygen.The mRNA is cell-to-cell mobile.It is a target for SUMOlaytion (PMID: 21413927).Transnitrosylates GSNOR1 and mutants suppress the gnsnor1 phenotype.",catalase 3;(source:Araport11),catalase 3
AT1G21130,1,1,0,2,protein_coding,O-methyltransferase family protein,,O-methyltransferase family protein;(source:Araport11),O-methyltransferase family protein
AT1G21240,4,4,0,2,protein_coding,wall associated kinase 3,encodes a wall-associated kinase The mRNA is cell-to-cell mobile. | encodes a wall-associated kinaseThe mRNA is cell-to-cell mobile.,wall associated kinase 3;(source:Araport11),wall associated kinase 3
AT1G21250,7,7,0,1,protein_coding,cell wall-associated kinase,Encodes a cell wall-associated kinase that interacts with AtGRP3 and may function as a signaling receptor of extracellular matrix component such as oligogalacturonides. The mRNA is cell-to-cell mobile.,cell wall-associated kinase;(source:Araport11),cell wall-associated kinase
AT1G21270,1,1,0,1,protein_coding,wall-associated kinase 2,"cytoplasmic serine/threonine protein kinase induced by salicylic acid. mutant plants exhibit a loss of cell expansion and dependence on sugars and salts for seedling growth, affecting the expression and activity of vacuolar invertase.",wall-associated kinase 2;(source:Araport11),wall-associated kinase 2
AT1G21310,7,7,0,1,protein_coding,extensin 3,Encodes extensin 3.,extensin 3;(source:Araport11),extensin 3
AT1G21370,1,1,0,2,protein_coding,,,transmembrane protein;(source:Araport11),transmembrane protein;(source:Araport11)
AT1G21390,2,2,0,1,protein_coding,embryo defective 2170,,embryo defective 2170;(source:Araport11),embryo defective 2170
AT1G21520,2,2,0,1,protein_coding,,,hypothetical protein;(source:Araport11),hypothetical protein;(source:Araport11)
AT1G21550,2,2,0,1,protein_coding,Calcium-binding EF-hand family protein,,Calcium-binding EF-hand family protein;(source:Araport11),Calcium-binding EF-hand family protein
AT1G21720,1,1,0,1,protein_coding,proteasome beta subunit C1,20S proteasome beta subunit PBC1 truncated protein (PBC1),proteasome beta subunit C1;(source:Araport11),proteasome beta subunit C1
AT1G21750,2,2,0,2,protein_coding,PDI-like 1-1,"Encodes a protein disulfide isomerase-like (PDIL) protein, a member of a multigene family within the thioredoxin (TRX) superfamily; isoform contains non-consensus GA donor splice site at intron 9. Transcript levels for this gene are up-regulated in response to three different chemical inducers of ER stress (dithiothreitol, beta-mercaptoethanol, and tunicamycin). Neither AtIRE1-2 nor AtbZIP60 appear to be required for this response. The mRNA is cell-to-cell mobile.",PDI-like 1-1;(source:Araport11),PDI-like 1-1
AT1G22070,1,1,0,1,protein_coding,TGA1A-related gene 3,"Encodes a transcription factor. Like other TGAla-related factors, TGA3 has a highly conserved bZIP region and exhibits similar DNA-binding properties.",transcription factor TGA3;(source:Araport11),TGA1A-related gene 3
AT1G22280,2,2,0,3,protein_coding,phytochrome-associated protein phosphatase type 2C,"Encodes a phytochrome-associated protein, PAPP2C (phytochrome-associated protein phosphatase type 2C).  PAPP2C interacts in the nucleus with phyA (phytochrome A) and phyB.  Functions as a regulator of phytochrome-interacting factor PIF3 by dephosphorylating phytochromes in the nucleus.",phytochrome-associated protein phosphatase type 2C;(source:Araport11),phytochrome-associated protein phosphatase type 2C
AT1G22400,2,2,0,1,protein_coding,UDP-Glycosyltransferase superfamily protein,,UDP-Glycosyltransferase superfamily protein;(source:Araport11),UDP-Glycosyltransferase superfamily protein
AT1G22510,1,1,0,2,protein_coding,RING/U-box protein with domain of unknown function (DUF 1232),,E3 ubiquitin-protein ligase RNF170-like protein (DUF 1232);(source:Araport11),RING/U-box protein with domain of unknown function (DUF 1232)
AT1G22570,1,1,0,2,protein_coding,Major facilitator superfamily protein,,Major facilitator superfamily protein;(source:Araport11),Major facilitator superfamily protein
AT1G22930,1,1,0,2,protein_coding,T-complex protein 11,,T-complex protein 11;(source:Araport11),T-complex protein 11
AT1G22990,1,1,0,2,protein_coding,Heavy metal transport/detoxification superfamily protein,,Heavy metal transport/detoxification superfamily protein;(source:Araport11),Heavy metal transport/detoxification superfamily protein
AT1G23330,1,1,0,2,protein_coding,alpha/beta-Hydrolases superfamily protein,,alpha/beta-Hydrolases superfamily protein;(source:Araport11),alpha/beta-Hydrolases superfamily protein
AT1G23550,1,1,0,1,protein_coding,similar to RCD one 2,Encodes a protein with similarity to RCD1 but without the WWE domain. The protein does have a PARP signature upstream of the C-terminal protein interaction domain. The PARP signature may bind NAD+ and attach the ADP-ribose-moiety from NAD+ to the target molecule. Its presence suggests a role for the protein in ADP ribosylation. Its transcript level is up-regulated by tunicamycin (N-linked glycosylation inhibitor causing ER stress).,similar to RCD one 2;(source:Araport11),similar to RCD one 2
AT1G23710,2,2,0,1,protein_coding,Protein of unknown function (DUF1645),,hypothetical protein (DUF1645);(source:Araport11),Protein of unknown function (DUF1645)
AT1G23730,1,1,0,2,protein_coding,beta carbonic anhydrase 3,,beta carbonic anhydrase 3;(source:Araport11),beta carbonic anhydrase 3
AT1G24140,4,4,0,1,protein_coding,Matrixin family protein,Expression induced by  fungal and bacterial pathogens.,Matrixin family protein;(source:Araport11),Matrixin family protein
AT1G24145,4,4,0,1,protein_coding,,"Cleaved by subtilases to produce SERINE RICH ENDOGENOUS PEPTIDES (SCOOP) proteins, which are involved in signaling. Protein induces ROS production.",transmembrane protein;(source:Araport11),"Cleaved by subtilases to produce SERINE RICH ENDOGENOUS PEPTIDES (SCOOP) proteins, which are involved in signaling. Protein induces ROS production."
AT1G24147,2,2,0,1,protein_coding,,"Cleaved by subtilases to produce SERINE RICH ENDOGENOUS PEPTIDES (SCOOP) proteins, which are involved in signaling. Protein induces low levels of ROS production.",transmembrane protein;(source:Araport11),"Cleaved by subtilases to produce SERINE RICH ENDOGENOUS PEPTIDES (SCOOP) proteins, which are involved in signaling. Protein induces low levels of ROS production."
AT1G24150,3,3,0,2,protein_coding,formin homologue 4,"Encodes a group I formin. Localized to cell junctions. Polymerizes actin. Binds profilin. Member of family of cytoskeletal-interacting proteins which have the ability to stimulate actin nucleation and barbed-end capping through the combined activity of conserved formin-homology 1 (FH1) and formin-homology 2 (FH2) domains. FORMIN4 is a spatial feedback element in a multi-layered, temporally defined sequence of cytoskeletal response, contributing to the distribution of actin filaments at the dynamic cell wall appositions boundary and to the outcomes of pre-invasion defense. | Encodes a group I formin. Localized to cell junctions. Polymerizes actin. Binds profilin.",formin homologue 4;(source:Araport11),formin homologue 4
AT1G24330,1,1,0,2,protein_coding,ARM repeat superfamily protein,Plant U-box type E3 ubiquitin ligase (PUB).,ARM repeat superfamily protein;(source:Araport11),ARM repeat superfamily protein
AT1G24575,2,2,0,1,protein_coding,,,DEAD-box ATP-dependent RNA helicase-like protein;(source:Araport11),DEAD-box ATP-dependent RNA helicase-like protein;(source:Araport11)
AT1G24580,1,1,0,1,protein_coding,RING/U-box superfamily protein,,RING/U-box superfamily protein;(source:Araport11),RING/U-box superfamily protein
AT1G25400,2,2,0,2,protein_coding,,,transmembrane protein;(source:Araport11),transmembrane protein;(source:Araport11)
AT1G25530,2,2,0,1,protein_coding,Transmembrane amino acid transporter family protein,,Transmembrane amino acid transporter family protein;(source:Araport11),Transmembrane amino acid transporter family protein
AT1G25580,1,1,0,1,protein_coding,NAC (No Apical Meristem) domain transcriptional regulator superfamily protein,"Encodes suppressor of gamma response 1 (SOG1), a putative transcription factor governing multiple responses to DNA damage.",NAC (No Apical Meristem) domain transcriptional regulator superfamily protein;(source:Araport11),NAC (No Apical Meristem) domain transcriptional regulator superfamily protein
AT1G26380,2,2,0,1,protein_coding,FAD-binding Berberine family protein,"Functions in the biosynthesis of 4-hydroxy indole-3-carbonyl nitrile (4-OH-ICN), a cyanogenic phytoalexin in Arabidopsis. FOX1 acts as a dehydrogenase on indole cyanohydrin to form indole carbonyl nitrile.",FAD-binding Berberine family protein;(source:Araport11),FAD-binding Berberine family protein
AT1G26390,1,1,0,1,protein_coding,FAD-binding Berberine family protein,,FAD-binding Berberine family protein;(source:Araport11),FAD-binding Berberine family protein
AT1G26420,3,3,0,1,protein_coding,FAD-binding Berberine family protein,,FAD-binding Berberine family protein;(source:Araport11),FAD-binding Berberine family protein
AT1G26690,2,2,0,1,protein_coding,emp24/gp25L/p24 family/GOLD family protein,,emp24/gp25L/p24 family/GOLD family protein;(source:Araport11),emp24/gp25L/p24 family/GOLD family protein
AT1G27100,1,1,0,1,protein_coding,Actin cross-linking protein,,Actin cross-linking protein;(source:Araport11),Actin cross-linking protein
AT1G27330,1,1,0,1,protein_coding,Ribosome associated membrane protein RAMP4,,Ribosome associated membrane protein RAMP4;(source:Araport11),Ribosome associated membrane protein RAMP4
AT1G27350,1,1,0,1,protein_coding,Ribosome associated membrane protein RAMP4,,Ribosome associated membrane protein RAMP4;(source:Araport11),Ribosome associated membrane protein RAMP4
AT1G27730,4,4,0,1,protein_coding,salt tolerance zinc finger,"Related to Cys2/His2-type zinc-finger proteins found in land plants. Compensated for a subset of calcineurin deficiency in yeast. Salt tolerance produced by ZAT10 appeared to be partially dependent on ENA1/PMR2, a P-type ATPase required for Li+ and Na+ efflux in yeast. The protein is localized to the nucleus, acts as a transcriptional repressor and is responsive to chitin oligomers. Also involved in response to photooxidative stress.",salt tolerance zinc finger;(source:Araport11),salt tolerance zinc finger
AT1G27760,1,1,0,3,protein_coding,interferon-related developmental regulator family protein / IFRD protein family,Encodes a protein with similarity to human interferon-related developmental regulator (IFRD)that is involved in salt tolerance. Loss of function mutations are hypersensitive to salt stress and have reduced fertility. SAT32 is found in the cytoplasm but appears to translocate to the nucleus when plants are subject to salt stress.,interferon-related developmental regulator family protein / IFRD protein family;(source:Araport11),interferon-related developmental regulator family protein / IFRD protein family
AT1G27770,2,2,0,4,protein_coding,autoinhibited Ca2+-ATPase 1,Encodes a chloroplast envelope Ca2+-ATPase with an N-terminal autoinhibitor.,autoinhibited Ca2+-ATPase 1;(source:Araport11),autoinhibited Ca2+-ATPase 1
AT1G27980,2,2,0,1,protein_coding,dihydrosphingosine phosphate lyase,Encodes an ER-localized sphingoid long-chain  base-1-phosphate lyase involved in the dehydration stress response.,dihydrosphingosine phosphate lyase;(source:Araport11),dihydrosphingosine phosphate lyase
AT1G28370,1,1,0,2,protein_coding,ERF domain protein 11,"encodes a member of the ERF (ethylene response factor) subfamily B-1 of ERF/AP2 transcription factor family. The protein contains one AP2 domain. There are 15 members in this subfamily including ATERF-3, ATERF-4, ATERF-7, and leafy petiole.",ERF domain protein 11;(source:Araport11),ERF domain protein 11
AT1G28380,2,2,0,1,protein_coding,MAC/Perforin domain-containing protein,"This gene is predicted to encode a protein involved in negatively regulating salicylic acid-related defense responses and cell death programs. nsl1 mutants develop necrotic lesions spontaneously and show other features of a defense response, such as higher levels of SA and disease resistance-related transcripts, in the absence of a biotic stimulus. The NSL1 protein is predicted to have a MACPF domain, found in proteins that form a transmembrane pore in mammalian immune responses. NSL1 transcript levels do not appear to change in response to biotic stresses, but are elevated by cycloheximide in seedlings, and by sodium chloride in roots. The mRNA is cell-to-cell mobile.",MAC/Perforin domain-containing protein;(source:Araport11),MAC/Perforin domain-containing protein
AT1G29240,1,1,0,1,protein_coding,Protein of unknown function (DUF688),,"transcription initiation factor TFIID subunit, putative (DUF688);(source:Araport11)",Protein of unknown function (DUF688)
AT1G29640,1,1,0,1,protein_coding,"Protein of unknown function, DUF584",,"senescence regulator (Protein of unknown function, DUF584);(source:Araport11)","Protein of unknown function, DUF584"
AT1G29690,2,2,0,1,protein_coding,MAC/Perforin domain-containing protein,"Encodes a protein containing a domain with significant homology to the MACPF (membrane attack complex and perforin) domain of complements and perforin proteins that are involved in innate immunity in animals. Transgenic <i>cad1-1</i> mutant plants show lesions seen in the hypersensitive response, as well as a spontaneous activation of expression of pathogenesis-related genes and leading to a 32-fold increase in salicylic acid (SA). CAD1 is postulated to act as a negative regulator controlling SA-mediated pathway of programmed cell death in plant immunity.",MAC/Perforin domain-containing protein;(source:Araport11),MAC/Perforin domain-containing protein
AT1G29910,1,0,1,1,protein_coding,chlorophyll A/B binding protein 3,member of Chlorophyll a/b-binding protein family,chlorophyll A/B binding protein 3;(source:Araport11),chlorophyll A/B binding protein 3
AT1G30190,5,5,0,1,protein_coding,,,cotton fiber protein;(source:Araport11),cotton fiber protein;(source:Araport11)
AT1G30220,6,6,0,1,protein_coding,inositol transporter 2,Inositol transporter presenting conserved extracellular loop domains homologs of plexins/semaphorin/integrin  (PSI) domains from animal type I receptors.,inositol transporter 2;(source:Araport11),inositol transporter 2
AT1G30250,2,0,2,1,protein_coding,,,hypothetical protein;(source:Araport11),hypothetical protein;(source:Araport11)
AT1G30270,1,1,0,3,protein_coding,CBL-interacting protein kinase 23,"Arabidopsis thaliana CBL-interacting protein kinase 23.  CIPK23 serves as a positive regulator of the potassium transporter AKT1 by directly phosphorylating AKT1.  CIPK23 is activated by the binding of two calcineurin B-like proteins, CBL1 and CBL9. The mRNA is cell-to-cell mobile. | Arabidopsis thaliana CBL-interacting protein kinase 23.  CIPK23 serves as a positive regulator of the potassium transporter AKT1 by directly phosphorylating AKT1.  CIPK23 is activated by the binding of two calcineurin B-like proteins, CBL1 and CBL9 and expression during hypoxia is also regulated by STOP1.CIPK23 also functions in phot1/2 mediated stomatal movement in response to blue light.The mRNA is cell-to-cell mobile.",CBL-interacting protein kinase 23;(source:Araport11),CBL-interacting protein kinase 23
AT1G30380,1,0,1,1,protein_coding,photosystem I subunit K,Encodes subunit K of photosystem I reaction center. The mRNA is cell-to-cell mobile.,photosystem I subunit K;(source:Araport11),photosystem I subunit K
AT1G30410,2,2,0,6,protein_coding,multidrug resistance-associated protein 13,member of MRP subfamily,multidrug resistance-associated protein 13;(source:Araport11),multidrug resistance-associated protein 13
AT1G30420,2,2,0,2,protein_coding,multidrug resistance-associated protein 12,member of MRP subfamily,multidrug resistance-associated protein 12;(source:Araport11),multidrug resistance-associated protein 12
AT1G30640,1,1,0,3,protein_coding,Protein kinase family protein,Ubiquitously expressed protein kinase.,Protein kinase family protein;(source:Araport11),Protein kinase family protein
AT1G30700,3,3,0,1,protein_coding,FAD-binding Berberine family protein,,FAD-binding Berberine family protein;(source:Araport11),FAD-binding Berberine family protein
AT1G30755,1,1,0,6,protein_coding,Protein of unknown function (DUF668),,"elongation factor G, putative (DUF668);(source:Araport11)",Protein of unknown function (DUF668)
AT1G30900,4,4,0,1,protein_coding,VACUOLAR SORTING RECEPTOR 6,,VACUOLAR SORTING RECEPTOR 6;(source:Araport11),VACUOLAR SORTING RECEPTOR 6
AT1G31130,2,2,0,1,protein_coding,,,polyadenylate-binding protein 1-B-binding protein;(source:Araport11),polyadenylate-binding protein 1-B-binding protein;(source:Araport11)
AT1G31173,1,0,1,1,miRNA_primary_transcript,MIR167D; miRNA,Encodes a microRNA that targets ARF family members ARF6 and ARF8.  MicroRNAs are regulatory RNAs with a mature length of ~21-nucleotides that are processed from hairpin precursors by Dicer-like enzymes. MicroRNAs can negatively regulate gene expression by attenuating translation or by directing mRNA cleavage.Mature sequence: UGAAGCUGCCAGCAUGAUCUGG,microRNA ath-MIR167d precursor;(source:Araport11),MIR167D; miRNA
AT1G31280,2,2,0,1,protein_coding,Argonaute family protein,Encodes Argonaute gene that binds viral siRNAs and is involved in antiviral defense response. Regulates innate immunity.Mutants have increased susceptibility to Potato virus X and tobacco rattle virus.,Argonaute family protein;(source:Araport11),Argonaute family protein
AT1G31330,1,0,1,1,protein_coding,photosystem I subunit F,"Encodes subunit F of photosystem I. Recruited by PBF8 into PSI core subcomplex I. Its integration facilitates PsaA, PsaB, PsaE, and PsaF assembly.",photosystem I subunit F;(source:Araport11),photosystem I subunit F
AT1G31540,2,2,0,3,protein_coding,Disease resistance protein (TIR-NBS-LRR class) family,,Disease resistance protein (TIR-NBS-LRR class) family;(source:Araport11),Disease resistance protein (TIR-NBS-LRR class) family
AT1G31550,2,2,0,2,protein_coding,GDSL-like Lipase/Acylhydrolase superfamily protein,GDSL-motif  esterase/acyltransferase/lipase. Enzyme group with broad substrate specificity that may catalyze acyltransfer or hydrolase reactions with lipid and non-lipid substrates.,GDSL-like Lipase/Acylhydrolase superfamily protein;(source:Araport11),GDSL-like Lipase/Acylhydrolase superfamily protein
AT1G31580,2,2,0,1,protein_coding,ECS1,"Encodes cell wall protein.  ECS1 is not a Xcc750 resistance gene, but the genetic data indicate that ECS1 is linked to a locus influencing resistance to Xcc750. The mRNA is cell-to-cell mobile.",ECS1;(source:Araport11),ECS1
AT1G32230,1,1,0,6,protein_coding,WWE protein-protein interaction domain protein family,"Encodes a protein belonging to the (ADP-ribosyl)transferase domain-containing subfamily of WWE protein-protein interaction domain protein family.  Superoxide radicals are necessary and sufficient to propagate cell death or lesion formation in rcd1 mutants.  Without stress treatment, RCD1 is localized in the nucleus. Under high salt or oxidative stress, RCD1 is found not only in the nucleus but also in the cytoplasm. The mRNA is cell-to-cell mobile. | Encodes a protein belonging to the (ADP-ribosyl)transferase domain-containing subfamily of WWE protein-protein interaction domain protein family.  Superoxide radicals are necessary and sufficient to propagate cell death or lesion formation in rcd1 mutants.  Without stress treatment, RCD1 is localized in the nucleus. Under high salt or oxidative stress, RCD1 is found not only in the nucleus but also in the cytoplasm.The mRNA is cell-to-cell mobile.",WWE protein-protein interaction domain protein family;(source:Araport11),WWE protein-protein interaction domain protein family
AT1G32350,4,4,0,2,protein_coding,alternative oxidase 1D,Alternative oxidase (AOX); terminal oxidases of electron transfer in mitochondria.,alternative oxidase 1D;(source:Araport11),alternative oxidase 1D
AT1G32700,1,1,0,2,protein_coding,PLATZ transcription factor family protein,,PLATZ transcription factor family protein;(source:Araport11),PLATZ transcription factor family protein
AT1G32870,2,2,0,3,protein_coding,NAC domain protein 13,Expression in rosette leaves is activated by high concentration of boron.,NAC domain protein 13;(source:Araport11),NAC domain protein 13
AT1G32900,1,1,0,1,protein_coding,UDP-Glycosyltransferase superfamily protein,Glucosyltransferase specifically responsible for elongating amylose polymers.,UDP-Glycosyltransferase superfamily protein;(source:Araport11),UDP-Glycosyltransferase superfamily protein
AT1G32920,1,1,0,1,protein_coding,,,hypothetical protein;(source:Araport11),hypothetical protein;(source:Araport11)
AT1G32940,4,4,0,4,protein_coding,Subtilase family protein,Together with SBT3.3 contributes to the activation of defence-related PMEs and Botrytis resistance.,Subtilase family protein;(source:Araport11),Subtilase family protein
AT1G32950,1,1,0,2,protein_coding,Subtilase family protein,,Subtilase family protein;(source:Araport11),Subtilase family protein
AT1G32960,3,3,0,1,protein_coding,Subtilase family protein,Expression induced by pectin-related DAMPs (Damage Associated Molecular Patterns). Together with SBT3.5 contributes to the activation of defence-related PMEs and Botrytis resistance.  Influences the expression of specific defense genes and the structure of pectin against Botrytis. Secreted via Exocyst Positive Organelles (EXPOs) in the apoplast where it colocalizes with Pro-PME17.,Subtilase family protein;(source:Araport11),Subtilase family protein
AT1G33110,1,1,0,2,protein_coding,MATE efflux family protein,,MATE efflux family protein;(source:Araport11),MATE efflux family protein
AT1G33560,2,2,0,1,protein_coding,Disease resistance protein (CC-NBS-LRR class) family,Encodes a  NBS-LRR disease resistance protein that possesses N-terminal kinase subdomains. Activation tagged mutant of ADR1 showed elevated levels of SA and reactive oxygen species in addition to number of defense gene transcripts. Exhibits resistance to number of microbial pathogens.,Disease resistance protein (CC-NBS-LRR class) family;(source:Araport11),Disease resistance protein (CC-NBS-LRR class) family
AT1G33720,1,1,0,5,protein_coding,"cytochrome P450, family 76, subfamily C, polypeptide 6",,"cytochrome P450, family 76, subfamily C, polypeptide 6;(source:Araport11)","cytochrome P450, family 76, subfamily C, polypeptide 6"
AT1G33730,1,1,0,2,protein_coding,"cytochrome P450, family 76, subfamily C, polypeptide 5",,"cytochrome P450, family 76, subfamily C, polypeptide 5;(source:Araport11)","cytochrome P450, family 76, subfamily C, polypeptide 5"
AT1G33960,3,3,0,2,protein_coding,P-loop containing nucleoside triphosphate hydrolases superfamily protein,Identified as a gene that is induced by avirulence gene avrRpt2 and RPS2 after infection with Pseudomonas syringae pv maculicola strain ES4326 carrying avrRpt2,P-loop containing nucleoside triphosphate hydrolases superfamily protein;(source:Araport11),P-loop containing nucleoside triphosphate hydrolases superfamily protein
AT1G34260,2,2,0,4,protein_coding,FORMS APLOID AND BINUCLEATE CELLS 1A,"Encodes a protein that is predicted to act as a phosphatidylinositol-3P 5-kinase, but, because it lacks a FYVE domain, it is unlikely to be efficiently targeted to membranes containing the porposed phosphatidylinositol-3P substrate. Therefore, its molecular function remains unknown. The mRNA is cell-to-cell mobile. | Encodes a protein that is predicted to act as a phosphatidylinositol-3P 5-kinase, but, because it lacks a FYVE domain, it is unlikely to be efficiently targeted to membranes containing the porposed phosphatidylinositol-3P substrate. Therefore, its molecular function remains unknown.The mRNA is cell-to-cell mobile.",FORMS APLOID AND BINUCLEATE CELLS 1A;(source:Araport11),FORMS APLOID AND BINUCLEATE CELLS 1A
AT1G34420,2,2,0,1,protein_coding,leucine-rich repeat transmembrane protein kinase family protein,Induces autoimmunity through activating Ca2+ channel CNGC20 in a kinase-dependent manner when BAK1/SERK4 are perturbed.,leucine-rich repeat transmembrane protein kinase family protein;(source:Araport11),leucine-rich repeat transmembrane protein kinase family protein
AT1G34750,2,2,0,4,protein_coding,Protein phosphatase 2C family protein,,Protein phosphatase 2C family protein;(source:Araport11),Protein phosphatase 2C family protein
AT1G35210,1,1,0,1,protein_coding,,,hypothetical protein;(source:Araport11),hypothetical protein;(source:Araport11)
AT1G35230,3,3,0,1,protein_coding,arabinogalactan protein 5,Encodes arabinogalactan-protein (AGP5). The mRNA is cell-to-cell mobile.,arabinogalactan protein 5;(source:Araport11),arabinogalactan protein 5
AT1G35320,1,1,0,3,protein_coding,,,transmembrane protein;(source:Araport11),transmembrane protein;(source:Araport11)
AT1G35710,4,4,0,1,protein_coding,Protein kinase family protein with leucine-rich repeat domain,,kinase family with leucine-rich repeat domain-containing protein;(source:Araport11),Protein kinase family protein with leucine-rich repeat domain
AT1G42990,2,2,0,1,protein_coding,basic region/leucine zipper motif 60,"bZIP60 consists of a bZIP DNA binding domain followed by a putative transmembrane domain. bZIP60 mRNA is upregulated by the addition of ER stress inducers, tunicamycin (inhibitor of N-linked glycosylation), DTT (inhibitor of disulfide bond formation) and azetin-2-carboxylate (proline analog perturbing protein structure). Upon ER stress, bZIP60 mRNA is spliced by IRE1A and IRE1B to produce bZIP60-S, an active transcription factor without the transmembrane domain. bZIP60-U, a product of unspliced form of bZIP60 mRNA, is localized at the ER membrane and bZIP60-S is localized in the nucleus.",basic region/leucine zipper motif 60;(source:Araport11),basic region/leucine zipper motif 60
AT1G43160,4,4,0,1,protein_coding,related to AP2 6,encodes a member of the ERF (ethylene response factor) subfamily B-4 of ERF/AP2 transcription factor family (RAP2.6). The protein contains one AP2 domain. There are 7 members in this subfamily.,related to AP2 6;(source:Araport11),related to AP2 6
AT1G43910,4,4,0,1,protein_coding,P-loop containing nucleoside triphosphate hydrolases superfamily protein,,P-loop containing nucleoside triphosphate hydrolases superfamily protein;(source:Araport11),P-loop containing nucleoside triphosphate hydrolases superfamily protein
AT1G44350,1,1,0,1,protein_coding,IAA-leucine resistant (ILR)-like gene 6,"encodes a protein similar to IAA amino acid conjugate hydrolase. NO-induced, involved in growth and disease resistance. Plays a positive role in the activation of SAR  when challenged with the avirulent pathogen Pst DC3000 (avrB)  at 5 × 106 CFU.",IAA-amino acid hydrolase ILR1-like 6;(source:Araport11),IAA-leucine resistant (ILR)-like gene 6
AT1G45145,4,4,0,1,protein_coding,thioredoxin H-type 5,encodes a cytosolic thioredoxin that reduces disulfide bridges of target proteins by the reversible formation of a disulfide bridge between two neighboring Cys residues present in the active site. Thioredoxins have been found to regulate a variety of biological reactions in prokaryotic and eukaryotic cells. Thioredoxin which regulates the S-nitrosylation pattern of the TIRK receptor; essential in the modulation of defences to spider mite Tetranychus urticae.,thioredoxin H-type 5;(source:Araport11),thioredoxin H-type 5
AT1G45150,1,1,0,1,protein_coding,,,"alpha-1,6-mannosyl-glycoprotein 2-beta-N-acetylglucosaminyltransferase;(source:Araport11)","alpha-1,6-mannosyl-glycoprotein 2-beta-N-acetylglucosaminyltransferase;(source:Araport11)"
AT1G47890,1,1,0,1,protein_coding,receptor like protein 7,,receptor like protein 7;(source:Araport11),receptor like protein 7
AT1G48000,1,0,1,1,protein_coding,myb domain protein 112,Encodes a putative transcription factor (MYB112).,myb domain protein 112;(source:Araport11),myb domain protein 112
AT1G48210,2,2,0,7,protein_coding,Protein kinase superfamily protein,Plays role in abscisic acid  (ABA)-dependent pathway in response to dehydration; forms homo- or heterodimers in a kinase active dependent manner.,Protein kinase superfamily protein;(source:Araport11),Protein kinase superfamily protein
AT1G49050,2,2,0,3,protein_coding,Eukaryotic aspartyl protease family protein,Encodes a member of the aspartyl protease family. Interacts with BAGP1 and BAG6 and appears to be required for cleavage of BAG6 as BAG6 is not cleaved in APCB1 mutant backgrounds.,Eukaryotic aspartyl protease family protein;(source:Araport11),Eukaryotic aspartyl protease family protein
AT1G50420,1,1,0,1,protein_coding,scarecrow-like 3,Encodes a scarecrow-like protein (SCL3) Putative transcription factors interacting with the gene product of VHA-B1 (vacuolar ATPase subunit B1; as shown through yeast two-hybrid assay).,scarecrow-like 3;(source:Araport11),scarecrow-like 3
AT1G50430,1,1,0,2,protein_coding,Ergosterol biosynthesis ERG4/ERG24 family,Mutants are defective in Brassinosteroid biosynthesis (delta7-sterol-C7 reduction step) and have a dwarf phenotype. EXO70 interactor and presumed negative secretion regulator.,Ergosterol biosynthesis ERG4/ERG24 family;(source:Araport11),Ergosterol biosynthesis ERG4/ERG24 family
AT1G50740,2,2,0,1,protein_coding,Transmembrane proteins 14C,,Transmembrane proteins 14C;(source:Araport11),Transmembrane proteins 14C
AT1G51090,1,1,0,1,protein_coding,Heavy metal transport/detoxification superfamily protein,"Heavy metal associated domain containing protein involved in plant immunity.Mutants show an increase in root length under NO stress and reduction in root length under H2O2 stress conditions. Mutants show increases in defense responses to pathogens including hypersensitive lesions, increased resistance and induction of SAR genes.",Heavy metal transport/detoxification superfamily protein;(source:Araport11),Heavy metal transport/detoxification superfamily protein
AT1G51660,3,3,0,1,protein_coding,mitogen-activated protein kinase kinase 4,"Encodes a mitogen-activated map kinase kinase (there are nine in Arabidopsis) involved in innate immunity. This protein activates MPK3/MPK6 and early-defense genes redundantly with MKK5. In plants with both MKK5 and MKK4 levels reduced by RNAi plants, floral organs do not abscise suggestion a role for both proteins in mediating floral organ abscission. The mRNA is cell-to-cell mobile.",mitogen-activated protein kinase kinase 4;(source:Araport11),mitogen-activated protein kinase kinase 4
AT1G51760,3,3,0,1,protein_coding,peptidase M20/M25/M40 family protein,"encodes a member of the six Arabidopsis IAA-amino acid conjugate hydrolase subfamily and conjugates and conjugates IAA-Ala in vitro. Gene is expressed most strongly in roots, stems, and flowers. The mRNA is cell-to-cell mobile.",peptidase M20/M25/M40 family protein;(source:Araport11),peptidase M20/M25/M40 family protein
AT1G51790,1,1,0,3,protein_coding,Leucine-rich repeat protein kinase family protein,,Leucine-rich repeat protein kinase family protein;(source:Araport11),Leucine-rich repeat protein kinase family protein
AT1G51800,2,2,0,1,protein_coding,Leucine-rich repeat protein kinase family protein,The gene encodes a putative member of  the LRR-RLK protein family. Expressin and mutant analysis revealed that it contributes to the interaction between Arabidopsis and Hyaloperonospora arabidopsidis.  and The mRNA is cell-to-cell mobile.,Leucine-rich repeat protein kinase family protein;(source:Araport11),Leucine-rich repeat protein kinase family protein
AT1G51890,2,2,0,5,protein_coding,Leucine-rich repeat protein kinase family protein,,Leucine-rich repeat protein kinase family protein;(source:Araport11),Leucine-rich repeat protein kinase family protein
AT1G52000,1,1,0,2,protein_coding,Mannose-binding lectin superfamily protein,,Mannose-binding lectin superfamily protein;(source:Araport11),Mannose-binding lectin superfamily protein
AT1G52030,1,1,0,3,protein_coding,myrosinase-binding protein 2,Similar to  myrosinase binding proteins which may be involved in metabolizing glucosinolates and forming defense compounds to protect against herbivory. Also similar to lectins and other agglutinating factors. Expressed only in flowers.,myrosinase-binding protein 2;(source:Araport11),myrosinase-binding protein 2
AT1G52040,2,2,0,1,protein_coding,myrosinase-binding protein 1,Encodes myrosinase-binding protein expressed in flowers.,myrosinase-binding protein 1;(source:Araport11),myrosinase-binding protein 1
AT1G52190,1,0,1,1,protein_coding,Major facilitator superfamily protein,Encodes a low affinity nitrate transporter that is expressed in the plasma membrane and found in the phloem of the major veins of leaves.  It is responsible for nitrate redistribution to young leaves.,Major facilitator superfamily protein;(source:Araport11),Major facilitator superfamily protein
AT1G52200,1,1,0,2,protein_coding,PLAC8 family protein,,PLAC8 family protein;(source:Araport11),PLAC8 family protein
AT1G52230,1,0,1,1,protein_coding,photosystem I subunit H2,Phosphorylation of this protein is dependent on calcium. The mRNA is cell-to-cell mobile.,photosystem I subunit H2;(source:Araport11),photosystem I subunit H2
AT1G52290,1,1,0,2,protein_coding,Protein kinase superfamily protein,Encodes a member of the proline-rich extensin-like receptor kinase (PERK) family.  This family consists of 15 predicted receptor kinases (PMID: 15653807).,Protein kinase superfamily protein;(source:Araport11),Protein kinase superfamily protein
AT1G52400,2,2,0,3,protein_coding,beta glucosidase 18,"encodes a member of glycosyl hydrolase family 1, located in inducible ER bodies which were formed after wounding, required in inducible ER body formation The mRNA is cell-to-cell mobile.",beta glucosidase 18;(source:Araport11),beta glucosidase 18
AT1G52410,1,1,0,2,protein_coding,TSK-associating protein 1,"Contains a novel calcium-binding repeat sequence.  Binds TSK in vitro.  Localizes to small cytoplasmic vesicles in interphase cells.  In cells synchronized for cell division, TSA1 and TSK relocalize to ends of spindle microtubules that are ahead of separating chromatids during metaphase and anaphase of mitosis.  May be involved in mitosis together with TSK. Expressed preferentially in the flower and shoot apex.  Can form multimers. The mRNA is cell-to-cell mobile.",TSK-associating protein 1;(source:Araport11),TSK-associating protein 1
AT1G52690,1,0,1,2,protein_coding,Late embryogenesis abundant protein (LEA) family protein,Intrinsically disordered protein that stabilizes lactate dehydrogenase (LDH) during drying and freezing.,Late embryogenesis abundant protein (LEA) family protein;(source:Araport11),Late embryogenesis abundant protein (LEA) family protein
AT1G52780,3,3,0,1,protein_coding,Protein of unknown function (DUF2921),Putative regeneration determinant regulated by TCSA.,"PII, uridylyltransferase (DUF2921);(source:Araport11)",Protein of unknown function (DUF2921)
AT1G52890,5,5,0,1,protein_coding,NAC domain containing protein 19,"encodes a NAC transcription factor whose expression is induced by drought, high salt, and abscisic acid. This gene binds to ERD1 promoter in vitro.",NAC domain containing protein 19;(source:Araport11),NAC domain containing protein 19
AT1G53035,1,1,0,2,protein_coding,,,transmembrane protein;(source:Araport11),transmembrane protein;(source:Araport11)
AT1G53110,3,3,0,1,protein_coding,,,proton pump-interactor;(source:Araport11),proton pump-interactor;(source:Araport11)
AT1G53280,1,1,0,2,protein_coding,Class I glutamine amidotransferase-like superfamily protein,"Encodes a homolog of animal DJ-1 superfamily protein.  In the A. thaliana genome, three genes encoding close homologs of human DJ-1 were identified AT3G14990 (DJ1A), AT1G53280 (DJ1B) and AT4G34020 (DJ1C).  Among the three homologs, DJ1C is essential for chloroplast development and viability. It exhibits glyoxalase activity towards glyoxal and methylglyoxal.",Class I glutamine amidotransferase-like superfamily protein;(source:Araport11),Class I glutamine amidotransferase-like superfamily protein
AT1G53310,1,1,0,3,protein_coding,phosphoenolpyruvate carboxylase 1,Encodes one of four Arabidopsis phosphoenolpyruvate carboxylase proteins.Plays an important role in carbon and nitrogen metabolism.,phosphoenolpyruvate carboxylase 1;(source:Araport11),phosphoenolpyruvate carboxylase 1
AT1G53625,3,3,0,1,protein_coding,,,hypothetical protein;(source:Araport11),hypothetical protein;(source:Araport11)
AT1G53750,1,1,0,1,protein_coding,regulatory particle triple-A 1A,"26S proteasome AAA-ATPase subunit RPT1a (RPT1a) mRNA,",regulatory particle triple-A 1A;(source:Araport11),regulatory particle triple-A 1A
AT1G53790,1,1,0,3,protein_coding,F-box and associated interaction domains-containing protein,,F-box and associated interaction domains-containing protein;(source:Araport11),F-box and associated interaction domains-containing protein
AT1G53850,1,1,0,2,protein_coding,20S proteasome alpha subunit E1,Encodes alpha5 subunit of 20s proteosome involved in protein degradation and RNA degradation.,20S proteasome alpha subunit E1;(source:Araport11),20S proteasome alpha subunit E1
AT1G54030,1,1,0,2,protein_coding,GDSL-like Lipase/Acylhydrolase superfamily protein,Encodes a vacuolar protein.  Mutation causes organizational defects in the endoplasmic reticulum and aberrant protein trafficking in the plant secretory pathway. The mRNA is cell-to-cell mobile. | Encodes a vacuolar protein.  Mutation causes organizational defects in the endoplasmic reticulum and aberrant protein trafficking in the plant secretory pathway.The mRNA is cell-to-cell mobile.,GDSL-like Lipase/Acylhydrolase superfamily protein;(source:Araport11),GDSL-like Lipase/Acylhydrolase superfamily protein
AT1G54150,1,1,0,2,protein_coding,E3 Ubiquitin ligase family protein,Encodes a chloroplast-localized putative RING-type ubiquitin E3 ligase.,E3 Ubiquitin ligase family protein;(source:Araport11),E3 Ubiquitin ligase family protein
AT1G54160,1,1,0,1,protein_coding,"nuclear factor Y, subunit A5",Encodes a member of the CCAAT-binding transcription factor (CBF-B/NF-YA) family. Expression is upregulated in response to ABA and drought. This regulation appears to be mediated by MIR169A which is downregulated in  response to drought. NFYA5 is a target of MIR169A. Loss of function mutations are hypersensitive to drought.,"nuclear factor Y, subunit A5;(source:Araport11)","nuclear factor Y, subunit A5"
AT1G54260,1,1,0,1,protein_coding,winged-helix DNA-binding transcription factor family protein,,winged-helix DNA-binding transcription factor family protein;(source:Araport11),winged-helix DNA-binding transcription factor family protein
AT1G54575,3,3,0,2,protein_coding,,,hypothetical protein;(source:Araport11),hypothetical protein;(source:Araport11)
AT1G55210,1,1,0,2,protein_coding,Disease resistance-responsive (dirigent-like protein) family protein,,Disease resistance-responsive (dirigent-like protein) family protein;(source:Araport11),Disease resistance-responsive (dirigent-like protein) family protein
AT1G55450,1,1,0,2,protein_coding,S-adenosyl-L-methionine-dependent methyltransferases superfamily protein,methyltransferase-like protein,S-adenosyl-L-methionine-dependent methyltransferases superfamily protein;(source:Araport11),S-adenosyl-L-methionine-dependent methyltransferases superfamily protein
AT1G55670,1,0,1,1,protein_coding,photosystem I subunit G,"Encodes subunit G of photosystem I, an 11-kDa membrane protein that plays an  important role in electron transport between plastocyanin and PSI and is involved in  the stability of the PSI complex. PSI-G subunit is bound to  PSI-B and is in contact with Lhca1. The protein inserts into thylakoids by  a direct or ""spontaneous"" pathway that does not involve the activities of  any known chloroplast protein-targeting machinery. PSI-G appears to be directly or indirectly involved in the interaction between Photosystem I and plastocyanin.",photosystem I subunit G;(source:Araport11),photosystem I subunit G
AT1G55730,2,2,0,2,protein_coding,cation exchanger 5,member of Low affinity calcium antiporter CAX2 family,cation exchanger 5;(source:Araport11),cation exchanger 5
AT1G55910,2,2,0,1,protein_coding,zinc transporter 11 precursor,member of Putative zinc transporter ZIP2 - like family,zinc transporter 11 precursor;(source:Araport11),zinc transporter 11 precursor
AT1G56060,1,1,0,2,protein_coding,,CYSTM3  is a mitochondrial protein that is induced by salt stress and is  a negative regulator of salt stress.,cysteine-rich/transmembrane domain protein B;(source:Araport11),CYSTM3  is a mitochondrial protein that is induced by salt stress and is  a negative regulator of salt stress.
AT1G56120,3,3,0,3,protein_coding,Leucine-rich repeat transmembrane protein kinase,LRR-MAL RK,Leucine-rich repeat transmembrane protein kinase;(source:Araport11),Leucine-rich repeat transmembrane protein kinase
AT1G56300,2,2,0,2,protein_coding,Chaperone DnaJ-domain superfamily protein,,Chaperone DnaJ-domain superfamily protein;(source:Araport11),Chaperone DnaJ-domain superfamily protein
AT1G56440,1,1,0,2,protein_coding,Tetratricopeptide repeat (TPR)-like superfamily protein,"Encodes one of the 36 carboxylate clamp (CC)-tetratricopeptide repeat (TPR) proteins (Prasad 2010, Pubmed ID: 20856808) with potential to interact with Hsp90/Hsp70 as co-chaperones.",Tetratricopeptide repeat (TPR)-like superfamily protein;(source:Araport11),Tetratricopeptide repeat (TPR)-like superfamily protein
AT1G56450,1,1,0,1,protein_coding,20S proteasome beta subunit G1,"20S proteasome beta subunit PBG1 (PBG1) mRNA, complete cds",20S proteasome beta subunit G1;(source:Araport11),20S proteasome beta subunit G1
AT1G56510,2,2,0,1,protein_coding,Disease resistance protein (TIR-NBS-LRR class),TIR-NB-LRR protein that confers resistance to four races of Albugo candida. The mRNA is cell-to-cell mobile.,Disease resistance protein (TIR-NBS-LRR class);(source:Araport11),Disease resistance protein (TIR-NBS-LRR class)
AT1G56600,2,0,2,1,protein_coding,galactinol synthase 2,"GolS2 is a galactinol synthase that catalyzes the formation of galactinol from UDP-galactose and myo-inositol. GolS2 transcript levels rise in response to methyl viologen, an oxidative damage-inducing agent. Plants over-expressing GolS2 have increased tolerance to salt, chilling, and high-light stress.",galactinol synthase 2;(source:Araport11),galactinol synthase 2
AT1G56660,2,2,0,2,protein_coding,,,MAEBL domain protein;(source:Araport11),MAEBL domain protein;(source:Araport11)
AT1G57630,4,4,0,1,protein_coding,Toll-Interleukin-Resistance (TIR) domain family protein,,Toll-Interleukin-Resistance (TIR) domain family protein;(source:Araport11),Toll-Interleukin-Resistance (TIR) domain family protein
AT1G58225,3,3,0,2,protein_coding,,,hypothetical protein;(source:Araport11),hypothetical protein;(source:Araport11)
AT1G58340,5,5,0,1,protein_coding,MATE efflux family protein,Encodes a plant MATE (multidrug and toxic compound extrusion) transporter that is localized to the Golgi complex and small organelles and is involved in determining the rate of organ initiation.  It is also involved in iron homeostasis when plants are under osmotic stress.,MATE efflux family protein;(source:Araport11),MATE efflux family protein
AT1G58420,1,1,0,1,protein_coding,Uncharacterised conserved protein UCP031279,,Uncharacterized conserved protein UCP031279;(source:Araport11),Uncharacterised conserved protein UCP031279
AT1G58602,1,1,0,2,protein_coding,LRR and NB-ARC domains-containing disease resistance protein,,LRR and NB-ARC domains-containing disease resistance protein;(source:Araport11),LRR and NB-ARC domains-containing disease resistance protein
AT1G59590,1,1,0,1,protein_coding,ZCF37,"ZCF37 mRNA, complete cds The mRNA is cell-to-cell mobile.",ZCF37;(source:Araport11),ZCF37
AT1G59660,2,2,0,3,protein_coding,Nucleoporin autopeptidase,"Encodes a protein with similarity to mammalian nucleoporin Nup98.Its expression is upregulated in mutants that are NUP deficient. Nucleoportin which redundantly inhibits flowering together with Nup98a through multiple pathways including clock, photoperiod, and age pathways. Gates flowering in a CONSTANS (CO)-independent mode and bypasses the CO checkpoint in photoperiodic signaling and integrated signals from multiple pathways to directly target FLOWERING LOCUS T (FT) for flowering control.",Nucleoporin autopeptidase;(source:Araport11),Nucleoporin autopeptidase
AT1G59710,1,1,0,3,protein_coding,Protein of unknown function (DUF569),,actin cross-linking protein (DUF569);(source:Araport11),Protein of unknown function (DUF569)
AT1G59870,1,1,0,1,protein_coding,ABC-2 and Plant PDR ABC-type transporter family protein,"ATP binding cassette transporter. Localized to the plasma membrane in uninfected cells. In infected leaves, the protein concentrated at  infection sites. Contributes to nonhost resistance to inappropriate pathogens that enter by direct penetration in a salicylic acid–dependent manner. Required for mlo resistance.  Has Cd transporter activity (Cd2+ extrusion pump) and contributes to heavy metal resistance. The mRNA is cell-to-cell mobile.",ABC-2 and Plant PDR ABC-type transporter family protein;(source:Araport11),ABC-2 and Plant PDR ABC-type transporter family protein
AT1G59960,1,1,0,1,protein_coding,NAD(P)-linked oxidoreductase superfamily protein,,NAD(P)-linked oxidoreductase superfamily protein;(source:Araport11),NAD(P)-linked oxidoreductase superfamily protein
AT1G60190,2,0,2,1,protein_coding,ARM repeat superfamily protein,"Encodes PUB19, a plant U-box armadillo repeat protein. Involved in salt inhibition of germination together with PUB18. The mRNA is cell-to-cell mobile.",ARM repeat superfamily protein;(source:Araport11),ARM repeat superfamily protein
AT1G60730,4,4,0,3,protein_coding,NAD(P)-linked oxidoreductase superfamily protein,,NAD(P)-linked oxidoreductase superfamily protein;(source:Araport11),NAD(P)-linked oxidoreductase superfamily protein
AT1G61120,3,3,0,1,protein_coding,terpene synthase 04,"Encodes a geranyllinalool synthase that produces a precursor to TMTT, a volatile plant defense C16-homoterpene. GES transcript levels rise in response to alamethicin, a fungal peptide mixture that damages membranes. This transcriptional response is blocked in JA biosynthetic and JA signaling mutants, but GES transcript levels still rise in response to alamethicin in mutants with salicylic acid and ethylene biosynthetic and/or signaling defects. GES transcripts also accumulate in response to a larval infestation. This enzyme does not localize to the plastids, and it may be present in the cytosol or endoplasmic reticulum. The mRNA is cell-to-cell mobile.",terpene synthase 04;(source:Araport11),terpene synthase 04
AT1G61140,1,1,0,3,protein_coding,SNF2 domain-containing protein / helicase domain-containing protein / zinc finger protein-related,,SNF2 domain-containing protein / helicase domain-containing protein / zinc finger protein-like protein;(source:Araport11),SNF2 domain-containing protein / helicase domain-containing protein / zinc finger protein-related
AT1G61250,2,2,0,2,protein_coding,secretory carrier 3,Encodes a putative secretory carrier membrane protein (SC3). The mRNA is cell-to-cell mobile.,secretory carrier 3;(source:Araport11),secretory carrier 3
AT1G61260,1,1,0,1,protein_coding,Protein of unknown function (DUF761),,cotton fiber (DUF761);(source:Araport11),Protein of unknown function (DUF761)
AT1G61360,1,1,0,4,protein_coding,S-locus lectin protein kinase family protein,,S-locus lectin protein kinase family protein;(source:Araport11),S-locus lectin protein kinase family protein
AT1G61380,2,2,0,2,protein_coding,S-domain-1 29,Encodes a membrane localized S-domain receptor kinase that is involved in lipopolysaccharide (LPS) sensing. SD1-29 detected LPS of Pseudomonas and Xanthomonas species for which it serves as a microbe associated molecular pattern triggering innate immunity. Loses of function mutants are hyper susceptible to P.syringae.,S-domain-1 29;(source:Araport11),S-domain-1 29
AT1G61520,1,0,1,3,protein_coding,photosystem I light harvesting complex gene 3,PSI type III chlorophyll a/b-binding protein (Lhca3*1) The mRNA is cell-to-cell mobile.,PSI type III chlorophyll a/b-binding protein;(source:Araport11),photosystem I light harvesting complex gene 3
AT1G61610,1,1,0,2,protein_coding,S-locus lectin protein kinase family protein,,S-locus lectin protein kinase family protein;(source:Araport11),S-locus lectin protein kinase family protein
AT1G61800,7,7,0,2,protein_coding,glucose-6-phosphate/phosphate translocator 2,"glucose6-Phosphate/phosphate transporter 2. Expression is upregulated in the shoot of cax1/cax3 mutant. The mRNA is cell-to-cell mobile. | glucose6-Phosphate/phosphate transporter 2, prefers to exchange Pi or Triose-P for G6P, targets only plastids. Expression is upregulated in the shoot of cax1/cax3 mutant.The mRNA is cell-to-cell mobile.",glucose-6-phosphate/phosphate translocator 2;(source:Araport11),glucose-6-phosphate/phosphate translocator 2
AT1G61820,1,1,0,2,protein_coding,beta glucosidase 46,,beta glucosidase 46;(source:Araport11),beta glucosidase 46
AT1G62300,3,3,0,1,protein_coding,WRKY family transcription factor,Encodes a transcription factor WRKY6.  Regulates Phosphate1 (Pho1) expression in response to low phosphate (Pi) stress. Together with WRKY28 and WRKY41 plays a role redundant to WRKY51 in the suppression of RPW8.1,WRKY family transcription factor;(source:Araport11),WRKY family transcription factor
AT1G62305,2,2,0,3,protein_coding,"Core-2/I-branching beta-1,6-N-acetylglucosaminyltransferase family protein",,"Core-2/I-branching beta-1,6-N-acetylglucosaminyltransferase family protein;(source:Araport11)","Core-2/I-branching beta-1,6-N-acetylglucosaminyltransferase family protein"
AT1G62540,1,1,0,3,protein_coding,flavin-monooxygenase glucosinolate S-oxygenase 2,"belongs to the flavin-monooxygenase (FMO) family, encodes a glucosinolate S-oxygenase that catalyzes the conversion of methylthioalkyl glucosinolates to methylsulfinylalkyl glucosinolates The mRNA is cell-to-cell mobile. | belongs to the flavin-monooxygenase (FMO) family, encodes a glucosinolate S-oxygenase that catalyzes the conversion of methylthioalkyl glucosinolates to methylsulfinylalkyl glucosinolatesThe mRNA is cell-to-cell mobile.",flavin-monooxygenase glucosinolate S-oxygenase 2;(source:Araport11),flavin-monooxygenase glucosinolate S-oxygenase 2
AT1G62930,1,1,0,1,protein_coding,Tetratricopeptide repeat (TPR)-like superfamily protein,RPF3 encodes a pentatricopeptide repeat (PPR) protein involved in 5' processing of  different mitochondrial mRNAs.,Tetratricopeptide repeat (TPR)-like superfamily protein;(source:Araport11),Tetratricopeptide repeat (TPR)-like superfamily protein
AT1G63530,3,3,0,4,protein_coding,,,hypothetical protein;(source:Araport11),hypothetical protein;(source:Araport11)
AT1G63720,4,4,0,1,protein_coding,,Member of a small family of plasma membrane localized proteins.Expressed in leaf mesophyll cells.,hydroxyproline-rich glycoprotein family protein;(source:Araport11),Member of a small family of plasma membrane localized proteins.Expressed in leaf mesophyll cells.
AT1G63840,3,3,0,1,protein_coding,RING/U-box superfamily protein,,RING/U-box superfamily protein;(source:Araport11),RING/U-box superfamily protein
AT1G63860,2,2,0,6,protein_coding,Disease resistance protein (TIR-NBS-LRR class) family,,Disease resistance protein (TIR-NBS-LRR class) family;(source:Araport11),Disease resistance protein (TIR-NBS-LRR class) family
AT1G63880,1,1,0,2,protein_coding,Disease resistance protein (TIR-NBS-LRR class) family,Encodes a TIR-NBS-LRR class of disease resistance protein effective against Leptosphaeria maculans. The mRNA is cell-to-cell mobile. | Encodes a TIR-NBS-LRR class of disease resistance protein effective against Leptosphaeria maculans.The mRNA is cell-to-cell mobile.,Disease resistance protein (TIR-NBS-LRR class) family;(source:Araport11),Disease resistance protein (TIR-NBS-LRR class) family
AT1G63900,1,1,0,2,protein_coding,E3 Ubiquitin ligase family protein,"Encodes a RING-type ubiquitin E3 ligase of the chloroplast outer membrane that associates with TOC complexes and mediates ubiquitination of TOC components, promoting their degradation.  It not only regulates chloroplast protein import but also targets components of the peroxisome protein import apparatus, PEX13 in particular. Several studies have been done to examine the peroxisomal localization of this protein, with varying interpretations.",E3 Ubiquitin ligase family protein;(source:Araport11),E3 Ubiquitin ligase family protein
AT1G64110,1,1,0,5,protein_coding,P-loop containing nucleoside triphosphate hydrolases superfamily protein,Target promoter of the male germline-specific transcription factor DUO1.,P-loop containing nucleoside triphosphate hydrolases superfamily protein;(source:Araport11),P-loop containing nucleoside triphosphate hydrolases superfamily protein
AT1G64280,2,2,0,1,protein_coding,regulatory protein (NPR1),"This gene is a key regulator of the salicylic acid (SA)-mediated systemic acquired resistance (SAR) pathway. It is similar to the transcription factor inhibitor I kappa B, and contains ankyrin repeats. It confers resistance to the pathogens Pseudomonas syringae and Peronospora parasitica in a dosage-dependent fashion. Although transgenic Arabidopsis plants overexpressing NPR1 acquire enhanced sensitivity to SA and (benzothiadiazole) BTH, they display no obvious detrimental morphological changes and do not have elevated pathogenesis-related gene expression until activated by inducers or pathogens.",regulatory protein (NPR1);(source:Araport11),regulatory protein (NPR1)
AT1G64360,1,1,0,1,protein_coding,,"SAQR is a clade specific protein present in single copy in Arabidopsis.It's expression is increased during light induced oxidative stress ,drought stress and also during senescence. Promoter contains two AGL15 binding sites.",hypothetical protein;(source:Araport11),"SAQR is a clade specific protein present in single copy in Arabidopsis.It's expression is increased during light induced oxidative stress ,drought stress and also during senescence. Promoter contains two AGL15 binding sites."
AT1G64385,1,1,0,2,protein_coding,,,transmembrane protein;(source:Araport11),transmembrane protein;(source:Araport11)
AT1G64520,1,1,0,1,protein_coding,regulatory particle non-ATPase 12A,,regulatory particle non-ATPase 12A;(source:Araport11),regulatory particle non-ATPase 12A
AT1G64610,2,2,0,2,protein_coding,Transducin/WD40 repeat-like superfamily protein,,Transducin/WD40 repeat-like superfamily protein;(source:Araport11),Transducin/WD40 repeat-like superfamily protein
AT1G64710,1,1,0,3,protein_coding,GroES-like zinc-binding dehydrogenase family protein,,GroES-like zinc-binding alcohol dehydrogenase family protein;(source:Araport11),GroES-like zinc-binding dehydrogenase family protein
AT1G64720,1,0,1,1,protein_coding,Polyketide cyclase/dehydrase and lipid transport superfamily protein,membrane related protein CP5,Polyketide cyclase/dehydrase and lipid transport superfamily protein;(source:Araport11),Polyketide cyclase/dehydrase and lipid transport superfamily protein
AT1G64950,1,1,0,1,protein_coding,"cytochrome P450, family 89, subfamily A, polypeptide 5",member of CYP89A The mRNA is cell-to-cell mobile.,"cytochrome P450, family 89, subfamily A, polypeptide 5;(source:Araport11)","cytochrome P450, family 89, subfamily A, polypeptide 5"
AT1G65040,1,1,0,6,protein_coding,RING/U-box superfamily protein,"Encodes one of the Arabidopsis homologs of the yeast/human Hrd1 protein: AT3G16090 (Hrd1A), AT1G65040 (Hrd1B). Involved in ERAD (Endoplasmic reticulum-associated degradation).",RING/U-box superfamily protein;(source:Araport11),RING/U-box superfamily protein
AT1G65080,1,1,0,1,protein_coding,"Membrane insertion protein, OxaA/YidC with tetratricopeptide repeat domain","Structurally distinct member of  Oxa1 superfamily , has tetratricopeptide repeat (TPR) domain at the C terminus. Paralog of OXA2b.Involved in maturation of mitochondrial cytochrome c.","Membrane insertion protein, OxaA/YidC with tetratricopeptide repeat domain-containing protein;(source:Araport11)","Membrane insertion protein, OxaA/YidC with tetratricopeptide repeat domain"
AT1G65486,1,1,0,4,protein_coding,,"Secreted peptide which functions in plant growth and pathogen defense. Cleaved by subtilases to produce SERINE RICH ENDOGENOUS PEPTIDES (SCOOP) proteins, which are involved in signaling.",transmembrane protein;(source:Araport11),"Secreted peptide which functions in plant growth and pathogen defense. Cleaved by subtilases to produce SERINE RICH ENDOGENOUS PEPTIDES (SCOOP) proteins, which are involved in signaling."
AT1G65490,1,1,0,3,protein_coding,,"Secreted peptide which functions in plant growth and pathogen defense. Cleaved by subtilases to produce SERINE RICH ENDOGENOUS PEPTIDES (SCOOP) proteins, which are involved in signaling.",transmembrane protein;(source:Araport11),"Secreted peptide which functions in plant growth and pathogen defense. Cleaved by subtilases to produce SERINE RICH ENDOGENOUS PEPTIDES (SCOOP) proteins, which are involved in signaling."
AT1G65500,1,1,0,1,protein_coding,,Secreted peptide which functions in plant growth and pathogen defense.,transmembrane protein;(source:Araport11),Secreted peptide which functions in plant growth and pathogen defense.
AT1G65520,1,1,0,1,protein_coding,"delta(3), delta(2)-enoyl CoA isomerase 1","encodes a peroxisomal delta3, delta2-enoyl CoA isomerase, involved in unsaturated fatty acid degradation","delta(3), delta(2)-enoyl CoA isomerase 1;(source:Araport11)","delta(3), delta(2)-enoyl CoA isomerase 1"
AT1G65690,4,4,0,1,protein_coding,Late embryogenesis abundant (LEA) hydroxyproline-rich glycoprotein family,"Encodes NHL6 (NDR1/HIN1-like 6). Plays an important role in the abiotic stresses-induced ABA signaling and biosynthesis, particularly during seed germination and early seedling development.",Late embryogenesis abundant (LEA) hydroxyproline-rich glycoprotein family;(source:Araport11),Late embryogenesis abundant (LEA) hydroxyproline-rich glycoprotein family
AT1G65790,3,3,0,3,protein_coding,receptor kinase 1,"An alternatively spliced gene that encodes a functional transmembrane receptor serine/threonine kinase, alternate form may not have transmembrane domain.",receptor kinase 1;(source:Araport11),receptor kinase 1
AT1G65800,2,2,0,2,protein_coding,receptor kinase 2,"Encodes a putative receptor-like serine/threonine protein kinases that is similar to brassica self-incompatibility (S) locus. expressed in specifically in cotyledons, leaves, and sepals, in correlation with the maturation of these structures. Together with AtPUB9, it is required for auxin-mediated lateral root development under phosphate-starved conditions. The mRNA is cell-to-cell mobile. | Encodes a putative receptor-like serine/threonine protein kinases that is similar to brassica self-incompatibility (S) locus. expressed in specifically in cotyledons, leaves, and sepals, in correlation with the maturation of these structures. Together with AtPUB9, it is required for auxin-mediated lateral root development under phosphate-starved conditions.The mRNA is cell-to-cell mobile.",receptor kinase 2;(source:Araport11),receptor kinase 2
AT1G65820,1,1,0,3,protein_coding,"microsomal glutathione s-transferase, putative",,microsomal glutathione s-transferase;(source:Araport11),"microsomal glutathione s-transferase, putative"
AT1G65845,1,1,0,1,protein_coding,,,transmembrane protein;(source:Araport11),transmembrane protein;(source:Araport11)
AT1G66090,2,2,0,1,protein_coding,Disease resistance protein (TIR-NBS class),,Disease resistance protein (TIR-NBS class);(source:Araport11),Disease resistance protein (TIR-NBS class)
AT1G66100,1,0,1,1,protein_coding,Plant thionin,"Predicted to encode a PR (pathogenesis-related) protein.  Belongs to the plant thionin (PR-13) family with the following members: At1g66100, At5g36910, At1g72260, At2g15010, At1g12663, At1g12660.",Plant thionin;(source:Araport11),Plant thionin
AT1G66390,1,1,0,1,protein_coding,myb domain protein 90,Production of anthocyanin pigment 2 protein (PAP2).,myb domain protein 90;(source:Araport11),myb domain protein 90
AT1G66500,1,1,0,1,protein_coding,Pre-mRNA cleavage complex II,,Pre-mRNA cleavage complex II;(source:Araport11),Pre-mRNA cleavage complex II
AT1G66700,3,3,0,2,protein_coding,S-adenosyl-L-methionine-dependent methyltransferases superfamily protein,"A member of the Arabidopsis SABATH methyltransferase gene family.  Encodes PXMT1, a methyltransferase that methylates 1,7-paraxanthine.",S-adenosyl-L-methionine-dependent methyltransferases superfamily protein;(source:Araport11),S-adenosyl-L-methionine-dependent methyltransferases superfamily protein
AT1G66725,2,2,0,1,miRNA_primary_transcript,MIR163; miRNA,"Encodes a microRNA that targets several SAMT family members. miR163, is highly expressed in A. thaliana diploids but down-regulated in A. thaliana autotetraploids and repressed in A. arenosa and A. suecica.  MicroRNAs are regulatory RNAs with a mature length of ~21-nucleotides that are processed from hairpin precursors by Dicer-like enzymes. MicroRNAs can negatively regulate gene expression by attenuating translation or by directing mRNA cleavage.Mature sequence: UUGAAGAGGACUUGGAACUUCGAU",microRNA ath-MIR163 precursor;(source:Araport11),MIR163; miRNA
AT1G66880,4,4,0,3,protein_coding,Protein kinase superfamily protein,,Protein kinase superfamily protein;(source:Araport11),Protein kinase superfamily protein
AT1G66920,1,1,0,3,protein_coding,Protein kinase superfamily protein,,Protein kinase superfamily protein;(source:Araport11),Protein kinase superfamily protein
AT1G67360,2,2,0,2,protein_coding,Rubber elongation factor protein (REF),Encodes a small rubber particle protein homolog.  Plays dual roles as positive factors for tissue growth and development and in drought stress responses.,Rubber elongation factor protein (REF);(source:Araport11),Rubber elongation factor protein (REF)
AT1G67800,1,1,0,6,protein_coding,Copine (Calcium-dependent phospholipid-binding protein) family,,Copine (Calcium-dependent phospholipid-binding protein) family;(source:Araport11),Copine (Calcium-dependent phospholipid-binding protein) family
AT1G67850,1,1,0,7,protein_coding,Protein of unknown function (DUF707),,lysine ketoglutarate reductase trans-splicing protein (DUF707);(source:Araport11),Protein of unknown function (DUF707)
AT1G67870,1,0,1,1,protein_coding,glycine-rich protein,,glycine-rich protein;(source:Araport11),glycine-rich protein
AT1G67920,4,4,0,1,protein_coding,,,hypothetical protein;(source:Araport11),hypothetical protein;(source:Araport11)
AT1G67970,6,6,0,1,protein_coding,heat shock transcription factor  A8,member of Heat Stress Transcription Factor (Hsf) family,heat shock transcription factor A8;(source:Araport11),heat shock transcription factor  A8
AT1G68050,1,1,0,1,protein_coding,"flavin-binding, kelch repeat, f box 1","Encodes FKF1, a flavin-binding kelch repeat F box protein, is clock-controlled, regulates transition to flowering. Forms a complex with GI on the CO promoter to regulate CO expression.","flavin-binding, kelch repeat, f box 1;(source:Araport11)","flavin-binding, kelch repeat, f box 1"
AT1G68300,2,2,0,1,protein_coding,Adenine nucleotide alpha hydrolases-like superfamily protein,,Adenine nucleotide alpha hydrolases-like superfamily protein;(source:Araport11),Adenine nucleotide alpha hydrolases-like superfamily protein
AT1G68440,1,1,0,1,protein_coding,,"Transmembrane protein;(source:Araport11). Expression induced by abiotic stressors such as  ABA, drought, heat, light, NaCl, osmotic stress and wounding.",transmembrane protein;(source:Araport11),"Transmembrane protein;(source:Araport11). Expression induced by abiotic stressors such as  ABA, drought, heat, light, NaCl, osmotic stress and wounding."
AT1G68500,1,1,0,1,protein_coding,,,hypothetical protein;(source:Araport11),hypothetical protein;(source:Araport11)
AT1G68570,1,1,0,2,protein_coding,Major facilitator superfamily protein,NPF3.1 is a membrane localized GA transporter that is expressed in the root endodermis.,Major facilitator superfamily protein;(source:Araport11),Major facilitator superfamily protein
AT1G68600,1,0,1,1,protein_coding,Aluminium activated malate transporter family protein,Mediates vacuolar fumarate import and regulates the malate/fumarate balance.,aluminum activated malate transporter family protein;(source:Araport11),Aluminium activated malate transporter family protein
AT1G68620,3,3,0,1,protein_coding,alpha/beta-Hydrolases superfamily protein,,alpha/beta-Hydrolases superfamily protein;(source:Araport11),alpha/beta-Hydrolases superfamily protein
AT1G69270,1,1,0,1,protein_coding,receptor-like protein kinase 1,"RPK1 is a leucine-rich receptor-like kinase located in the plasma membrane which is upregulated by abscisic acid, dehydration, high salt, low temperature, but not by other plant hormones. RPK1 knock-out and antisense plants show an ABA-insensitive phenotype. RPK1 plays a role in ABA-controlled cell proliferation and is a regulator of the ABA signal transduction pathway. Overexpression of the LRR domain has a dominant negative effect on RPK1. Mutations in RPK1 uncouple cotyledon anlagen and primordia by modulating epidermal cell shape and polarity.",receptor-like protein kinase 1;(source:Araport11),receptor-like protein kinase 1
AT1G69310,1,1,0,4,protein_coding,WRKY DNA-binding protein 57,"Encodes WRKY57, a member of the WRKY Transcription Factor. Activation of WRKY57 confers drought tolerance.",WRKY DNA-binding protein 57;(source:Araport11),WRKY DNA-binding protein 57
AT1G69480,1,1,0,2,protein_coding,EXS (ERD1/XPR1/SYG1) family protein,,EXS (ERD1/XPR1/SYG1) family protein;(source:Araport11),EXS (ERD1/XPR1/SYG1) family protein
AT1G69550,1,1,0,1,protein_coding,disease resistance protein (TIR-NBS-LRR class),,disease resistance protein (TIR-NBS-LRR class);(source:Araport11),disease resistance protein (TIR-NBS-LRR class)
AT1G69680,2,2,0,1,protein_coding,Mog1/PsbP/DUF1795-like photosystem II reaction center PsbP family protein,,"ran guanine nucleotide release factor, putative (Mog1/PsbP/DUF1795-like photosystem II reaction center PsbP family protein);(source:Araport11)",Mog1/PsbP/DUF1795-like photosystem II reaction center PsbP family protein
AT1G69720,3,3,0,3,protein_coding,heme oxygenase 3,Encodes a member (HO3) of the heme oxygenase family.,heme oxygenase 3;(source:Araport11),heme oxygenase 3
AT1G69730,2,2,0,1,protein_coding,Wall-associated kinase family protein,,Wall-associated kinase family protein;(source:Araport11),Wall-associated kinase family protein
AT1G69790,1,1,0,2,protein_coding,Protein kinase superfamily protein,,Protein kinase superfamily protein;(source:Araport11),Protein kinase superfamily protein
AT1G69840,2,2,0,7,protein_coding,SPFH/Band 7/PHB domain-containing membrane-associated protein family,,SPFH/Band 7/PHB domain-containing membrane-associated protein family;(source:Araport11),SPFH/Band 7/PHB domain-containing membrane-associated protein family
AT1G69870,1,1,0,1,protein_coding,nitrate transporter 1.7,Encodes a low affinity nitrate transporter NRT1.7.  Expressed in phloem.  Responsible for source-to-sink remobilization of nitrate. The mRNA is cell-to-cell mobile.,nitrate transporter 1.7;(source:Araport11),nitrate transporter 1.7
AT1G70000,1,1,0,2,protein_coding,myb-like transcription factor family protein,"Encodes a MYB-like Domain transcription factor that plays a positive role in anthocyanin accumulation in response to light and cytokinin via repression of MYBL2.MYBD expression increased in response to light or cytokinin, and MYBD enhanced anthocyanin biosynthesis via the repression of MYBL2 encoding for a transcription factor that had a negative effect on this process. In addition, MYBD can bind in vivo to the MYBL2 promoter and a lower level of histone H3K9 acetylation (H3K9ac) at upstream region of MYBL2 in MYBD-OX in comparison to wild-type plants, implies that MYBD represses MYBL2 expression via an epigenetic mechanism.",myb-like transcription factor family protein;(source:Araport11),myb-like transcription factor family protein
AT1G70250,1,1,0,1,protein_coding,"receptor serine/threonine kinase, putative",Encodes a Protease inhibitor/seed storage/LTP family protein.,receptor serine/threonine kinase;(source:Araport11),"receptor serine/threonine kinase, putative"
AT1G70260,1,1,0,1,protein_coding,nodulin MtN21 /EamA-like transporter family protein,"Encodes an endoplasmic reticulum (ER)-localized nodulin MtN21-like transporter family protein that negatively regulates resistance against biotrophic pathogens but not the necrotrophic pathogen, B. cinerea, possibly by regulating ROS production, cell death and PR1 expression.",nodulin MtN21 /EamA-like transporter family protein;(source:Araport11),nodulin MtN21 /EamA-like transporter family protein
AT1G70520,1,1,0,1,protein_coding,cysteine-rich RLK (RECEPTOR-like protein kinase) 2,Encodes a cysteine-rich receptor-like protein kinase located to the plasma membrane. Involved in regulating microbe-associated molecular pattern-triggered ROS production and stress induced callose deposition at the plasmodesmata in roots. Required for MAMP-triggered responses and resistance to Pseudomonas syringae pv. tomato  118 DC3000 .,cysteine-rich RLK (RECEPTOR-like protein kinase) 2;(source:Araport11),cysteine-rich RLK (RECEPTOR-like protein kinase) 2
AT1G70530,1,1,0,3,protein_coding,cysteine-rich RLK (RECEPTOR-like protein kinase) 3,Encodes a cysteine-rich receptor-like protein kinase.,cysteine-rich RLK (RECEPTOR-like protein kinase) 3;(source:Araport11),cysteine-rich RLK (RECEPTOR-like protein kinase) 3
AT1G70640,1,1,0,1,protein_coding,octicosapeptide/Phox/Bem1p (PB1) domain-containing protein,,octicosapeptide/Phox/Bem1p (PB1) domain-containing protein;(source:Araport11),octicosapeptide/Phox/Bem1p (PB1) domain-containing protein
AT1G70700,1,1,0,3,protein_coding,TIFY domain/Divergent CCT motif family protein,JAZ9 is a protein presumed to be involved in jasmonate signaling. JAZ9 transcript levels rise in response to a jasmonate stimulus. JAZ9 can interact with the COI1 F-box subunit of an SCF E3 ubiquitin ligase in a yeast-two-hybrid assay only in the presence of jasmonate-isoleucine (JA-ILE) or coronatine. The Jas domain appears to be important for JAZ9-COI1 interactions in the presence of coronatine. Two positive residues (R205 and R206) in the Jas domain shown to be important for coronatine -dependent COI1 binding are not required for binding AtMYC2. The mRNA is cell-to-cell mobile. | JAZ9 is a protein presumed to be involved in jasmonate signaling. JAZ9 transcript levels rise in response to a jasmonate stimulus. JAZ9 can interact with the COI1 F-box subunit of an SCF E3 ubiquitin ligase in a yeast-two-hybrid assay only in the presence of jasmonate-isoleucine (JA-ILE) or coronatine. The Jas domain appears to be important for JAZ9-COI1 interactions in the presence of coronatine. Two positive residues (R205 and R206) in the Jas domain shown to be important for coronatine -dependent COI1 binding are not required for binding AtMYC2.The mRNA is cell-to-cell mobile.,TIFY domain/Divergent CCT motif family protein;(source:Araport11),TIFY domain/Divergent CCT motif family protein
AT1G71040,3,3,0,1,protein_coding,Cupredoxin superfamily protein,Encodes LPR2.  Function together with LPR1 (AT1G23010) and a P5-type ATPase (At5g23630/PDR2) in a common pathway that adjusts root meristem activity to Pi (inorganic phosphate) availability.,Cupredoxin superfamily protein;(source:Araport11),Cupredoxin superfamily protein
AT1G71100,1,1,0,1,protein_coding,"Ribose 5-phosphate isomerase, type A protein",Encodes a ribose 5-phosphate isomerase involved in the formation of uridine used for the synthesis of UDP-sugars. Mutants of this gene are affected in cellulose biosynthesis.,"Ribose 5-phosphate isomerase, type A protein;(source:Araport11)","Ribose 5-phosphate isomerase, type A protein"
AT1G71110,1,1,0,1,protein_coding,,,transmembrane protein;(source:Araport11),transmembrane protein;(source:Araport11)
AT1G71140,1,1,0,1,protein_coding,MATE efflux family protein,MATE transporter that can export the antibiotic norfloxacin.,MATE efflux family protein;(source:Araport11),MATE efflux family protein
AT1G71880,1,1,0,1,protein_coding,sucrose-proton symporter 1,Sucrose transporter gene induced in response to nematodes; member of Sucrose-proton symporter family. The mRNA is cell-to-cell mobile.,sucrose-proton symporter 1;(source:Araport11),sucrose-proton symporter 1
AT1G72120,5,5,0,1,protein_coding,Major facilitator superfamily protein,,Major facilitator superfamily protein;(source:Araport11),Major facilitator superfamily protein
AT1G72280,3,3,0,1,protein_coding,endoplasmic reticulum oxidoreductins 1,"Encodes an oxidoreductin required for oxidative protein folding in the ER and exists in two distinct oxidized isoforms (Ox1 and Ox2), which are determined by the formation or breakage of the putative regulatory disulfide. AtERO1 is mainly present in the Ox1 redox state.",endoplasmic reticulum oxidoreductins 1;(source:Araport11),endoplasmic reticulum oxidoreductins 1
AT1G72330,2,2,0,3,protein_coding,alanine aminotransferase 2,Encodes for alanine aminotransferase ALAAT2.,alanine aminotransferase 2;(source:Araport11),alanine aminotransferase 2
AT1G72520,3,3,0,1,protein_coding,PLAT/LH2 domain-containing lipoxygenase family protein,13-lipoxygenase that is induced by or abiotic stresses and triggers defense respones.,PLAT/LH2 domain-containing lipoxygenase family protein;(source:Araport11),PLAT/LH2 domain-containing lipoxygenase family protein
AT1G72660,1,1,0,4,protein_coding,P-loop containing nucleoside triphosphate hydrolases superfamily protein,,P-loop containing nucleoside triphosphate hydrolases superfamily protein;(source:Araport11),P-loop containing nucleoside triphosphate hydrolases superfamily protein
AT1G72680,3,3,0,1,protein_coding,cinnamyl-alcohol dehydrogenase,Similar to cinnamyl-alcohol dehydrogenases but catalytic activity is low.,cinnamyl-alcohol dehydrogenase;(source:Araport11),cinnamyl-alcohol dehydrogenase
AT1G72700,1,1,0,3,protein_coding,ATPase E1-E2 type family protein / haloacid dehalogenase-like hydrolase family protein,,ATPase E1-E2 type family protein / haloacid dehalogenase-like hydrolase family protein;(source:Araport11),ATPase E1-E2 type family protein / haloacid dehalogenase-like hydrolase family protein
AT1G72770,1,1,0,5,protein_coding,HYPERSENSITIVE TO ABA1,mutant has ABA hypersensitive inhibition of seed germination; Protein Phosphatase 2C; regulates the activation of the Snf1-related kinase OST1 by abscisic acid. The mRNA is cell-to-cell mobile. | mutant has ABA hypersensitive inhibition of seed germination; Protein Phosphatase 2C; regulates the activation of the Snf1-related kinase OST1 by abscisic acid.The mRNA is cell-to-cell mobile.,HYPERSENSITIVE TO ABA1;(source:Araport11),HYPERSENSITIVE TO ABA1
AT1G72830,1,1,0,3,protein_coding,"nuclear factor Y, subunit A3","Encodes a subunit of CCAAT-binding complex, binds to CCAAT box motif present in some plant promoter sequences. One of three members of this class (HAP2A, HAP2B, HAP2C), it is expressed in vegetative and reproductive tissues. Expression is upregulated in the shoot of cax1/cax3 mutant.","nuclear factor Y, subunit A3;(source:Araport11)","nuclear factor Y, subunit A3"
AT1G72900,4,4,0,1,protein_coding,Toll-Interleukin-Resistance (TIR) domain-containing protein,,Toll-Interleukin-Resistance (TIR) domain-containing protein;(source:Araport11),Toll-Interleukin-Resistance (TIR) domain-containing protein
AT1G72910,2,2,0,1,protein_coding,Toll-Interleukin-Resistance (TIR) domain-containing protein,"Nucleotide-binding, leucine-rich repeat (NLR)  gene regulated by nonsense-mediated mRNA decay (NMD) genes UPF1 and UPF3.",Toll-Interleukin-Resistance (TIR) domain-containing protein;(source:Araport11),Toll-Interleukin-Resistance (TIR) domain-containing protein
AT1G72930,1,1,0,2,protein_coding,toll/interleukin-1 receptor-like,Toll/interleukin-1 receptor-like protein (TIR) protein. It is induced in response to bacterial pathogens and overexpression results in cell death in leaves.,toll/interleukin-1 receptor-like protein;(source:Araport11),toll/interleukin-1 receptor-like
AT1G73010,2,2,0,1,protein_coding,phosphate starvation-induced gene 2,"Encodes PPsPase1, a pyrophosphate-specific phosphatase catalyzing the specific cleavage of pyrophosphate (Km 38.8 uM) with an alkaline catalytic pH optimum. Expression is upregulated in the shoot of cax1/cax3 mutant.",inorganic pyrophosphatase 1;(source:Araport11),phosphate starvation-induced gene 2
AT1G73260,5,5,0,1,protein_coding,kunitz trypsin inhibitor 1,Encodes a trypsin inhibitor involved in modulating programmed cell death in plant-pathogen interactions.,kunitz trypsin inhibitor 1;(source:Araport11),kunitz trypsin inhibitor 1
AT1G73330,2,2,0,1,protein_coding,drought-repressed 4,encodes a plant-specific protease inhibitor-like protein whose transcript level in root disappears in response to progressive drought stress. The decrease in transcript level is independent from abscisic acid level.,drought-repressed 4;(source:Araport11),drought-repressed 4
AT1G73500,3,3,0,1,protein_coding,MAP kinase kinase 9,"member of MAP Kinase Kinase family. Autophosphorylates and also phosphorylates MPK3 and MPK6. Independently involved in ethylene and calmalexin biosynthesis. Induces transcription of ACS2, ACS6, ERF1, ERF2, ERF5, ERF6, CYP79B2, CYP79B3, CYP71A13 and PAD3.",MAP kinase kinase 9;(source:Araport11),MAP kinase kinase 9
AT1G73805,5,5,0,1,protein_coding,Calmodulin binding protein-like,"Encodes SAR Deficient 1 (SARD1), a key regulator for ICS1 (Isochorismate Synthase 1) induction and salicylic acid (SA) synthesis.",Calmodulin binding protein-like protein;(source:Araport11),Calmodulin binding protein-like
AT1G73810,6,6,0,1,protein_coding,"Core-2/I-branching beta-1,6-N-acetylglucosaminyltransferase family protein",,"Core-2/I-branching beta-1,6-N-acetylglucosaminyltransferase family protein;(source:Araport11)","Core-2/I-branching beta-1,6-N-acetylglucosaminyltransferase family protein"
AT1G74020,1,1,0,1,protein_coding,strictosidine synthase 2,Encodes AtSS-2 strictosidine synthase.,strictosidine synthase 2;(source:Araport11),strictosidine synthase 2
AT1G74210,1,1,0,1,protein_coding,PLC-like phosphodiesterases superfamily protein,Encodes a member of the glycerophosphodiester phosphodiesterase (GDPD) family.,PLC-like phosphodiesterases superfamily protein;(source:Araport11),PLC-like phosphodiesterases superfamily protein
AT1G74300,1,1,0,2,protein_coding,alpha/beta-Hydrolases superfamily protein,,alpha/beta-Hydrolases superfamily protein;(source:Araport11),alpha/beta-Hydrolases superfamily protein
AT1G74360,4,4,0,1,protein_coding,Leucine-rich repeat protein kinase family protein,NILR1 encodes a serine/threonine kinase involved in defense response to nematodes.,Leucine-rich repeat protein kinase family protein;(source:Araport11),Leucine-rich repeat protein kinase family protein
AT1G74440,2,2,0,2,protein_coding,Protein of unknown function (DUF962),"Similar to MPH1, can complement mph1-1 salt sensitivity phenotype. Involved in the production of odd chain fatty acids and may function redundantly with MPH in sphingolipid catabolism.","ER membrane protein, putative (DUF962);(source:Araport11)",Protein of unknown function (DUF962)
AT1G74590,1,1,0,1,protein_coding,glutathione S-transferase TAU 10,Encodes glutathione transferase belonging to the tau class of GSTs. Naming convention according to Wagner et al. (2002).,glutathione S-transferase TAU 10;(source:Araport11),glutathione S-transferase TAU 10
AT1G74710,3,3,0,2,protein_coding,ADC synthase superfamily protein,Encodes a protein with isochorismate synthase activity. Mutants fail to accumulate salicylic acid.  Its function may be redundant with that of ICS2 (AT1G18870).,ADC synthase superfamily protein;(source:Araport11),ADC synthase superfamily protein
AT1G75040,3,3,0,1,protein_coding,pathogenesis-related gene 5,"Thaumatin-like protein involved in response to pathogens.  mRNA level of the PR-5 gene (At1g75040)is significantly changed after cutting the inflorescence stem indicating the existence of a network of signal transducing pathways as other stress-regulated genes (At5g01410, At3g17800, At1g29930)do not response to the treatment. The mRNA is cell-to-cell mobile.",pathogenesis-related protein 5;(source:Araport11),pathogenesis-related gene 5
AT1G75170,1,1,0,3,protein_coding,Sec14p-like phosphatidylinositol transfer family protein,,Sec14p-like phosphatidylinositol transfer family protein;(source:Araport11),Sec14p-like phosphatidylinositol transfer family protein
AT1G75510,1,1,0,1,protein_coding,"Transcription initiation factor IIF, beta subunit",,"Transcription initiation factor IIF, beta subunit;(source:Araport11)","Transcription initiation factor IIF, beta subunit"
AT1G76040,4,4,0,4,protein_coding,calcium-dependent protein kinase 29,member of Calcium Dependent Protein Kinase,calcium-dependent protein kinase 29;(source:Araport11),calcium-dependent protein kinase 29
AT1G76150,1,1,0,1,protein_coding,enoyl-CoA hydratase 2,"Encodes a monofunctional enoyl-CoA hydratase 2, involved in the degradation of even cis-unsaturated fatty acids, gene expression is enhanced during the first 2 days of germination, as well as in senescent leaves.",enoyl-CoA hydratase 2;(source:Araport11),enoyl-CoA hydratase 2
AT1G76350,1,1,0,4,protein_coding,Plant regulator RWP-RK family protein,"(NODULE INCEPTION)-LIKE PROTEIN, together with NLP4 controls a rhizobia-induced decrease in cell elongation rates, while additional cell divisions occurred independently of NLP4.",Plant regulator RWP-RK family protein;(source:Araport11),Plant regulator RWP-RK family protein
AT1G76520,2,2,0,2,protein_coding,Auxin efflux carrier family protein,"Auxin transport facilitator which abundance is controlled by ER stress, resulting in protein turnover in a tissue-dependent manner. This process allows for the integration of environmental input with phytochrome auxin signaling, contributing to stress-induced growth adaptation.",Auxin efflux carrier family protein;(source:Araport11),Auxin efflux carrier family protein
AT1G76600,2,2,0,1,protein_coding,,PADRE protein up-regulated after infection by S. sclerotiorun.,poly polymerase;(source:Araport11),PADRE protein up-regulated after infection by S. sclerotiorun.
AT1G76650,2,2,0,3,protein_coding,calmodulin-like 38,Calmodulin like gene. Inducible by nitrate and hypoxia and involved in nitrate induced BR signaling and response to hypoxia.,calmodulin-like 38;(source:Araport11),calmodulin-like 38
AT1G76680,1,1,0,2,protein_coding,12-oxophytodienoate reductase 1,"Encodes a member of an alpha/beta barrel fold family of FMN-containing oxidoreductases.  One of the closely related 12-oxophytodienoic acid reductases. This enzyme is not expected to participate in jasmonic acid biosynthesis because during in vitro assays, it shows very little activity with the naturally occurring OPDA isomer.  Shows activity towards 2,4,6-trinitrotoluene.  Expressed predominately in root.  Up-regulated by senescence and jasmonic acid. Induced by salicylic acid. Independent of NPR1 for their induction by salicylic acid. Predicted to be a cytosolic protein.",12-oxophytodienoate reductase 1;(source:Araport11),12-oxophytodienoate reductase 1
AT1G76700,1,1,0,1,protein_coding,DNAJ heat shock N-terminal domain-containing protein,,DNAJ heat shock N-terminal domain-containing protein;(source:Araport11),DNAJ heat shock N-terminal domain-containing protein
AT1G76790,3,3,0,1,protein_coding,O-methyltransferase family protein,Encodes a protein with similarity to N-acetylserotonin O-methyltransferase (ASMT) but it does not have ASMT activity in vitro.,O-methyltransferase family protein;(source:Araport11),O-methyltransferase family protein
AT1G76930,5,5,0,2,protein_coding,extensin 4,Encodes an Arabidopsis extensin gene that belongs to cell-wall hydroxyproline-rich glycoproteins.  The cross-link of extensins enforces cell wall strength. Transgenic plants overexpressing this gene show an increase in stem thickness.,extensin 4;(source:Araport11),extensin 4
AT1G76960,3,3,0,1,protein_coding,,"Unknown protein, contains WRKY40 binding motifs.",transmembrane protein;(source:Araport11),"Unknown protein, contains WRKY40 binding motifs."
AT1G76970,2,2,0,7,protein_coding,Target of Myb protein 1,"Encodes a member of the Arabidopsis TOL (TOM1-LIKE) family of ubiquitin binding proteins that acts redundantly in the recognition and further endocytic sorting of a PIN-FORMED (PIN)-type auxin carrier protein at the plasma membrane, modulating dynamic auxin distribution and associated growth responses.",Target of Myb protein 1;(source:Araport11),Target of Myb protein 1
AT1G76980,3,3,0,2,protein_coding,,,patatin-like phospholipase domain protein;(source:Araport11),patatin-like phospholipase domain protein;(source:Araport11)
AT1G77450,3,3,0,1,protein_coding,NAC domain containing protein 32,NAC domain transcriptional regulator that is induced by ROS in roots where it regulates the expression of downstream genes such as MYB30.,NAC domain containing protein 32;(source:Araport11),NAC domain containing protein 32
AT1G77500,3,3,0,1,protein_coding,Protein of unknown function (DUF630 and DUF632),,"DUF630 family protein, putative (DUF630 and DUF632);(source:Araport11)",Protein of unknown function (DUF630 and DUF632)
AT1G77510,3,3,0,1,protein_coding,PDI-like 1-2,"Encodes a protein disulfide isomerase-like (PDIL) protein, a member of a multigene family within the thioredoxin (TRX) superfamily. Transcript levels for this gene are up-regulated in response to three different chemical inducers of ER stress (dithiothreitol, beta-mercaptoethanol, and tunicamycin). AtIRE1-2 does not appear to be required for this response, but the atbzip60 mutant has a diminished response.  This protein has been shown to be an attenuator of D1 synthesis, modulating photoinhibition in a light-regulated manner.",PDI-like 1-2;(source:Araport11),PDI-like 1-2
AT1G77810,2,2,0,2,protein_coding,Galactosyltransferase family protein,,Galactosyltransferase family protein;(source:Araport11),Galactosyltransferase family protein
AT1G77920,1,1,0,1,protein_coding,bZIP transcription factor family protein,"TGA7 belongs to group D of the basic leucine zipper (bZIP) transcription factors. During systemic acquired resistance (SAR), TGA7 binds to the activation sequence-1 (as-1) in the promoter region of SAR related genes and regulates their expressions in an NPR1 dependent manner.",bZIP transcription factor family protein;(source:Araport11),bZIP transcription factor family protein
AT1G78190,1,1,0,1,protein_coding,Trm112p-like protein,,Trm112p-like protein;(source:Araport11),Trm112p-like protein
AT1G78410,3,3,0,2,protein_coding,VQ motif-containing protein,Member of a conserved family that of proteins that contain  five conserved amino acids FxxhVQxhTG.,VQ motif-containing protein;(source:Araport11),VQ motif-containing protein
AT1G79040,1,0,1,1,protein_coding,photosystem II subunit R,"Encodes for the 10 kDa PsbR subunit of photosystem II (PSII). This subunit appears to be involved in the stable assembly of PSII, particularly that of the oxygen-evolving complex subunit PsbP. Mutants defective in this gene have reduced amounts of subunits PsbP and PsbQ in PSII. In turn, assembly of PsbR is dependent on the presence of PsbJ.",photosystem II subunit R;(source:Araport11),photosystem II subunit R
AT1G79110,1,1,0,3,protein_coding,zinc ion binding,Encodes one of the BRGs (BOI-related gene) involved in resistance to Botrytis cinerea.,zinc ion binding protein;(source:Araport11),zinc ion binding
AT1G79380,1,1,0,1,protein_coding,Ca(2)-dependent phospholipid-binding protein (Copine) family,Encodes a ubiquitin ligase that is an essential upstream modulator of JA signaling in response to various stimuli.,Ca(2)-dependent phospholipid-binding protein (Copine) family;(source:Araport11),Ca(2)-dependent phospholipid-binding protein (Copine) family
AT1G79450,1,1,0,2,protein_coding,ALA-interacting subunit 5,,ALA-interacting subunit 5;(source:Araport11),ALA-interacting subunit 5
AT1G79610,1,1,0,1,protein_coding,Na+/H+ antiporter 6,"Encodes an endosomal Na(+)/H(+) antiporter: AT1G54370 (NHX5), AT1G79610 (NHX6). Double knockout nhx5 nhx6 showed reduced growth, with smaller and fewer cells and increased sensitivity to salinity.",Na+/H+ antiporter 6;(source:Araport11),Na+/H+ antiporter 6
AT1G80120,1,1,0,1,protein_coding,Protein of unknown function (DUF567),,LURP-one-like protein (DUF567);(source:Araport11),Protein of unknown function (DUF567)
AT1G80130,2,2,0,1,protein_coding,Tetratricopeptide repeat (TPR)-like superfamily protein,,Tetratricopeptide repeat (TPR)-like superfamily protein;(source:Araport11),Tetratricopeptide repeat (TPR)-like superfamily protein
AT1G80160,8,8,0,3,protein_coding,Lactoylglutathione lyase / glyoxalase I family protein,Vicinal oxygen chelate (VOC) superfamily member.,Lactoylglutathione lyase / glyoxalase I family protein;(source:Araport11),Lactoylglutathione lyase / glyoxalase I family protein
AT1G80670,2,2,0,1,protein_coding,Transducin/WD40 repeat-like superfamily protein,"This gene is predicted to encode a protein with a DWD motif. It can bind to DDB1a in Y2H assays, and may be involved in the formation of a CUL4-based E3 ubiquitin ligase",Transducin/WD40 repeat-like superfamily protein;(source:Araport11),Transducin/WD40 repeat-like superfamily protein
AT1G80840,4,4,0,1,protein_coding,WRKY DNA-binding protein 40,"Pathogen-induced transcription factor. Binds W-box sequences  in vitro. Forms protein complexes with itself and with WRKY40 and WRKY60. Coexpression with WRKY18 or WRKY60 made plants more susceptible to both P. syringae and B. cinerea. WRKY18, WRKY40, and WRKY60 have partially redundant roles in response to the hemibiotrophic bacterial pathogen Pseudomonas syringae and the necrotrophic fungal pathogen Botrytis cinerea, with WRKY18 playing a more important role than the other two. The mRNA is cell-to-cell mobile.",WRKY DNA-binding protein 40;(source:Araport11),WRKY DNA-binding protein 40
AT2G01020,1,1,0,1,ribosomal_rna,5.8SrRNA,5.8SrRNA,5.8SrRNA;(source:Araport11),5.8SrRNA
AT2G01180,1,1,0,8,protein_coding,phosphatidic acid phosphatase 1,Encodes phosphatidate phosphatase. Up-regulated by genotoxic stress (gamma ray or UV-B) and elicitor treatments with mastoparan and harpin. Expressed in roots and leaves.,phosphatidic acid phosphatase 1;(source:Araport11),phosphatidic acid phosphatase 1
AT2G01340,1,1,0,1,protein_coding,,Encodes a protein whose expression is responsive to nematode infection; PADRE protein up-regulated after infection by S. sclerotiorun.,plastid movement impaired protein;(source:Araport11),Encodes a protein whose expression is responsive to nematode infection; PADRE protein up-regulated after infection by S. sclerotiorun.
AT2G01540,3,3,0,1,protein_coding,Calcium-dependent lipid-binding (CaLB domain) family protein,C2 domain protein; plays a negative role in plant alkali stress tolerance by interacting with AHA1 and provide a perspective to investigate the regulatory mechanism of PM H+-ATPase activity at the single-particle level.,Calcium-dependent lipid-binding (CaLB domain) family protein;(source:Araport11),Calcium-dependent lipid-binding (CaLB domain) family protein
AT2G01650,1,1,0,3,protein_coding,plant UBX domain-containing protein 2,encodes a peripheral membrane protein that contains UBX domain and interacts with AtCDC48 in vitro and co-fractionates with membrane-associated but not soluble AtCDC48 in vivo.,plant UBX domain-containing protein 2;(source:Araport11),plant UBX domain-containing protein 2
AT2G01680,1,1,0,1,protein_coding,Ankyrin repeat family protein,,Ankyrin repeat family protein;(source:Araport11),Ankyrin repeat family protein
AT2G02220,1,1,0,1,protein_coding,phytosulfokin receptor 1,"Encodes a protein interacting with phytosulfokine, a five amino acid sulfated peptide (YIYTQ). Contains dual guanylate cyclase and kinase catalytic activities that operate in vivo. Balances the plant growth-defense trade-off in the rhizosphere microbiome.",phytosulfokin receptor 1;(source:Araport11),phytosulfokin receptor 1
AT2G02350,1,1,0,2,protein_coding,SKP1 interacting partner 3,encodes a protein containing an F-box domain and physically interacts with SCF subunit SKP1/ASK1. The protein also exhibits similarity in sequence to phloem protein 2 (PP2) from cucumber.,SKP1 interacting partner 3;(source:Araport11),SKP1 interacting partner 3
AT2G02390,2,2,0,4,protein_coding,glutathione S-transferase zeta 1,Encodes glutathione transferase belonging to the zeta class of GSTs. Naming convention according to Wagner et al. (2002). The protein undergoes spontaneous thiolation following treatment with the  oxidant tert-butylhydroperoxide.  It functions in vitro as a maleylacetoacetate isomerase and is likely to be involved in tyrosine catabolism.,glutathione S-transferase zeta 1;(source:Araport11),glutathione S-transferase zeta 1
AT2G02800,1,1,0,2,protein_coding,protein kinase 2B,Encodes protein kinase APK2b.,protein kinase 2B;(source:Araport11),protein kinase 2B
AT2G02810,1,1,0,1,protein_coding,UDP-galactose transporter 1,"Encodes a multitransmembrane  hydrophobic protein that functions as transporter of UDP-galactose and UDP-glucose into the Golgi. Localized in the ER. Involved in the unfolded protein response, a mechanism that controls proper protein folding in the ER.",UDP-galactose transporter 1;(source:Araport11),UDP-galactose transporter 1
AT2G02850,2,0,2,1,protein_coding,plantacyanin,Encodes plantacyanin one of blue copper proteins. Involved in anther development and pollination. Expressed in the transmitting tract of the pistil.,plantacyanin;(source:Araport11),plantacyanin
AT2G03120,1,1,0,1,protein_coding,signal peptide peptidase,"homologous to Signal Peptide Peptidases (SPP), required for pollen development and pollen germination. No homozygotes could be recovered from a T-DNA insertion mutant. The mRNA is cell-to-cell mobile.",signal peptide peptidase;(source:Araport11),signal peptide peptidase
AT2G03510,1,1,0,1,protein_coding,SPFH/Band 7/PHB domain-containing membrane-associated protein family,,SPFH/Band 7/PHB domain-containing membrane-associated protein family;(source:Araport11),SPFH/Band 7/PHB domain-containing membrane-associated protein family
AT2G03760,2,2,0,1,protein_coding,sulphotransferase 12,"Encodes a brassinosteroid sulfotransferase. In vitro experiements show that this enzyme has a preference for 24-epibrassinosteroids, particularly 24-epicathasterone, but does not act on castasterone and brassinolide. It also shows sulfating activity toward flavonoids. It is differentially expressed during development, being more abundant in young seedlings and actively growing cell cultures. Expression is induced in response to salicylic acid and methyl jasmonate and bacterial pathogens.",sulfotransferase 12;(source:Araport11),sulphotransferase 12
AT2G04040,1,1,0,1,protein_coding,MATE efflux family protein,"AtDTX1 (At2g04040) has been identified as a detoxifying efflux carrier for plant-derived antibiotics and other toxic compounds, including Cd2+.  Expression in rosette leaves is activated by high concentration of boron.Mistakenly referred to as At2g04070 in PMID:11739388.",MATE efflux family protein;(source:Araport11),MATE efflux family protein
AT2G04050,4,4,0,1,protein_coding,MATE efflux family protein,,MATE efflux family protein;(source:Araport11),MATE efflux family protein
AT2G04070,5,5,0,1,protein_coding,MATE efflux family protein,Expression in rosette leaves is activated by high concentration of boron.,MATE efflux family protein;(source:Araport11),MATE efflux family protein
AT2G04160,1,1,0,1,protein_coding,Subtilisin-like serine endopeptidase family protein,isolated from differential screening of a cDNA library from auxin-treated root culture. encodes a protein similar to subtilisin-like serine protease which is believed to be active outside the plant cell.,Subtilisin-like serine endopeptidase family protein;(source:Araport11),Subtilisin-like serine endopeptidase family protein
AT2G04400,1,1,0,1,protein_coding,Aldolase-type TIM barrel family protein,Acts during tryptophan biosynthesis controlled by ERF109.,Aldolase-type TIM barrel family protein;(source:Araport11),Aldolase-type TIM barrel family protein
AT2G04430,1,1,0,2,protein_coding,nudix hydrolase homolog 5,,nudix hydrolase homolog 5;(source:Araport11),nudix hydrolase homolog 5
AT2G04450,1,1,0,1,protein_coding,nudix hydrolase homolog 6,"Encodes a protein with NADH pyrophosphatase activity. Although this protein was also shown to have ADP-ribose diphosphatase activity in vitro, mutant analyses suggest that NUDX6 is involved in NADH metabolism in vivo.",nudix hydrolase homolog 6;(source:Araport11),nudix hydrolase homolog 6
AT2G04495,1,1,0,1,protein_coding,,,transmembrane protein;(source:Araport11),transmembrane protein;(source:Araport11)
AT2G05070,1,0,1,1,protein_coding,photosystem II light harvesting complex gene 2.2,Encodes Lhcb2.2.  Belongs to the Lhc super-gene family encodes the light-harvesting chlorophyll a/b-binding (LHC) proteins that constitute the antenna system of the photosynthetic apparatus.,photosystem II light harvesting complex protein 2.2;(source:Araport11),photosystem II light harvesting complex gene 2.2
AT2G05100,1,0,1,2,protein_coding,photosystem II light harvesting complex gene 2.1,Lhcb2.1 protein encoding a subunit of the light harvesting complex II. Member of a gene family with high degree of sequence similarity. Initially LHCB2.3 was considered as a separate gene but appears to be an allele of LHCB2.1.,photosystem II light harvesting complex protein 2.1;(source:Araport11),photosystem II light harvesting complex gene 2.1
AT2G05320,1,1,0,1,protein_coding,"beta-1,2-N-acetylglucosaminyltransferase II",,"beta-1,2-N-acetylglucosaminyltransferase II;(source:Araport11)","beta-1,2-N-acetylglucosaminyltransferase II"
AT2G05380,2,2,0,3,protein_coding,glycine-rich protein 3 short isoform,"glycine-rich protein 3 short isoform (GRP3S) mRNA, complete The mRNA is cell-to-cell mobile. | glycine-rich protein 3 short isoform (GRP3S) mRNA, completeThe mRNA is cell-to-cell mobile.",glycine-rich protein 3 short isoform;(source:Araport11),glycine-rich protein 3 short isoform
AT2G05440,6,6,0,9,protein_coding,GLYCINE RICH PROTEIN 9,,GLYCINE RICH PROTEIN 9;(source:Araport11),GLYCINE RICH PROTEIN 9
AT2G05840,1,1,0,3,protein_coding,20S proteasome subunit PAA2,Encodes 20S proteasome subunit PAA2 (PAA2).,20S proteasome subunit PAA2;(source:Araport11),20S proteasome subunit PAA2
AT2G05940,2,2,0,1,protein_coding,Protein kinase superfamily protein,"Encodes a receptor-like cytoplasmic kinase that phosphorylates the host target RIN4, leading to the activation of a plant innate immune receptor RPM1.",Protein kinase superfamily protein;(source:Araport11),Protein kinase superfamily protein
AT2G06050,1,1,0,3,protein_coding,oxophytodienoate-reductase 3,"Encodes a 12-oxophytodienoate reductase that is required for jasmonate biosynthesis. Mutants are male sterile and defective in pollen dehiscence. Shows activity towards 2,4,6-trinitrotoluene.  CFA-Ile, CFA-Leu, CFA-Val, CFA-Met and CFA-Ala can restore the fertility of opr3 plants by inducing filament elongation and anther dehiscence.",oxophytodienoate-reductase 3;(source:Araport11),oxophytodienoate-reductase 3
AT2G07180,1,1,0,2,protein_coding,Protein kinase superfamily protein,,Protein kinase superfamily protein;(source:Araport11),Protein kinase superfamily protein
AT2G12550,1,1,0,1,protein_coding,ubiquitin-associated (UBA)/TS-N domain-containing protein,,ubiquitin-associated (UBA)/TS-N domain-containing protein;(source:Araport11),ubiquitin-associated (UBA)/TS-N domain-containing protein
AT2G13790,3,3,0,1,protein_coding,somatic embryogenesis receptor-like kinase 4,"Receptor-like protein kinase that plays a role in myriad processes such as plant-type hypersensitive response, defense response, stomatal movement,and brassinosteroid signalling.",somatic embryogenesis receptor-like kinase 4;(source:Araport11),somatic embryogenesis receptor-like kinase 4
AT2G13810,5,5,0,1,protein_coding,AGD2-like defense response protein 1,"ALD1 is a L-lysine alpha-aminotransferase. It is part of the pipecolic acid biosynthetic pathway, where it catalyzes the biochemical conversion of lysine to epsilon-amino-alpha-ketocaproic acid (KAC) which is subject to subsequent transamination, cyclization and isomerization to form 2,3-dehydropipecolic acid.",AGD2-like defense response protein 1;(source:Araport11),AGD2-like defense response protein 1
AT2G14560,6,6,0,4,protein_coding,Protein of unknown function (DUF567),"Encodes LURP1, a member of the LURP cluster (late upregulated in response to Hyaloperonospora parasitica) which exhibits a pronounced upregulation after recognition of the pathogenic oomycte H. parasitica.  LURP1 is required for full basal defense to H. parasitica and resistance to this pathogen mediated by the R-proteins RPP4 and RPP5. The mRNA is cell-to-cell mobile. | Encodes LURP1, a member of the LURP cluster (late upregulated in response to Hyaloperonospora parasitica) which exhibits a pronounced upregulation after recognition of the pathogenic oomycte H. parasitica.  LURP1 is required for full basal defense to H. parasitica and resistance to this pathogen mediated by the R-proteins RPP4 and RPP5.The mRNA is cell-to-cell mobile.",LURP-one-like protein (DUF567);(source:Araport11),Protein of unknown function (DUF567)
AT2G14610,6,6,0,1,protein_coding,pathogenesis-related gene 1,"PR1 gene expression is induced in response to a variety of pathogens. It is a useful molecular marker for the SAR response.  Though the Genbank record for the cDNA associated to this gene is called 'PR-1-like', the sequence  actually corresponds to PR1.  Expression of this gene is salicylic-acid responsive.",pathogenesis-related protein 1;(source:Araport11),pathogenesis-related gene 1
AT2G14620,2,2,0,3,protein_coding,xyloglucan endotransglucosylase/hydrolase 10,,xyloglucan endotransglucosylase/hydrolase 10;(source:Araport11),xyloglucan endotransglucosylase/hydrolase 10
AT2G15042,1,1,0,1,protein_coding,Leucine-rich repeat (LRR) family protein,,Leucine-rich repeat (LRR) family protein;(source:Araport11),Leucine-rich repeat (LRR) family protein
AT2G15390,3,3,0,2,protein_coding,fucosyltransferase 4,"Encodes an alpha-(1,2)-fucosyltransferase.",fucosyltransferase 4;(source:Araport11),fucosyltransferase 4
AT2G15480,2,2,0,2,protein_coding,UDP-glucosyl transferase 73B5,,UDP-glucosyl transferase 73B5;(source:Araport11),UDP-glucosyl transferase 73B5
AT2G16595,5,5,0,1,protein_coding,"Translocon-associated protein (TRAP), alpha subunit",,"Translocon-associated protein (TRAP), alpha subunit;(source:Araport11)","Translocon-associated protein (TRAP), alpha subunit"
AT2G16870,1,1,0,3,protein_coding,Disease resistance protein (TIR-NBS-LRR class) family,,Disease resistance protein (TIR-NBS-LRR class) family;(source:Araport11),Disease resistance protein (TIR-NBS-LRR class) family
AT2G17040,4,4,0,1,protein_coding,NAC domain containing protein 36,"Member of the NAC transcription factor family and more specifically, the ONAC022 subfamily. Involved in leaf and inflorescence stem morphogenesis. The mRNA is cell-to-cell mobile.",NAC domain containing protein 36;(source:Araport11),NAC domain containing protein 36
AT2G17120,2,2,0,1,protein_coding,lysm domain GPI-anchored protein 2 precursor,Induction of chitin-responsive genes by chitin treatment is not blocked in the mutant. It contains a C-terminal GPI anchor signal and is an ortholog of OsCEBiP.,lysm domain GPI-anchored protein 2 precursor;(source:Araport11),lysm domain GPI-anchored protein 2 precursor
AT2G17130,1,1,0,2,protein_coding,isocitrate dehydrogenase subunit 2,Encodes a regulatory subunit of the mitochondrially-localized NAD+- dependent isocitrate dehydrogenase.,isocitrate dehydrogenase subunit 2;(source:Araport11),isocitrate dehydrogenase subunit 2
AT2G17200,1,1,0,1,protein_coding,ubiquitin family protein,Encodes a ubiquitin receptor protein that specifically associates with PEX2 and PEX12.,ubiquitin family protein;(source:Araport11),ubiquitin family protein
AT2G17220,2,2,0,2,protein_coding,Protein kinase superfamily protein,Encodes a putative serine/threonine-specific protein kinase kin3. Protein is N-myristoylated.,Protein kinase superfamily protein;(source:Araport11),Protein kinase superfamily protein
AT2G17280,2,2,0,2,protein_coding,Phosphoglycerate mutase family protein,,Phosphoglycerate mutase family protein;(source:Araport11),Phosphoglycerate mutase family protein
AT2G17290,2,2,0,2,protein_coding,Calcium-dependent protein kinase family protein,"Encodes calcium dependent protein kinase 6 (CPK6), a member of the Arabidopsis CDPK gene family.  CDPKs contain an intrinsic Ca2+-activation domain with four EF hand Ca2+-binding sites.  CDPKs protein kinases have been proposed to function in multiple plant signal transduction pathways downstream of [Ca2+]cyt elevations, thus transducing various physiological responses.  CPK6 is expressed in both guard cells and mesophyll cells.  Functions in guard cell ion channel regulation.   ABA and Ca(2+) activation of slow-type anion channels and, interestingly, ABA activation of plasma membrane Ca(2+)-permeable channels were impaired in independent alleles of single and double cpk3cpk6 mutant guard cells.  Furthermore, ABA- and Ca(2+)-induced stomatal closing were partially impaired in these cpk3cpk6 mutant alleles.  The protein kinase CPK6 is shown in biochemical assays to be directly activated by elevations in calcium concentrations in the physiological range (Laanements et al., 2013 PlantPhys.; PMID: 23766366). These data correlate with the in vivo function of CPK6 in Ca2+ and ABA activation of S-type anion channels (Mori et al., 2006 PLoS Biol.;  PMID: 17032064) and the ability of CPK6 to mediate ABA activation of SLAC1 (Brandt et al., 2012 PNAS; PMID: 22689970). The mRNA is cell-to-cell mobile. | Encodes calcium dependent protein kinase 6 (CPK6), a member of the Arabidopsis CDPK gene family.  CDPKs contain an intrinsic Ca2+-activation domain with four EF hand Ca2+-binding sites.  CDPKs protein kinases have been proposed to function in multiple plant signal transduction pathways downstream of [Ca2+]cyt elevations, thus transducing various physiological responses.  CPK6 is expressed in both guard cells and mesophyll cells.  Functions in guard cell ion channel regulation.   ABA and Ca(2+) activation of slow-type anion channels and, interestingly, ABA activation of plasma membrane Ca(2+)-permeable channels were impaired in independent alleles of single and double cpk3cpk6 mutant guard cells.  Furthermore, ABA- and Ca(2+)-induced stomatal closing were partially impaired in these cpk3cpk6 mutant alleles.  The protein kinase CPK6 is shown in biochemical assays to be directly activated by elevations in calcium concentrations in the physiological range (Laanements et al., 2013 PlantPhys.; PMID: 23766366). These data correlate with the in vivo function of CPK6 in Ca2+ and ABA activation of S-type anion channels (Mori et al., 2006 PLoS Biol.;  PMID: 17032064) and the ability of CPK6 to mediate ABA activation of SLAC1 (Brandt et al., 2012 PNAS; PMID: 22689970).The mRNA is cell-to-cell mobile.",Calcium-dependent protein kinase family protein;(source:Araport11),Calcium-dependent protein kinase family protein
AT2G17500,5,5,0,4,protein_coding,Auxin efflux carrier family protein,"Intracellular auxin transport facilitator at the endoplasmic reticulum. Auxin transport facilitator which abundance is controlled by ER stress, resulting in protein turnover in a tissue-dependent manner. This process allows for the integration of environmental input with phytochrome auxin signaling, contributing to stress-induced growth adaptation.",Auxin efflux carrier family protein;(source:Araport11),Auxin efflux carrier family protein
AT2G17520,1,1,0,1,protein_coding,Endoribonuclease/protein kinase IRE1-like,"Encodes a endoribonuclease/protein kinase IRE1-like protein that is predicted to form a type I transmembrane protein structure and contain kinase/endoribonuclease domains at their C-terminal halves. The transcript levels for several ER-stress responsive genes, including six protein disulfide isomerases (PDIs), BiP2, and AtbZIP60 are not affected in ire1-2 null mutants. The mRNA is cell-to-cell mobile.",Endoribonuclease/protein kinase IRE1-like protein;(source:Araport11),Endoribonuclease/protein kinase IRE1-like
AT2G17710,1,1,0,1,protein_coding,,,Big1;(source:Araport11),Big1;(source:Araport11)
AT2G17720,2,2,0,1,protein_coding,2-oxoglutarate (2OG) and Fe(II)-dependent oxygenase superfamily protein,Encodes a prolyl 4-hydroxylase that modifies the extensin proteins in root hair cells.,2-oxoglutarate (2OG) and Fe(II)-dependent oxygenase superfamily protein;(source:Araport11),2-oxoglutarate (2OG) and Fe(II)-dependent oxygenase superfamily protein
AT2G17760,1,1,0,1,protein_coding,Eukaryotic aspartyl protease family protein,,Eukaryotic aspartyl protease family protein;(source:Araport11),Eukaryotic aspartyl protease family protein
AT2G17790,2,2,0,1,protein_coding,VPS35 homolog A,Encodes a protein with similarity to yeast VPS35 which encodes a component of the retromer involved in retrograde endosomal transport. Mutants partially suppress the loss of VTI11 function in Arabidopsis and restores gravitropism in the double mutant. The mRNA is cell-to-cell mobile.,vacuolar protein sorting-associated 35A-like protein;(source:Araport11),VPS35 homolog A
AT2G18050,1,0,1,2,protein_coding,histone H1-3,encodes a structurally divergent linker histone whose gene expression is induced by dehydration and ABA. The mRNA is cell-to-cell mobile.,histone H1-3;(source:Araport11),histone H1-3
AT2G18193,3,3,0,1,protein_coding,P-loop containing nucleoside triphosphate hydrolases superfamily protein,,P-loop containing nucleoside triphosphate hydrolases superfamily protein;(source:Araport11),P-loop containing nucleoside triphosphate hydrolases superfamily protein
AT2G18230,1,1,0,1,protein_coding,pyrophosphorylase 2,Encodes a protein that might have inorganic pyrophosphatase activity.,pyrophosphorylase 2;(source:Araport11),pyrophosphorylase 2
AT2G18660,4,4,0,1,protein_coding,plant natriuretic peptide A,"Encodes PNP-A (Plant Natriuretic Peptide A). PNPs are a class of systemically mobile molecules distantly related to expansins; their biological role has remained elusive. PNP-A contains a signal peptide domain and is secreted into the extracellular space.  Co-expression analyses using microarray data suggest that PNP-A may function as a component of plant defence response and SAR in particular, and could be classified as a newly identified PR protein. It is stress responsive and can enhance its own expression.",plant natriuretic peptide A;(source:Araport11),plant natriuretic peptide A
AT2G18690,3,3,0,2,protein_coding,,,transmembrane protein;(source:Araport11),transmembrane protein;(source:Araport11)
AT2G19130,3,3,0,1,protein_coding,S-locus lectin protein kinase family protein,,S-locus lectin protein kinase family protein;(source:Araport11),S-locus lectin protein kinase family protein
AT2G19190,2,2,0,1,protein_coding,FLG22-induced receptor-like kinase 1,Encodes a receptor-like protein kinase that is involved in early defense signaling. Expression of this gene is strongly induced during leaf senescence.  It is a target of the transcription factor AtWRKY6.,FLG22-induced receptor-like kinase 1;(source:Araport11),FLG22-induced receptor-like kinase 1
AT2G19710,1,1,0,1,protein_coding,Regulator of Vps4 activity in the MVB pathway protein,,Regulator of Vps4 activity in the MVB pathway protein;(source:Araport11),Regulator of Vps4 activity in the MVB pathway protein
AT2G19900,7,7,0,2,protein_coding,NADP-malic enzyme 1,The malic enzyme (EC 1.1.1.40) encoded by AtNADP-ME1 is expressed in response to developmental and cell-specific signals. The enzyme is active in vitro and appears to function as a homohexamer or homooctamer. It is believed to be a cytosolic protein.,NADP-malic enzyme 1;(source:Araport11),NADP-malic enzyme 1
AT2G20142,3,3,0,1,protein_coding,Toll-Interleukin-Resistance (TIR) domain family protein,,Toll-Interleukin-Resistance (TIR) domain family protein;(source:Araport11),Toll-Interleukin-Resistance (TIR) domain family protein
AT2G20260,1,0,1,1,protein_coding,photosystem I subunit E-2,Encodes subunit E of photosystem I. The mRNA is cell-to-cell mobile.,photosystem I subunit E-2;(source:Araport11),photosystem I subunit E-2
AT2G20560,3,3,0,1,protein_coding,DNAJ heat shock family protein,,DNAJ heat shock family protein;(source:Araport11),DNAJ heat shock family protein
AT2G20960,1,1,0,4,protein_coding,Arabidopsis phospholipase-like protein (PEARLI 4) family,,phospholipase-like protein (PEARLI 4) family protein;(source:Araport11),Arabidopsis phospholipase-like protein (PEARLI 4) family
AT2G21130,1,1,0,1,protein_coding,Cyclophilin-like peptidyl-prolyl cis-trans isomerase family protein,,Cyclophilin-like peptidyl-prolyl cis-trans isomerase family protein;(source:Araport11),Cyclophilin-like peptidyl-prolyl cis-trans isomerase family protein
AT2G21500,1,1,0,2,protein_coding,RING/U-box superfamily protein,,RING/U-box superfamily protein;(source:Araport11),RING/U-box superfamily protein
AT2G21660,1,1,0,2,protein_coding,"cold, circadian rhythm, and rna binding 2","Encodes a small glycine-rich RNA binding protein that is part of a negative-feedback loop through which AtGRP7 regulates the circadian oscillations of its own transcript.  Gene expression is induced by cold. GRP7 appears to promote stomatal opening and reduce tolerance under salt and dehydration stress conditions, but, promotes stomatal closing and thereby increases stress tolerance under conditions of cold tolerance. Loss of function mutations have increased susceptibility to pathogens suggesting a role in mediating innate immune response. Mutants are also late flowering in a non-photoperiodic manner and are responsive to vernalization suggesting an interaction with the autonomous flowering pathway.   There is a reduction of mRNA export from the nucleus in grp7 mutants. GRP7:GFP fusion proteins can be found in the cytosol and nucleus.  A substrate of the type III effector HopU1 (mono-ADP-ribosyltransferase).","cold, circadian rhythm, and rna binding 2;(source:Araport11)","cold, circadian rhythm, and rna binding 2"
AT2G21850,1,1,0,1,protein_coding,Cysteine/Histidine-rich C1 domain family protein,,Cysteine/Histidine-rich C1 domain family protein;(source:Araport11),Cysteine/Histidine-rich C1 domain family protein
AT2G22470,2,2,0,1,protein_coding,arabinogalactan protein 2,Encodes arabinogalactan-protein (AGP2).,arabinogalactan protein 2;(source:Araport11),arabinogalactan protein 2
AT2G22500,2,2,0,1,protein_coding,uncoupling protein 5,"Encodes one of the mitochondrial dicarboxylate carriers (DIC): DIC1 (AT2G22500), DIC2 (AT4G24570), DIC3 (AT5G09470).",uncoupling protein 5;(source:Araport11),uncoupling protein 5
AT2G23130,1,0,1,2,protein_coding,arabinogalactan protein 17,"AGP17 is a lysine-rich arabinogalactan-protein (AGP) and part of a multi-gene family of glycoproteins with approx. 50 members. It falls into one subclass with AGP18 and AGP19, other lysine-rich AGPs. 84% of its proline residues are hydroxylated to hydroproline and its heavy glycosylation accounts for appr. 69% of the molecular weight. The main glycosyl residues are arabinose (30.1%) and galactose (55.1%). Glycosyl linkages are consistent with type II arabinogalactans. AGP17 is predicted to have a glycosylphosphatidylinositol (GPI)anchor and is localized to the plasma membrane and Hechtian strands. It is expressed in young/old leaves, shoots, suspension cultures and flowers.",arabinogalactan protein 17;(source:Araport11),arabinogalactan protein 17
AT2G23170,5,5,0,1,protein_coding,Auxin-responsive GH3 family protein,encodes an IAA-amido synthase that conjugates Asp and other amino acids to auxin in vitro.,Auxin-responsive GH3 family protein;(source:Araport11),Auxin-responsive GH3 family protein
AT2G23200,1,1,0,1,protein_coding,Protein kinase superfamily protein,,Protein kinase superfamily protein;(source:Araport11),Protein kinase superfamily protein
AT2G23320,3,3,0,2,protein_coding,WRKY DNA-binding protein 15,Encodes WRKY DNA-binding protein 15 (WRKY15).,WRKY DNA-binding protein 15;(source:Araport11),WRKY DNA-binding protein 15
AT2G23420,1,1,0,2,protein_coding,nicotinate phosphoribosyltransferase 2,,nicotinate phosphoribosyltransferase 2;(source:Araport11),nicotinate phosphoribosyltransferase 2
AT2G23450,1,1,0,2,protein_coding,Protein kinase superfamily protein,Pectin binding wall associated kinase involved in development of vascular tissues.,Protein kinase superfamily protein;(source:Araport11),Protein kinase superfamily protein
AT2G23680,3,3,0,2,protein_coding,Cold acclimation protein WCOR413 family,,Cold acclimation protein WCOR413 family;(source:Araport11),Cold acclimation protein WCOR413 family
AT2G23810,2,2,0,1,protein_coding,tetraspanin8,Member of TETRASPANIN family. Plays a role intracellular traffiking of glycosyl inositol phosphoceramides (GIPCs).,tetraspanin8;(source:Araport11),tetraspanin8
AT2G24180,2,2,0,1,protein_coding,cytochrome p450 71b6,Encodes a cytochrome P450 monooxygenase that converts indole-3-acetonitrile to indole-3-aldehyde / indole-3-carboxylic acid and cyanide. The mRNA is cell-to-cell mobile.,cytochrome p450 71b6;(source:Araport11),cytochrome p450 71b6
AT2G24360,1,1,0,1,protein_coding,Protein kinase superfamily protein,STYK serine threonine kinase that phosphorylates several oil body proteins including OLE1 and CLO4/CAL4.,Protein kinase superfamily protein;(source:Araport11),Protein kinase superfamily protein
AT2G24600,1,1,0,4,protein_coding,Ankyrin repeat family protein,,Ankyrin repeat family protein;(source:Araport11),Ankyrin repeat family protein
AT2G24850,5,5,0,1,protein_coding,tyrosine aminotransferase 3,Encodes a tyrosine aminotransferase that is responsive to treatment with jasmonic acid.,tyrosine aminotransferase 3;(source:Araport11),tyrosine aminotransferase 3
AT2G25000,2,2,0,4,protein_coding,WRKY DNA-binding protein 60,"Pathogen-induced transcription factor. Forms protein complexes with itself and with WRKY40. Coexpression with WRKY18 or WRKY40 made plants more susceptible to both  P. syringae and B. cinerea. WRKY18, WRKY40, and WRKY60 have partially redundant roles in response to the hemibiotrophic bacterial pathogen Pseudomonas syringae and the necrotrophic fungal pathogen Botrytis cinerea, with WRKY18 playing a more important role than the other two.",WRKY DNA-binding protein 60;(source:Araport11),WRKY DNA-binding protein 60
AT2G25080,1,0,1,1,protein_coding,glutathione peroxidase 1,Encodes glutathione peroxidase. The mRNA is cell-to-cell mobile.,glutathione peroxidase 1;(source:Araport11),glutathione peroxidase 1
AT2G25110,1,1,0,1,protein_coding,stromal cell-derived factor 2-like protein precursor,Encodes an endoplasmic reticulum protein SDF2 (stromal-derived factor-2).  Forms a complex SDF2-ERdj3B-BiP that is required for the proper accumulation of the surface-exposed leucine-rich repeat receptor kinases EFR.  EFR is involved in PAMP (pathogen associated molecular patterns) triggered immunity.,stromal cell-derived factor 2-like protein precursor;(source:Araport11),stromal cell-derived factor 2-like protein precursor
AT2G25440,1,1,0,1,protein_coding,receptor like protein 20,,receptor like protein 20;(source:Araport11),receptor like protein 20
AT2G25460,1,1,0,2,protein_coding,,,EEIG1/EHBP1 protein amino-terminal domain protein;(source:Araport11),EEIG1/EHBP1 protein amino-terminal domain protein;(source:Araport11)
AT2G25510,3,3,0,2,protein_coding,,,transmembrane protein;(source:Araport11),transmembrane protein;(source:Araport11)
AT2G25520,1,1,0,1,protein_coding,Drug/metabolite transporter superfamily protein,,Drug/metabolite transporter superfamily protein;(source:Araport11),Drug/metabolite transporter superfamily protein
AT2G26010,2,2,0,1,protein_coding,plant defensin 1.3,"Predicted to encode a PR (pathogenesis-related) protein.  Belongs to the plant defensin (PDF) family with the following members: At1g75830/PDF1.1, At5g44420/PDF1.2a, At2g26020/PDF1.2b, At5g44430/PDF1.2c, At2g26010/PDF1.3, At1g19610/PDF1.4, At1g55010/PDF1.5, At2g02120/PDF2.1, At2g02100/PDF2.2, At2g02130/PDF2.3, At1g61070/PDF2.4, At5g63660/PDF2.5, At2g02140/PDF2.6, At5g38330/PDF3.1 and At4g30070/PDF3.2.",plant defensin 1.3;(source:Araport11),plant defensin 1.3
AT2G26020,1,1,0,1,protein_coding,plant defensin 1.2b,"Predicted to encode a PR (pathogenesis-related) protein.  Belongs to the plant defensin (PDF) family with the following members: At1g75830/PDF1.1, At5g44420/PDF1.2a, At2g26020/PDF1.2b, At5g44430/PDF1.2c, At2g26010/PDF1.3, At1g19610/PDF1.4, At1g55010/PDF1.5, At2g02120/PDF2.1, At2g02100/PDF2.2, At2g02130/PDF2.3, At1g61070/PDF2.4, At5g63660/PDF2.5, At2g02140/PDF2.6, At5g38330/PDF3.1 and At4g30070/PDF3.2.",plant defensin 1.2b;(source:Araport11),plant defensin 1.2b
AT2G26190,1,1,0,3,protein_coding,calmodulin-binding family protein,"IQM4 is a plastid localized, Ca2+ independent calmodulin binding protein that is involved in promoting seed dormancy.",calmodulin-binding family protein;(source:Araport11),calmodulin-binding family protein
AT2G26400,2,2,0,4,protein_coding,acireductone dioxygenase 3,Encodes a protein predicted to belong to the acireductone dioxygenase (ARD/ARD’)family. | Encodes a protein predicted to belong to the acireductone dioxygenase (ARD/ARD?)family.,acireductone dioxygenase 3;(source:Araport11),acireductone dioxygenase 3
AT2G26440,4,4,0,1,protein_coding,Plant invertase/pectin methylesterase inhibitor superfamily,pectin methylesterase; INVI-PMEI protein isoform clustered with PME.,Plant invertase/pectin methylesterase inhibitor superfamily;(source:Araport11),Plant invertase/pectin methylesterase inhibitor superfamily
AT2G26560,6,6,0,1,protein_coding,phospholipase A 2A,"Encodes a lipid acyl hydrolase with wide substrate  specificity that accumulates upon infection by fungal  and bacterial pathogens. Protein is localized in the cytoplasm in healthy leaves, and in membranes in infected cells. Plays a role in cell death and differentially affects the accumulation of oxylipins. Contributes to resistance to virus.",phospholipase A 2A;(source:Araport11),phospholipase A 2A
AT2G26600,2,2,0,2,protein_coding,Glycosyl hydrolase superfamily protein,,Glycosyl hydrolase superfamily protein;(source:Araport11),Glycosyl hydrolase superfamily protein
AT2G26650,1,1,0,2,protein_coding,K+ transporter 1,"Encodes AKT1, a member of the Shaker family inward rectifying potassium channel predominantly expressed in predominantly in root hairs and root endodermis. This family includes five groups based on phylogenetic analysis (FEBS Letters (2007) 581: 2357): I (inward rectifying channel): AKT1 (AT2G26650), AKT5 (AT4G32500) and SPIK (also known as AKT6, AT2G25600); II (inward rectifying channel): KAT1 (AT5G46240) and KAT2 (AT4G18290); III (weakly inward rectifying channel): AKT2 (AT4G22200); IV (regulatory subunit involved in inwardly rectifying conductance formation): KAT3 (also known as AtKC1, AT4G32650); V (outward rectifying channel): SKOR (AT3G02850) and GORK (AT5G37500).",K+ transporter 1;(source:Araport11),K+ transporter 1
AT2G26740,2,2,0,1,protein_coding,soluble epoxide hydrolase,Encodes a soluble epoxide hydrolase whose expression is induced by auxin and water stress.,soluble epoxide hydrolase;(source:Araport11),soluble epoxide hydrolase
AT2G26780,1,1,0,2,protein_coding,ARM repeat superfamily protein,,ARM repeat superfamily protein;(source:Araport11),ARM repeat superfamily protein
AT2G27150,1,1,0,6,protein_coding,abscisic aldehyde oxidase 3,Encodes the aldehyde oxidase delta isoform  catalyzing the final step in abscisic acid  biosynthesis.,abscisic aldehyde oxidase 3;(source:Araport11),abscisic aldehyde oxidase 3
AT2G27660,1,1,0,1,protein_coding,Cysteine/Histidine-rich C1 domain family protein,,Cysteine/Histidine-rich C1 domain family protein;(source:Araport11),Cysteine/Histidine-rich C1 domain family protein
AT2G28110,1,1,0,1,protein_coding,Exostosin family protein,"Homolog to AT5G22940, a member of glycosyltransferase family 47 that is involved in secondary cell wall biosynthesis. It exhibits high sequence similarity to tobacco (Nicotiana plumbaginifolia) pectin glucuronyltransferase. Protein has a domain that shares significant similarity with the pfam03016 domain.  It is expressed specifically in developing vessels and fiber cells, and FRA8 is targeted to Golgi. Mutants have irregular xylem formation, reduced cellulose levels and plants are smaller than normal siblings.",Exostosin family protein;(source:Araport11),Exostosin family protein
AT2G28190,4,1,3,1,protein_coding,copper/zinc superoxide dismutase 2,"Encodes a chloroplastic copper/zinc superoxide dismutase CSD2 that can detoxify superoxide radicals. Its expression is affected by miR398-directed mRNA cleavage. Activation depends totally on CCS. Overexpression of a miR398-resistant form of CSD2 leads to more dramatic improvements in stress (hight light, Cu2+ and methyl viologen) tolerance than overexpression of wild-type CSD2. The mRNA is cell-to-cell mobile.",copper/zinc superoxide dismutase 2;(source:Araport11),copper/zinc superoxide dismutase 2
AT2G28400,3,3,0,1,protein_coding,"Protein of unknown function, DUF584","Member of the senescence 40 (S40), contains a plant-specific domain of unknown function 548 (DUF548). Expression increases in response to ABA.","senescence regulator (Protein of unknown function, DUF584);(source:Araport11)","Protein of unknown function, DUF584"
AT2G28890,1,1,0,1,protein_coding,poltergeist like 4,"Encodes a protein phosphatase 2C  like gene, similar to POL. Involved in leaf development. Knockout mutants have abnormally shaped leaves.",poltergeist like 4;(source:Araport11),poltergeist like 4
AT2G28940,1,1,0,2,protein_coding,Protein kinase superfamily protein,,Protein kinase superfamily protein;(source:Araport11),Protein kinase superfamily protein
AT2G29120,4,4,0,1,protein_coding,glutamate receptor 2.7,member of Putative ligand-gated ion channel subunit family,glutamate receptor 2.7;(source:Araport11),glutamate receptor 2.7
AT2G29340,1,1,0,4,protein_coding,NAD-dependent epimerase/dehydratase family protein,,NAD-dependent epimerase/dehydratase family protein;(source:Araport11),NAD-dependent epimerase/dehydratase family protein
AT2G29350,5,5,0,3,protein_coding,senescence-associated gene 13,Encodes a senescence associated protein required for resistance against fungal pathogens. Negative regulator of defense against bacterial pathogens. Induced by ROS. Required for defense against ROS and fungal pathogens most likely by activating anthocyanin biosynthesis.,senescence-associated gene 13;(source:Araport11),senescence-associated gene 13
AT2G29400,1,1,0,1,protein_coding,type one protein phosphatase 1,"Type 1 protein phosphatase, expressed in roots, rosettes and flowers",type one protein phosphatase 1;(source:Araport11),type one protein phosphatase 1
AT2G29460,4,4,0,1,protein_coding,glutathione S-transferase tau 4,Encodes glutathione transferase belonging to the tau class of GSTs. Naming convention according to Wagner et al. (2002). Role in the degradation of H2O2 to water using glutathione as electron donor,glutathione S-transferase tau 4;(source:Araport11),glutathione S-transferase tau 4
AT2G29470,2,2,0,1,protein_coding,glutathione S-transferase tau 3,Encodes glutathione transferase belonging to the tau class of GSTs. Naming convention according to Wagner et al. (2002).,glutathione S-transferase tau 3;(source:Araport11),glutathione S-transferase tau 3
AT2G29720,3,3,0,1,protein_coding,FAD/NAD(P)-binding oxidoreductase family protein,Encodes CTF2B.,FAD/NAD(P)-binding oxidoreductase family protein;(source:Araport11),FAD/NAD(P)-binding oxidoreductase family protein
AT2G29990,2,2,0,1,protein_coding,alternative NAD(P)H dehydrogenase 2,,alternative NAD(P)H dehydrogenase 2;(source:Araport11),alternative NAD(P)H dehydrogenase 2
AT2G30140,3,3,0,2,protein_coding,UDP-Glycosyltransferase superfamily protein,Encodes a putative glycosyltransferase. Regulates flowering time via FLOWERING LOCUS C.,UDP-Glycosyltransferase superfamily protein;(source:Araport11),UDP-Glycosyltransferase superfamily protein
AT2G30250,4,4,0,1,protein_coding,WRKY DNA-binding protein 25,member of WRKY Transcription Factor; Group I. Located in nucleus. Involved in response to various abiotic stresses - especially salt stress.,WRKY DNA-binding protein 25;(source:Araport11),WRKY DNA-binding protein 25
AT2G30520,1,0,1,3,protein_coding,Phototropic-responsive NPH3 family protein,Encodes a phototropin-interacting NRL protein that is an early signaling component in the phototrophic response and is essential for the phototropin-mediated chloroplast accumulation response but is not involved in the chloroplast avoidance response or stomatal opening.,Phototropic-responsive NPH3 family protein;(source:Araport11),Phototropic-responsive NPH3 family protein
AT2G30550,3,3,0,2,protein_coding,alpha/beta-Hydrolases superfamily protein,"Encodes a lipase that hydrolyzes phosphatidylcholine, glycolipids as well as triacylglycerols.",alpha/beta-Hydrolases superfamily protein;(source:Araport11),alpha/beta-Hydrolases superfamily protein
AT2G30570,1,0,1,1,protein_coding,photosystem II reaction center W,"Encodes PsbW, a protein similar to photosystem II reaction center subunit W. Loss of PsbW destabilizes the supramolecular organization of PSII.",photosystem II reaction center W;(source:Araport11),photosystem II reaction center W
AT2G30750,2,2,0,1,protein_coding,"cytochrome P450, family 71, subfamily A, polypeptide 12","Putative cytochrome P450; together with CYP71A13 produces dihydrocamalexic acid (DHCA), the precursor to the defense-related compound camalexin, which accumulates in the intercellular  space and contributes to the resistance of mature Arabidopsis to P. syringae without directly inhibiting bacterial growth.",cytochrome P450 family 71 polypeptide;(source:Araport11),"cytochrome P450, family 71, subfamily A, polypeptide 12"
AT2G30770,2,2,0,1,protein_coding,"cytochrome P450, family 71, subfamily A, polypeptide 13","Putative cytochrome P450; together with CYP71A12 produces dihydrocamalexic acid (DHCA), the precursor to the defense-related compound camalexin, which accumulates in the intercellular  space and contributes to the resistance of mature Arabidopsis to P. syringae without directly inhibiting bacterial growth.",cytochrome P450 family 71 polypeptide;(source:Araport11),"cytochrome P450, family 71, subfamily A, polypeptide 13"
AT2G30870,1,1,0,1,protein_coding,glutathione S-transferase PHI 10,early dehydration-induced gene ERD13 homologous to tobacco and maize glutathione S-transferases.  Encodes glutathione transferase belonging to the phi class of GSTs. Naming convention according to Wagner et al. (2002),glutathione S-transferase PHI 10;(source:Araport11),glutathione S-transferase PHI 10
AT2G31650,1,1,0,1,protein_coding,homologue of trithorax,"Encodes a homolog of trithorax, a histone-lysine N-methyltransferase. Involved in trimethylating histone H3-lysine 4. Involved in bolting/flowering time together with ATX3 and ATX4. Involved in the formation, placement, and identity of flower organs. Role in regulation of homeotic genes. Functions as a receptor of  phosphatidylinositol 5-phosphate. Localizes to cytoplasm, plasma membrane and nuclei, shifting to nuclei in the presence of PI5P.",homologue of trithorax;(source:Araport11),homologue of trithorax
AT2G31865,3,3,0,3,protein_coding,poly(ADP-ribose) glycohydrolase 2,,poly(ADP-ribose) glycohydrolase 2;(source:Araport11),poly(ADP-ribose) glycohydrolase 2
AT2G31870,1,1,0,2,protein_coding,Poly (ADP-ribose) glycohydrolase (PARG),The gene encodes a poly(ADPribose) glycohydrolase (PARG1). Mutant analysis suggests that PARG1 plays a role in abiotic stress responses and DNA repair. Loss of function mutants accumulate poly(ADPribose) and have increased cell death when treated with bleomycin.,Poly (ADP-ribose) glycohydrolase (PARG);(source:Araport11),Poly (ADP-ribose) glycohydrolase (PARG)
AT2G31880,4,4,0,1,protein_coding,Leucine-rich repeat protein kinase family protein,Encodes a putative leucine rich repeat transmembrane protein that is expressed in response to Pseudomonas syringae. Expression of SRRLK may be required for silencing via lsiRNAs.  Regulates cell death and innate immunity.,Leucine-rich repeat protein kinase family protein;(source:Araport11),Leucine-rich repeat protein kinase family protein
AT2G32120,1,1,0,2,protein_coding,heat-shock protein 70T-2,,heat-shock protein 70T-2;(source:Araport11),heat-shock protein 70T-2
AT2G32140,3,3,0,1,protein_coding,transmembrane receptors,,transmembrane receptor;(source:Araport11),transmembrane receptors
AT2G32160,4,4,0,4,protein_coding,S-adenosyl-L-methionine-dependent methyltransferases superfamily protein,"Methyltransferase gene; overexpression and knockout lines of this gene exhibited significantly increased and decreased &#960;MH contents, respectively.",S-adenosyl-L-methionine-dependent methyltransferases superfamily protein;(source:Araport11),S-adenosyl-L-methionine-dependent methyltransferases superfamily protein
AT2G32190,1,1,0,2,protein_coding,,,cysteine-rich/transmembrane domain A-like protein;(source:Araport11),cysteine-rich/transmembrane domain A-like protein;(source:Araport11)
AT2G32210,1,1,0,3,protein_coding,,,cysteine-rich/transmembrane domain A-like protein;(source:Araport11),cysteine-rich/transmembrane domain A-like protein;(source:Araport11)
AT2G32520,1,1,0,4,protein_coding,alpha/beta-Hydrolases superfamily protein,,alpha/beta-Hydrolases superfamily protein;(source:Araport11),alpha/beta-Hydrolases superfamily protein
AT2G32530,1,1,0,1,protein_coding,cellulose synthase-like B3,encodes a gene similar to cellulose synthase,cellulose synthase-like B3;(source:Araport11),cellulose synthase-like B3
AT2G32680,3,3,0,1,protein_coding,receptor like protein 23,NLP20 LRR receptor protein involved in PAMP mediated immunity.,receptor like protein 23;(source:Araport11),receptor like protein 23
AT2G32800,1,1,0,1,protein_coding,protein kinase family protein,,protein kinase family protein;(source:Araport11),protein kinase family protein
AT2G33080,4,4,0,1,protein_coding,receptor like protein 28,,receptor like protein 28;(source:Araport11),receptor like protein 28
AT2G33170,1,1,0,2,protein_coding,Leucine-rich repeat receptor-like protein kinase family protein,,Leucine-rich repeat receptor-like protein kinase family protein;(source:Araport11),Leucine-rich repeat receptor-like protein kinase family protein
AT2G33380,1,1,0,2,protein_coding,Caleosin-related family protein,"Encodes a calcium binding protein whose mRNA is induced upon treatment with NaCl, ABA and in response to desiccation.  mRNA expression under drought conditions is apparent particularly in leaves and flowers. Isoform of caleosin with a role as a peroxygenase involved in oxylipin metabolism during biotic and abiotic stress. Involved in the production of 2-hydroxy-octadecatrienoic acid.  The peroxygenase has a narrow substrate specificity thus acting as a fatty acid hydroperoxide reductase in vivo.",Caleosin-related family protein;(source:Araport11),Caleosin-related family protein
AT2G33490,2,2,0,4,protein_coding,hydroxyproline-rich glycoprotein family protein,,hydroxyproline-rich glycoprotein family protein;(source:Araport11),hydroxyproline-rich glycoprotein family protein
AT2G33530,1,1,0,1,protein_coding,serine carboxypeptidase-like 46,,serine carboxypeptidase-like 46;(source:Araport11),serine carboxypeptidase-like 46
AT2G33580,2,2,0,1,protein_coding,Protein kinase superfamily protein,"Encodes a putative LysM-containing receptor-like kinase.  LYK5 is a major chitin receptor and forms a chitin-induced complex with related kinase CERK1. Based on protein sequence alignment analysis, it was determined as a pseudo kinase due to a lack of the ATP-binding P-loop in the kinase domain.",Protein kinase superfamily protein;(source:Araport11),Protein kinase superfamily protein
AT2G33585,1,1,0,2,protein_coding,,,subtilisin-like protease;(source:Araport11),subtilisin-like protease;(source:Araport11)
AT2G34250,1,1,0,3,protein_coding,SecY protein transport family protein,,SecY protein transport family protein;(source:Araport11),SecY protein transport family protein
AT2G34420,1,0,1,1,protein_coding,photosystem II light harvesting complex gene B1B2,Photosystem II type I chlorophyll            a/b-binding protein,photosystem II light harvesting complex protein B1B2;(source:Araport11),photosystem II light harvesting complex gene B1B2
AT2G34500,3,3,0,1,protein_coding,"cytochrome P450, family 710, subfamily A, polypeptide 1","Encodes a protein with C22-sterol desaturase activity. The enzyme was shown to catalyze in the presence of NADPH the conversion of &beta;-sitosterol to stigmasterol, but not that of 24-<i>epi</i>-campesterol to brassicasterol (unlike CYP710A2).","cytochrome P450, family 710, subfamily A, polypeptide 1;(source:Araport11)","cytochrome P450, family 710, subfamily A, polypeptide 1"
AT2G34810,1,1,0,1,protein_coding,FAD-binding Berberine family protein,,FAD-binding Berberine family protein;(source:Araport11),FAD-binding Berberine family protein
AT2G34850,1,1,0,4,protein_coding,NAD(P)-binding Rossmann-fold superfamily protein,,NAD(P)-binding Rossmann-fold superfamily protein;(source:Araport11),NAD(P)-binding Rossmann-fold superfamily protein
AT2G35070,1,0,1,2,protein_coding,,,transmembrane protein;(source:Araport11),transmembrane protein;(source:Araport11)
AT2G35810,1,1,0,2,protein_coding,,,ureidoglycolate hydrolase;(source:Araport11),ureidoglycolate hydrolase;(source:Araport11)
AT2G35940,2,2,0,3,protein_coding,BEL1-like homeodomain 1,Encodes a member of the BEL-like homeodomain protein family. Ecotopic expression in the embryo sac leads to defects in nuclear migration and cellularization and embryo sacs with multiple egg cells. Loss of function alleles have no female gametophyte defects. The ecotopic expression phenotype requires KNAT3 because it can be suppressed by loss of KNAT3 function alleles.  Localized to the nucleus but interaction with OFP1 relocates it to the cytoplasm.,BEL1-like homeodomain 1;(source:Araport11),BEL1-like homeodomain 1
AT2G35980,1,1,0,1,protein_coding,Late embryogenesis abundant (LEA) hydroxyproline-rich glycoprotein family,"Encodes a protein whose sequence is similar to tobacco hairpin-induced gene (HIN1) and Arabidopsis non-race specific disease resistance gene (NDR1). Expression of this gene is induced by cucumber mosaic virus, spermine and during senescence. The gene product is localized to the chloroplast. The mRNA is cell-to-cell mobile.",Late embryogenesis abundant (LEA) hydroxyproline-rich glycoprotein family;(source:Araport11),Late embryogenesis abundant (LEA) hydroxyproline-rich glycoprotein family
AT2G36050,1,0,1,1,protein_coding,ovate family protein 15,,ovate family protein 15;(source:Araport11),ovate family protein 15
AT2G36120,1,1,0,1,protein_coding,Glycine-rich protein family,"Encodes a glycine rich protein that is involved in leaf vascular patterning. dot1 mutants have an aberrant open-class venation pattern in leaves and cotyledons, as well as several other leaf development defects. The mRNA is cell-to-cell mobile.",Glycine-rich protein family;(source:Araport11),Glycine-rich protein family
AT2G36270,1,1,0,3,protein_coding,Basic-leucine zipper (bZIP) transcription factor family protein,"Encodes a member of the basic leucine zipper transcription factor family, involved in ABA signalling during seed maturation and germination. The Arabidopsis abscisic acid (ABA)-insensitive abi5 mutants have pleiotropic defects in ABA response, including decreased sensitivity to ABA inhibition of germination and altered expression of some ABA-regulated genes. Comparison of seed and ABA-inducible vegetative gene expression in wild-type and abi5-1 plants indicates that ABI5 regulates a subset of late embryogenesis-abundant genes during both developmental stages. Responsible for reducing cadmium uptake, mediated by interaction with MYB49 .",Basic-leucine zipper (bZIP) transcription factor family protein;(source:Araport11),Basic-leucine zipper (bZIP) transcription factor family protein
AT2G36360,1,1,0,5,protein_coding,Galactose oxidase/kelch repeat superfamily protein,,Galactose oxidase/kelch repeat superfamily protein;(source:Araport11),Galactose oxidase/kelch repeat superfamily protein
AT2G36750,1,1,0,1,protein_coding,UDP-glucosyl transferase 73C1,,UDP-glucosyl transferase 73C1;(source:Araport11),UDP-glucosyl transferase 73C1
AT2G36770,1,1,0,1,protein_coding,UDP-Glycosyltransferase superfamily protein,,UDP-Glycosyltransferase superfamily protein;(source:Araport11),UDP-Glycosyltransferase superfamily protein
AT2G36780,6,6,0,1,protein_coding,UDP-Glycosyltransferase superfamily protein,,UDP-Glycosyltransferase superfamily protein;(source:Araport11),UDP-Glycosyltransferase superfamily protein
AT2G36800,3,3,0,1,protein_coding,don-glucosyltransferase 1,Encodes a DON-Glucosyltransferase.  The UGT73C5 glucosylates both brassinolide and castasterone in the 23-O position. The enzyme is presumably involved in the homeostasis of those steroid hormones hence regulating BR activity. Transgenic plants overexpressing UGT73C5 show a typical BR-deficient phenotype.,don-glucosyltransferase 1;(source:Araport11),don-glucosyltransferase 1
AT2G36830,1,0,1,1,protein_coding,gamma tonoplast intrinsic protein,"Encodes a tonoplast intrinsic protein, which functions as water channel. It has also been shown to be able to facilitate the transport of urea and hydrogen peroxide. Highly expressed in vascular tissues of the root, stem, cauline leaves and flowers but not in the apical meristems. The mRNA is cell-to-cell mobile.",gamma tonoplast intrinsic protein;(source:Araport11),gamma tonoplast intrinsic protein
AT2G36970,2,2,0,1,protein_coding,UDP-Glycosyltransferase superfamily protein,,UDP-Glycosyltransferase superfamily protein;(source:Araport11),UDP-Glycosyltransferase superfamily protein
AT2G37060,1,1,0,3,protein_coding,"nuclear factor Y, subunit B8",,"nuclear factor Y, subunit B8;(source:Araport11)","nuclear factor Y, subunit B8"
AT2G37110,2,2,0,1,protein_coding,PLAC8 family protein,,PLAC8 family protein;(source:Araport11),PLAC8 family protein
AT2G37580,1,1,0,1,protein_coding,RING/U-box superfamily protein,,RING/U-box superfamily protein;(source:Araport11),RING/U-box superfamily protein
AT2G37710,3,3,0,1,protein_coding,receptor lectin kinase,Induced in response to Salicylic acid. The mRNA is cell-to-cell mobile.,receptor lectin kinase;(source:Araport11),receptor lectin kinase
AT2G37760,3,3,0,7,protein_coding,NAD(P)-linked oxidoreductase superfamily protein,"Encodes an NADPH-dependent aldo-keto reductase that can act on a wide variety of substrates in vitro including aliphatic and aromatic aldehydes and steroids. Transcript levels for this gene are up-regulated in response to cold, salt, and drought stress.",NAD(P)-linked oxidoreductase superfamily protein;(source:Araport11),NAD(P)-linked oxidoreductase superfamily protein
AT2G37770,5,5,0,2,protein_coding,NAD(P)-linked oxidoreductase superfamily protein,"Encodes an NADPH-dependent aldo-keto reductase that can act on a wide variety of substrates in vitro including saturated and unsaturated aldehydes, steroids, and sugars. GFP-tagged AKR4C9 localizes to the chloroplast where it may play a role in detoxifying reactive carbonyl compounds that threaten to impair the photosynthetic process. Transcript levels for this gene are up-regulated in response to cold, salt, and drought stress.",NAD(P)-linked oxidoreductase superfamily protein;(source:Araport11),NAD(P)-linked oxidoreductase superfamily protein
AT2G37870,4,4,0,1,protein_coding,Bifunctional inhibitor/lipid-transfer protein/seed storage 2S albumin superfamily protein,,Bifunctional inhibitor/lipid-transfer protein/seed storage 2S albumin superfamily protein;(source:Araport11),Bifunctional inhibitor/lipid-transfer protein/seed storage 2S albumin superfamily protein
AT2G37940,1,1,0,2,protein_coding,Arabidopsis Inositol phosphorylceramide synthase 2,,Inositol phosphorylceramide synthase 2;(source:Araport11),Arabidopsis Inositol phosphorylceramide synthase 2
AT2G37970,2,2,0,1,protein_coding,SOUL heme-binding family protein,"Encodes a cytosolic heme binding protein(cHBP)that can reversibly bind tetrapyrroles including heme, protoporphyrin IX and Mg-protoporphyrin IX dimethyl ester with distinct binding af&#64257;nities.",SOUL heme-binding family protein;(source:Araport11),SOUL heme-binding family protein
AT2G38240,1,1,0,1,protein_coding,2-oxoglutarate (2OG) and Fe(II)-dependent oxygenase superfamily protein,One of 4 paralogs encoding a 2-oxoglutarate/Fe(II)-dependent oxygenases  that hydroxylates JA to 12-OH-JA.,2-oxoglutarate (2OG) and Fe(II)-dependent oxygenase superfamily protein;(source:Araport11),2-oxoglutarate (2OG) and Fe(II)-dependent oxygenase superfamily protein
AT2G38250,3,3,0,1,protein_coding,Homeodomain-like superfamily protein,,Homeodomain-like superfamily protein;(source:Araport11),Homeodomain-like superfamily protein
AT2G38290,1,1,0,2,protein_coding,ammonium transporter 2,"encodes a high-affinity ammonium transporter, which is expressed in shoot and root. Expression in root and shoot is under nitrogen and carbon dioxide regulation, respectively.",ammonium transporter 2;(source:Araport11),ammonium transporter 2
AT2G38340,1,1,0,1,protein_coding,Integrase-type DNA-binding superfamily protein,encodes a member of the DREB subfamily A-2 of ERF/AP2 transcription factor family. The protein contains one AP2 domain. There are eight members in this subfamily including DREB2A AND DREB2B that are involved in response to drought.,Integrase-type DNA-binding superfamily protein;(source:Araport11),Integrase-type DNA-binding superfamily protein
AT2G38380,2,2,0,1,protein_coding,Peroxidase superfamily protein,,Peroxidase superfamily protein;(source:Araport11),Peroxidase superfamily protein
AT2G38465,1,1,0,1,protein_coding,,,hypothetical protein;(source:Araport11),hypothetical protein;(source:Araport11)
AT2G38470,5,5,0,1,protein_coding,WRKY DNA-binding protein 33,Member of the plant WRKY transcription factor family.  Regulates the antagonistic relationship between defense pathways mediating responses to P. syringae and necrotrophic fungal pathogens.  Located in nucleus. Involved in response to various abiotic stresses - especially salt stress. Regulates cytochrome P450 gene CYP94B1 to control apoplastic barrier formation in roots to confer salt tolerance.,WRKY DNA-binding protein 33;(source:Araport11),WRKY DNA-binding protein 33
AT2G38790,1,1,0,1,protein_coding,,,hypothetical protein;(source:Araport11),hypothetical protein;(source:Araport11)
AT2G38860,2,2,0,3,protein_coding,Class I glutamine amidotransferase-like superfamily protein,Encodes protease I (pfpI)-like protein YLS5; has very low glyoxalase activity.,Class I glutamine amidotransferase-like superfamily protein;(source:Araport11),Class I glutamine amidotransferase-like superfamily protein
AT2G39030,3,3,0,1,protein_coding,Acyl-CoA N-acyltransferases (NAT) superfamily protein,"Encodes a protein that acts as an ornithine N-delta-acetyltransferase, leading to the formation of N-delta-actetylornithine. This compound is likely used in plant defense and levels of it are increased in Arabidopsis plants in response to MeJA and ABA. The mRNA is cell-to-cell mobile.",Acyl-CoA N-acyltransferases (NAT) superfamily protein;(source:Araport11),Acyl-CoA N-acyltransferases (NAT) superfamily protein
AT2G39050,2,2,0,1,protein_coding,hydroxyproline-rich glycoprotein family protein,Encodes a nucleocytoplasmic lectin that is capable of binding carbohydrates. It is involved in ABA mediated stomatal movement and increased expression is correlated with increased resistance to Pseudomonas syringae.,hydroxyproline-rich glycoprotein family protein;(source:Araport11),hydroxyproline-rich glycoprotein family protein
AT2G39210,4,4,0,1,protein_coding,Major facilitator superfamily protein,Major facilitator superfamily transmembrane transporter responsible for the uptake of picolinate herbicides.,Major facilitator superfamily protein;(source:Araport11),Major facilitator superfamily protein
AT2G39270,1,1,0,1,protein_coding,P-loop containing nucleoside triphosphate hydrolases superfamily protein,,P-loop containing nucleoside triphosphate hydrolases superfamily protein;(source:Araport11),P-loop containing nucleoside triphosphate hydrolases superfamily protein
AT2G39310,1,1,0,4,protein_coding,jacalin-related lectin 22,,jacalin-related lectin 22;(source:Araport11),jacalin-related lectin 22
AT2G39330,5,5,0,3,protein_coding,jacalin-related lectin 23,,jacalin-related lectin 23;(source:Araport11),jacalin-related lectin 23
AT2G39420,1,1,0,1,protein_coding,alpha/beta-Hydrolases superfamily protein,,alpha/beta-Hydrolases superfamily protein;(source:Araport11),alpha/beta-Hydrolases superfamily protein
AT2G39660,1,1,0,1,protein_coding,botrytis-induced kinase1,Encodes a plasma membrane-localized ser/thr protein kinase that is a crucial component of host response signaling required to activate the resistance responses to Botrytis and A. brassicicola infection.  It is likely a negative regulator of salicylic acid accumulation and basal defense against virulent bacterial pathogens.  Together with ER plays opposing roles in leaf morphogenesis and inflorescence architecture. Required to maintain appropriate auxin response during leaf margin morphogenesis. Interacts with ER-family proteins and directly phosphorylates ER.,botrytis-induced kinase1;(source:Araport11),botrytis-induced kinase1
AT2G39740,1,1,0,3,protein_coding,Nucleotidyltransferase family protein,"Encodes HESO1 (HEN1 suppressor 1), a terminal nucleotidyl transferase that uridylates miRNAs and siRNAs at 3&#8242; end. HESO1-mediated 3&#8242; uridylation destabilizes small RNAs in hen1.",Nucleotidyltransferase family protein;(source:Araport11),Nucleotidyltransferase family protein
AT2G40000,1,1,0,1,protein_coding,ortholog of sugar beet HS1 PRO-1 2,Ortholog of sugar beet HS1 PRO-1 2. Involved in basal disease resistance.,ortholog of sugar beet HS1 PRO-1 2;(source:Araport11),ortholog of sugar beet HS1 PRO-1 2
AT2G40080,1,1,0,1,protein_coding,Protein of unknown function (DUF1313),"Encodes a novel nuclear 111 amino-acid phytochrome-regulated component of a negative feedback loop involving the circadian clock central oscillator components CCA1 and LHY. ELF4 is necessary for light-induced expression of both CCA1 and LHY, and conversely, CCA1 and LHY act negatively on light-induced ELF4 expression.  ELF4 promotes clock accuracy and is required for sustained rhythms in the absence of daily light/dark cycles.  It is involved in the phyB-mediated constant red light induced seedling de-etiolation process and may function to coregulate the expression of a subset of phyB-regulated genes.",EARLY FLOWERING-like protein (DUF1313);(source:Araport11),Protein of unknown function (DUF1313)
AT2G40095,1,1,0,3,protein_coding,Alpha/beta hydrolase related protein,,Alpha/beta hydrolase related protein;(source:Araport11),Alpha/beta hydrolase related protein
AT2G40140,2,2,0,2,protein_coding,zinc finger (CCCH-type) family protein,Putative zinc-finger protein with ankyrin-repeat domains. Mutants demonstrate susceptibility to pathogens and decreased salt tolerance.,zinc finger (CCCH-type) family protein;(source:Araport11),zinc finger (CCCH-type) family protein
AT2G40270,2,2,0,2,protein_coding,Protein kinase family protein,,Protein kinase family protein;(source:Araport11),Protein kinase family protein
AT2G40300,1,1,0,1,protein_coding,ferritin 4,"Encodes FERRITIN 4, AtFER4.  Ferritins are a class of 24-mer multi-meric proteins found in all kingdoms of life.  Function as the main iron store in mammals.  Evidence suggests that Arabidopsis ferritins are essential to protect cells against oxidative damage, but they do not constitute the major iron pool. Localize to mitochondria. Knock out mutants are not sensitive to abiotic stress.",ferritin 4;(source:Araport11),ferritin 4
AT2G40340,1,1,0,6,protein_coding,Integrase-type DNA-binding superfamily protein,Encodes a member of the DREB subfamily A-2 of ERF/AP2 transcription factor family. The protein contains one AP2 domain. There are eight members in this subfamily including DREB2A AND DREB2B that are involved in response to drought.,Integrase-type DNA-binding superfamily protein;(source:Araport11),Integrase-type DNA-binding superfamily protein
AT2G40600,2,2,0,1,protein_coding,appr-1-p processing enzyme family protein,,appr-1-p processing enzyme family protein;(source:Araport11),appr-1-p processing enzyme family protein
AT2G40740,1,1,0,3,protein_coding,WRKY DNA-binding protein 55,member of WRKY Transcription Factor; Group III,WRKY DNA-binding protein 55;(source:Araport11),WRKY DNA-binding protein 55
AT2G40750,6,6,0,1,protein_coding,WRKY DNA-binding protein 54,member of WRKY Transcription Factor; Group III. Together with WRKY70 positively regulates SARD1 and CBP60g expression in plant immunity.,WRKY DNA-binding protein 54;(source:Araport11),WRKY DNA-binding protein 54
AT2G40830,1,1,0,4,protein_coding,RING-H2 finger C1A,Encodes an E3 ubiquitin ligase for the GA-receptor GID1 that functions as a negative regulator of GA signaling in seedlings and seeds by inducing ubiquitin-dependent proteolysis of GID1s. Tyr321 phosphorylation of GARU by TAGK2 inactivates GARU.,RING-H2 finger C1A;(source:Araport11),RING-H2 finger C1A
AT2G40950,1,1,0,1,protein_coding,Basic-leucine zipper (bZIP) transcription factor family protein,"bZIP17 appears to regulate transcription as part of a salt and osmotic stress response. zip17 mutants show enhanced inhibition of primary root elongation in response to NaCl. Several salt-responsive genes, such as ATHB-7 show a reduced transcriptional response to a salt treatment in zip17 mutant seedlings. myc:bZIP17 undergoes proteolytic processing in salt-treated wild type seedlings, but not in s1p-3 (subtilase) mutants and there is also evidence for S1P-mediated cleavage of bZIP17 in vitro. In addition, an mGFP:bZIP17 protein moves from the ER to the nucleus following salt treatment. It is cleaved by S2P to allow translocation to the nucleus.",Basic-leucine zipper (bZIP) transcription factor family protein;(source:Araport11),Basic-leucine zipper (bZIP) transcription factor family protein
AT2G41090,2,2,0,1,protein_coding,Calcium-binding EF-hand family protein,"Encodes a cytoplasmic, calcium binding calmodulin variant. CML10 interacts with phosphomannomutase (PMM)in vivo and increases its activity thereby affecting ascorbic acid biosynthesis. Its expression is induced by oxidative and other stress. The mRNA is cell-to-cell mobile.",Calcium-binding EF-hand family protein;(source:Araport11),Calcium-binding EF-hand family protein
AT2G41100,3,3,0,7,protein_coding,Calcium-binding EF hand family protein,"encodes a calmodulin-like protein, with six potential calcium binding domains. Calcium binding shown by Ca(2+)-specific shift in electrophoretic mobility. Expression induced by touch and darkness. Expression may also be developmentally controlled. Expression in growing regions of roots, vascular tissue, root/shoot junctions, trichomes, branch points of the shoot, and regions of siliques and flowers. The mRNA is cell-to-cell mobile. | encodes a calmodulin-like protein, with six potential calcium binding domains. Calcium binding shown by Ca(2+)-specific shift in electrophoretic mobility. Expression induced by touch and darkness. Expression may also be developmentally controlled. Expression in growing regions of roots, vascular tissue, root/shoot junctions, trichomes, branch points of the shoot, and regions of siliques and flowers.The mRNA is cell-to-cell mobile.",Calcium-binding EF hand family protein;(source:Araport11),Calcium-binding EF hand family protein
AT2G41160,1,1,0,2,protein_coding,Ubiquitin-associated (UBA) protein,"ATI3A interacting protein containing a large N-terminal rhomboid-like transmembrane domain and a UBA domain at their C terminus, localized in the ER with a role in plant heat tolerance. UBAC2 proteins may act as both cargo receptors and inducers of an ATI3-mediated selective autophagy pathway, where ATI3 and UBAC2 proteins are delivered to the vacuole under ER stress in an autophagy-dependent manner.",Ubiquitin-associated (UBA) protein;(source:Araport11),Ubiquitin-associated (UBA) protein
AT2G41190,1,1,0,2,protein_coding,Transmembrane amino acid transporter family protein,,Transmembrane amino acid transporter family protein;(source:Araport11),Transmembrane amino acid transporter family protein
AT2G41380,1,1,0,1,protein_coding,S-adenosyl-L-methionine-dependent methyltransferases superfamily protein,,S-adenosyl-L-methionine-dependent methyltransferases superfamily protein;(source:Araport11),S-adenosyl-L-methionine-dependent methyltransferases superfamily protein
AT2G41410,2,2,0,1,protein_coding,Calcium-binding EF-hand family protein,,Calcium-binding EF-hand family protein;(source:Araport11),Calcium-binding EF-hand family protein
AT2G41730,2,2,0,1,protein_coding,,"H2O2 response gene, sensor/responder of H2O2,  involved in maintaining embryonic root meristem activity. Expression in rosette leaves is activated by high concentration of boron.",calcium-binding site protein;(source:Araport11),"H2O2 response gene, sensor/responder of H2O2,  involved in maintaining embryonic root meristem activity. Expression in rosette leaves is activated by high concentration of boron."
AT2G41850,1,1,0,1,protein_coding,polygalacturonase abscission zone A. thaliana,ADPG2.,polygalacturonase ADPG2-like protein;(source:Araport11),polygalacturonase abscission zone A. thaliana
AT2G42360,3,3,0,1,protein_coding,RING/U-box superfamily protein,,RING/U-box superfamily protein;(source:Araport11),RING/U-box superfamily protein
AT2G42530,2,2,0,1,protein_coding,cold regulated 15b,"Encodes COR15B, a protein that protects chloroplast membranes during freezing.",cold regulated 15b;(source:Araport11),cold regulated 15b
AT2G42540,1,1,0,4,protein_coding,cold-regulated 15a,A cold-regulated gene whose product is targeted to the chloroplast. Cor15am  protects stromal proteins from aggregation under various stress conditions. Constitutive expression increases freezing tolerance in protoplasts in vitro and chloroplasts in vivo. NMR and x-ray diffraction studies suggest that COR15a alters the intrinsic curvature of the inner membrane of chloroplast envelope.  Late Embryogenesis abundant protein (LEA). Protects chloroplast membranes during freezing.,cold-regulated 15a;(source:Araport11),cold-regulated 15a
AT2G42560,4,4,0,1,protein_coding,late embryogenesis abundant domain-containing protein / LEA domain-containing protein,"Late embryogenesis protein. Based on in vitro studies, likely plays a role in stablizing membranes in response to freezing stress.",late embryogenesis abundant domain-containing protein / LEA domain-containing protein;(source:Araport11),late embryogenesis abundant domain-containing protein / LEA domain-containing protein
AT2G43150,1,1,0,1,protein_coding,Proline-rich extensin-like family protein,,Proline-rich extensin-like family protein;(source:Araport11),Proline-rich extensin-like family protein
AT2G43320,1,1,0,2,protein_coding,S-adenosyl-L-methionine-dependent methyltransferases superfamily protein,,S-adenosyl-L-methionine-dependent methyltransferases superfamily protein;(source:Araport11),S-adenosyl-L-methionine-dependent methyltransferases superfamily protein
AT2G43510,3,3,0,1,protein_coding,trypsin inhibitor protein 1,Member of the defensin-like (DEFL) family. Encodes putative trypsin inhibitor protein which may function in defense against herbivory.,trypsin inhibitor protein 1;(source:Araport11),trypsin inhibitor protein 1
AT2G43570,8,8,0,1,protein_coding,"chitinase, putative",Putative basic chitinase.,chitinase;(source:Araport11),"chitinase, putative"
AT2G43620,1,1,0,1,protein_coding,Chitinase family protein,,Chitinase family protein;(source:Araport11),Chitinase family protein
AT2G43820,2,2,0,1,protein_coding,UDP-glucosyltransferase 74F2,"Encodes a nicotinate-O-glycosyltransferase. Induced by Salicylic acid, virus, fungus and bacteria. Also involved in the tryptophan synthesis pathway. Independent of NPR1 for their induction by salicylic acid. UGT74F1 transfers UDP:glucose to salicylic acid (forming a glucoside (SAG) and a glucose ester (SGE)), benzoic acid, and anthranilate in vitro. UGT74F2 shows a weak ability to catalyze the formation of the p-aminobenzoate-glucose ester in vitro. But, UGT75B1 appears to be the dominant pABA acylglucosyltransferase in vivo based on assays in leaves, flowers, and siliques.",UDP-glucosyltransferase 74F2;(source:Araport11),UDP-glucosyltransferase 74F2
AT2G43850,2,2,0,3,protein_coding,Integrin-linked protein kinase family,Pseudokinase from the Raf-like MAP3K family and is the only known plant pseudokinase with confirmed protein kinase activity. ILK1 activity promotes disease resistance and molecular pattern-induced root growth inhibition through its stabilization of the HAK5 potassium transporter with the calmodulin-like protein CML9. ILK1 also has a kinase-independent function in salt stress suggesting that it interacts with additional proteins.,Integrin-linked protein kinase family;(source:Araport11),Integrin-linked protein kinase family
AT2G44180,1,1,0,2,protein_coding,methionine aminopeptidase 2A,Encodes a MAP2 like methionine aminopeptidase. In MAP1A mutant background plants show an increased sensitivity to fumagillin resulting in defects in development. Phenotype is similar to RNAi lines which knock out all MAP2/MAP1 loci.,methionine aminopeptidase 2A;(source:Araport11),methionine aminopeptidase 2A
AT2G44240,1,1,0,1,protein_coding,Protein of Unknown Function (DUF239),,NEP-interacting protein (DUF239);(source:Araport11),Protein of Unknown Function (DUF239)
AT2G44280,1,1,0,4,protein_coding,Major facilitator superfamily protein,,Major facilitator superfamily protein;(source:Araport11),Major facilitator superfamily protein
AT2G44290,4,4,0,1,protein_coding,Bifunctional inhibitor/lipid-transfer protein/seed storage 2S albumin superfamily protein,,Bifunctional inhibitor/lipid-transfer protein/seed storage 2S albumin superfamily protein;(source:Araport11),Bifunctional inhibitor/lipid-transfer protein/seed storage 2S albumin superfamily protein
AT2G45010,1,1,0,2,protein_coding,PLAC8 family protein,,PLAC8 family protein;(source:Araport11),PLAC8 family protein
AT2G45070,1,1,0,4,protein_coding,"Preprotein translocase Sec, Sec61-beta subunit protein",Sec61 Beta Subunit,"Preprotein translocase Sec, Sec61-beta subunit protein;(source:Araport11)","Preprotein translocase Sec, Sec61-beta subunit protein"
AT2G45220,4,4,0,1,protein_coding,Plant invertase/pectin methylesterase inhibitor superfamily,Pectin methylesterase involved in pectin  remodelling. Regulated by its PRO region that triggers PME activity in the resistance to Botrytis cinerea.,Plant invertase/pectin methylesterase inhibitor superfamily;(source:Araport11),Plant invertase/pectin methylesterase inhibitor superfamily
AT2G45500,1,1,0,5,protein_coding,AAA-type ATPase family protein,,AAA-type ATPase family protein;(source:Araport11),AAA-type ATPase family protein
AT2G45510,3,3,0,1,protein_coding,"cytochrome P450, family 704, subfamily A, polypeptide 2",member of CYP704A,"cytochrome P450, family 704, subfamily A, polypeptide 2;(source:Araport11)","cytochrome P450, family 704, subfamily A, polypeptide 2"
AT2G45570,6,6,0,1,protein_coding,"cytochrome P450, family 76, subfamily C, polypeptide 2",member of CYP76C,"cytochrome P450, family 76, subfamily C, polypeptide 2;(source:Araport11)","cytochrome P450, family 76, subfamily C, polypeptide 2"
AT2G45760,2,2,0,1,protein_coding,BON association protein 2,encodes a protein that is similar to BONZAI1-binding protein BAP1.,BON association protein 2;(source:Araport11),BON association protein 2
AT2G45910,1,1,0,2,protein_coding,U-box domain-containing protein kinase family protein,Plant U-box type E3 ubiquitin ligase (PUB). Positive regulator of plant immunity. Cyclophilin effector Al106 may interact with plant PUB33 to suppress plant immunity and facilitate insect feeding in a PPIase activity-dependent manner.,U-box domain-containing protein kinase family protein;(source:Araport11),U-box domain-containing protein kinase family protein
AT2G45960,1,0,1,3,protein_coding,plasma membrane intrinsic protein 1B,"a member of the plasma membrane intrinsic protein subfamily PIP1. localizes to the plasma membrane and exhibits water transport activity in Xenopus oocyte. expressed ubiquitously and protein level decreases slightly during leaf development. Involved redundantly with PIP1;1/3/4/5 in hydraulics and carbon fixation, regulates the expression of related genes that affect plant growth and development.",plasma membrane intrinsic protein 1B;(source:Araport11),plasma membrane intrinsic protein 1B
AT2G46270,5,5,0,4,protein_coding,G-box binding factor 3,"encodes a bZIP G-box binding protein whose expression is induced by ABA. It has been shown to bind to Adh that contains the G-box and is induced by cold and water deprivation. GBF3 has been shown to be expressed mostly in the root and dark-grown leaves. GBF3 can act as homodimers and as heterodimers with GFB1, GBF2 and GBF4. In addition, GBF3¡¯s DNA binding activity is enhanced by GIP1, GPRI1 and GPRI2. | encodes a bZIP G-box binding protein whose expression is induced by ABA. It has been shown to bind to Adh that contains the G-box and is induced by cold and water deprivation. GBF3 has been shown to be expressed mostly in the root and dark-grown leaves. GBF3 can act as homodimers and as heterodimers with GFB1, GBF2 and GBF4. In addition, GBF3??s DNA binding activity is enhanced by GIP1, GPRI1 and GPRI2.",G-box binding factor 3;(source:Araport11),G-box binding factor 3
AT2G46400,4,4,0,1,protein_coding,WRKY DNA-binding protein 46,Encodes a WRKY transcription factor that contributes to the feedforward inhibition of osmotic/salt stress-dependent LR inhibition via regulation of ABA signaling and auxin   homeostasis.,WRKY DNA-binding protein 46;(source:Araport11),WRKY DNA-binding protein 46
AT2G46420,2,2,0,3,protein_coding,Plant protein 1589 of unknown function,,helicase with zinc finger protein;(source:Araport11),Plant protein 1589 of unknown function
AT2G46430,5,5,0,2,protein_coding,cyclic nucleotide gated channel 3,"Encodes a cyclic nucleotide gated channel, downstream component of the signaling pathways leading to hypersensitive response (HR) resistance.",cyclic nucleotide gated channel 3;(source:Araport11),cyclic nucleotide gated channel 3
AT2G46440,3,2,1,2,protein_coding,cyclic nucleotide-gated channels,Member of Cyclic nucleotide gated channel family. Positive regulator of resistance against avirulent fungal pathogen. The mRNA is cell-to-cell mobile. | Member of Cyclic nucleotide gated channel family. Positive regulator of resistance against avirulent fungal pathogen.The mRNA is cell-to-cell mobile.,cyclic nucleotide-gated channels;(source:Araport11),cyclic nucleotide-gated channels
AT2G46450,2,2,0,4,protein_coding,cyclic nucleotide-gated channel 12,Member of Cyclic nucleotide gated channel family.Positive regulator of resistance against avirulent fungal pathogen.Suppresses the phenotype conferred by cpr22 in a dosage-dependent manner.,cyclic nucleotide-gated channel 12;(source:Araport11),cyclic nucleotide-gated channel 12
AT2G46500,1,1,0,3,protein_coding,phosphoinositide 4-kinase gamma 4,Phosphoinositide  kinase which undergo autophosphorylation and phosphorylate serine/threonine  residues of protein substrates. Contains phosphoinositide 3/4-kinase and ubiquitin-like domains. Phosphorylates PUFD1 and RPN10 in vitro.,phosphoinositide 4-kinase gamma 4;(source:Araport11),phosphoinositide 4-kinase gamma 4
AT2G46600,2,2,0,1,protein_coding,Calcium-binding EF-hand family protein,,Calcium-binding EF-hand family protein;(source:Araport11),Calcium-binding EF-hand family protein
AT2G46620,2,2,0,1,protein_coding,P-loop containing nucleoside triphosphate hydrolases superfamily protein,,P-loop containing nucleoside triphosphate hydrolases superfamily protein;(source:Araport11),P-loop containing nucleoside triphosphate hydrolases superfamily protein
AT2G46680,1,1,0,2,protein_coding,homeobox 7,encodes a putative transcription factor that contains a homeodomain closely linked to a leucine zipper motif. Transcript is detected in all tissues examined.  Is transcriptionally regulated in an ABA-dependent manner and may act in a signal transduction pathway which mediates a drought response.,homeobox 7;(source:Araport11),homeobox 7
AT2G47000,4,4,0,7,protein_coding,ATP binding cassette subfamily B4,Encodes an auxin efflux transmembrane transporter that is a member of the multidrug resistance  P-glycoprotein (MDR/PGP) subfamily of ABC transporters. Functions in the basipetal  redirection of auxin from the root tip. Exhibits apolar plasma membrane localization in the root cap and polar localization in tissues above and is involved in root hair elongation.,ATP binding cassette subfamily B4;(source:Araport11),ATP binding cassette subfamily B4
AT2G47010,1,1,0,3,protein_coding,,,calcium/calcium/calmodulin-dependent Serine/Threonine-kinase;(source:Araport11),calcium/calcium/calmodulin-dependent Serine/Threonine-kinase;(source:Araport11)
AT2G47130,4,4,0,1,protein_coding,NAD(P)-binding Rossmann-fold superfamily protein,Encodes a short-chain dehydrogenase/reductase that is not involved in ABA biosynthesis but plays an important role in plant defense response to bacteria.,NAD(P)-binding Rossmann-fold superfamily protein;(source:Araport11),NAD(P)-binding Rossmann-fold superfamily protein
AT2G47190,1,1,0,1,protein_coding,myb domain protein 2,Encodes a MYB transcription factor that possesses an R2R3 MYB DNA binding domain  and is known to regulate the expression of salt- and dehydration-responsive genes.  Has been shown to bind calmodulin.,myb domain protein 2;(source:Araport11),myb domain protein 2
AT2G47470,1,1,0,4,protein_coding,thioredoxin family protein,"Encodes a protein disulfide isomerase-like (PDIL) protein, a member of a multigene family within the thioredoxin (TRX) superfamily. Transcript levels for this gene are up-regulated in response to three different chemical inducers of ER stress (dithiothreitol, beta-mercaptoethanol, and tunicamycin). AtIRE1-2 does not appear to be required for this response, but the atbzip60 mutant has a diminished response. The mRNA is cell-to-cell mobile.",thioredoxin family protein;(source:Araport11),thioredoxin family protein
AT2G47730,1,1,0,2,protein_coding,glutathione S-transferase phi 8,Encodes glutathione transferase belonging to the phi class of GSTs. Naming convention according to Wagner et al. (2002).,glutathione S-transferase phi 8;(source:Araport11),glutathione S-transferase phi 8
AT2G47770,2,1,1,1,protein_coding,TSPO(outer membrane tryptophan-rich sensory protein)-related,"Encodes a membrane-bound protein designated AtTSPO (Arabidopsis thaliana TSPO-related). AtTSPO is related to the bacterial outer membrane tryptophan-rich sensory protein (TspO) and the mammalian mitochondrial 18 kDa Translocator Protein (18 kDa TSPO), members of the TspO/MBR domain-containing membrane proteins. Mainly detected in dry seeds, but can be induced in vegetative tissues by osmotic or salt stress or abscisic acid treatment. Located in endoplasmic reticulum and the Golgi stacks.  It is degraded through the autophagy pathway.",TSPO(outer membrane tryptophan-rich sensory protein)-like protein;(source:Araport11),TSPO(outer membrane tryptophan-rich sensory protein)-related
AT2G47800,3,3,0,1,protein_coding,multidrug resistance-associated protein 4,"Encodes a plasma membrane localized ATPase transporter involved in multidrug transport.  The expression of this gene is upregulated by herbicide safeners such as benoxacor, fluxofenim and fenclorim. The mRNA is cell-to-cell mobile.",multidrug resistance-associated protein 4;(source:Araport11),multidrug resistance-associated protein 4
AT2G47880,2,2,0,1,protein_coding,Glutaredoxin family protein,"Encodes a member of the CC-type glutaredoxin (ROXY) family. CEPD2 is a non secreted polypeptide that is highly similar to  CEPD1 which is another member of a novel family related to glutaredoxins. It is induced by nitrogen starvation. It acts downstream of the CEP1 peptide in systemic N-demand signalling .The RNA is expressed in the phloem of cotelydon and leaf vasculature but the peptide is graft transmissible, traveling from the shoot to the root.",Glutaredoxin family protein;(source:Araport11),Glutaredoxin family protein
AT3G01290,3,3,0,1,protein_coding,SPFH/Band 7/PHB domain-containing membrane-associated protein family,Hypersensitive response induced stomatin/prohibitin/flotillin/HflK/C (SPFH) domain containing protein that interacts with RPS2.,SPFH/Band 7/PHB domain-containing membrane-associated protein family;(source:Araport11),SPFH/Band 7/PHB domain-containing membrane-associated protein family
AT3G01410,1,1,0,2,protein_coding,"Polynucleotidyl transferase, ribonuclease H-like superfamily protein",,"Polynucleotidyl transferase, ribonuclease H-like superfamily protein;(source:Araport11)","Polynucleotidyl transferase, ribonuclease H-like superfamily protein"
AT3G01420,6,6,0,1,protein_coding,Peroxidase superfamily protein,Encodes an alpha-dioxygenase involved in protection against oxidative stress and cell death. Induced in response to Salicylic acid and oxidative stress.  Independent of NPR1 in  induction by salicylic acid. The mRNA is cell-to-cell mobile.,Peroxidase superfamily protein;(source:Araport11),Peroxidase superfamily protein
AT3G01435,1,1,0,4,protein_coding,Expressed protein,,Expressed protein;(source:Araport11),Expressed protein
AT3G01600,1,1,0,1,protein_coding,NAC domain containing protein 44,Promotes growth arrest and programmed cell death; accumulates after the initial recruitment of RBR to foci.,NAC domain containing protein 44;(source:Araport11),NAC domain containing protein 44
AT3G01720,1,1,0,1,protein_coding,,,peptidyl serine alpha-galactosyltransferase;(source:Araport11),peptidyl serine alpha-galactosyltransferase;(source:Araport11)
AT3G01830,3,3,0,2,protein_coding,Calcium-binding EF-hand family protein,,Calcium-binding EF-hand family protein;(source:Araport11),Calcium-binding EF-hand family protein
AT3G02150,1,1,0,2,protein_coding,plastid transcription factor 1,a chloroplast trans-acting factor of the psbD light-responsive promoter.TCP gene involved in heterochronic control of leaf differentiation.,plastid transcription factor 1;(source:Araport11),plastid transcription factor 1
AT3G02190,1,1,0,1,protein_coding,Ribosomal protein L39 family protein,,Ribosomal protein L39 family protein;(source:Araport11),Ribosomal protein L39 family protein
AT3G02480,2,2,0,1,protein_coding,Late embryogenesis abundant protein (LEA) family protein,"LEA protein that is up-regulated by  ABA, NaCl and mannitol,and light deprivation. Expression is regulated by ABI5 where it functions downstream in light induced leaf senescence pathway.",Late embryogenesis abundant protein (LEA) family protein;(source:Araport11),Late embryogenesis abundant protein (LEA) family protein
AT3G02710,1,1,0,1,protein_coding,ARM repeat superfamily protein,Encodes a protein with a putative role in mRNA splicing.,ARM repeat superfamily protein;(source:Araport11),ARM repeat superfamily protein
AT3G02770,1,1,0,1,protein_coding,Ribonuclease E inhibitor RraA/Dimethylmenaquinone methyltransferase,,Ribonuclease E inhibitor RraA/Dimethylmenaquinone methyltransferase;(source:Araport11),Ribonuclease E inhibitor RraA/Dimethylmenaquinone methyltransferase
AT3G03020,1,1,0,2,protein_coding,,,hypothetical protein;(source:Araport11),hypothetical protein;(source:Araport11)
AT3G03170,1,1,0,1,protein_coding,,,hypothetical protein;(source:Araport11),hypothetical protein;(source:Araport11)
AT3G03470,1,1,0,1,protein_coding,"cytochrome P450, family 87, subfamily A, polypeptide 9",P450 monooxygenase CYP89A9. Involved in NDCC accumulation during Arabidopsis leaf senescence.,"cytochrome P450, family 87, subfamily A, polypeptide 9;(source:Araport11)","cytochrome P450, family 87, subfamily A, polypeptide 9"
AT3G03560,2,2,0,1,protein_coding,,,hypothetical protein;(source:Araport11),hypothetical protein;(source:Araport11)
AT3G03620,1,1,0,2,protein_coding,MATE efflux family protein,,MATE efflux family protein;(source:Araport11),MATE efflux family protein
AT3G04060,2,2,0,1,protein_coding,NAC domain containing protein 46,NAC046 is a member of the NAC domain containing family of transcription factors. It was identified in a screen for regulators of chlorophyll protein gene expression. Mutants in NAC046 have delayed senescence and increased CHL content suggesting a role in regulation of senescence and chlorophyll degradation.,NAC domain containing protein 46;(source:Araport11),NAC domain containing protein 46
AT3G04070,1,1,0,2,protein_coding,NAC domain containing protein 47,,NAC domain containing protein 47;(source:Araport11),NAC domain containing protein 47
AT3G04120,1,1,0,1,protein_coding,glyceraldehyde-3-phosphate dehydrogenase C subunit 1,encodes cytosolic GADPH (C subunit) involved in the glycolytic pathway but also interacts with H2O2 potentially placing it in a signalling cascade induced by ROS. The mRNA is cell-to-cell mobile.,glyceraldehyde-3-phosphate dehydrogenase C subunit 1;(source:Araport11),glyceraldehyde-3-phosphate dehydrogenase C subunit 1
AT3G04210,1,1,0,2,protein_coding,Disease resistance protein (TIR-NBS class),TN13 is a TIR-NBS protein involved in immune response. It co localizes with the ER and perinuclear membranes and interacts with MOS6. It also associates with the CC-NBS-LRR resistance protein RPS5 and contributes to RPS5-triggered immunity.,Disease resistance protein (TIR-NBS class);(source:Araport11),Disease resistance protein (TIR-NBS class)
AT3G04480,2,2,0,1,protein_coding,endoribonucleases,,endoribonuclease;(source:Araport11),endoribonucleases
AT3G04640,3,3,0,3,protein_coding,glycine-rich protein,,glycine-rich protein;(source:Araport11),glycine-rich protein
AT3G04720,1,1,0,1,protein_coding,pathogenesis-related 4,Encodes a protein similar to the antifungal chitin-binding protein hevein from rubber tree latex. mRNA levels increase in response to ethylene and turnip crinkle virus infection. The mRNA is cell-to-cell mobile.,pathogenesis-related 4;(source:Araport11),pathogenesis-related 4
AT3G04880,1,1,0,1,protein_coding,DNA-damage-repair/toleration protein (DRT102),encodes a novel protein involved in DNA repair from UV damage. Isolated by functional complementation of E. coli UV-sensitive mutants (UVR genes).,DNA-damage-repair/toleration protein (DRT102);(source:Araport11),DNA-damage-repair/toleration protein (DRT102)
AT3G05165,1,1,0,6,protein_coding,Major facilitator superfamily protein,,Major facilitator superfamily protein;(source:Araport11),Major facilitator superfamily protein
AT3G05200,2,2,0,1,protein_coding,RING/U-box superfamily protein,Encodes a putative RING-H2 zinc finger protein ATL6 (ATL6). The mRNA is cell-to-cell mobile.,RING/U-box superfamily protein;(source:Araport11),RING/U-box superfamily protein
AT3G05500,1,1,0,2,protein_coding,Rubber elongation factor protein (REF),Encodes a protein that associates with lipid droplet surfaces and shares sequence homology with family of small rubber particle proteins. The mRNA is cell-to-cell mobile. | Encodes a protein that associates with lipid droplet surfaces and shares sequence homology with family of small rubber particle proteins. Plays dual roles as positive factors for tissue growth and development and in drought stress responses. The mRNA is cell-to-cell mobile.,Rubber elongation factor protein (REF);(source:Araport11),Rubber elongation factor protein (REF)
AT3G05630,2,2,0,1,protein_coding,phospholipase D P2,Encodes a member of the PXPH-PLD subfamily of phospholipase D proteins.  Regulates vesicle trafficking. Required for auxin transport and distribution and hence auxin responses. This subfamily is novel structurally different from the majority of plant PLDs by having phox homology (PX) and pleckstrin homology (PH) domains.  Involved regulating root development in response to nutrient limitation.  Plays a major role in phosphatidic acid production during phosphate deprivation. Induced upon Pi starvation in both shoots and roots. Involved in hydrolyzing phosphatidylcholine and phosphatidylethanolamine to produce diacylglycerol for digalactosyldiacylglycerol synthesis and free Pi to sustain other  Pi-requiring processes.  Does not appear to be involved in root hair patterning. Expression is upregulated in the shoot of cax1/cax3 mutant and is responsive to phosphate (Pi) and not phosphite (Phi) in roots and shoots.,phospholipase D P2;(source:Araport11),phospholipase D P2
AT3G05650,1,1,0,1,protein_coding,receptor like protein 32,,receptor like protein 32;(source:Araport11),receptor like protein 32
AT3G05690,1,1,0,2,protein_coding,"nuclear factor Y, subunit A2","Encodes a subunit of CCAAT-binding complex, binds to CCAAT box motif present in some plant promoter sequences. One of three members of this class (HAP2A, HAP2B, HAP2C), it is expressed in vegetative and reproductive tissues.","nuclear factor Y, subunit A2;(source:Araport11)","nuclear factor Y, subunit A2"
AT3G05700,1,1,0,2,protein_coding,Drought-responsive family protein,"Encodes a DNA binding protein with transcription activation activity. It is expressed in response to osmotic, drought and ABA stress.",Drought-responsive family protein;(source:Araport11),Drought-responsive family protein
AT3G05727,3,0,3,1,protein_coding,S locus-related glycoprotein 1 (SLR1) binding pollen coat protein family,Encodes a defensin-like (DEFL) family protein. Activated by OXS2 under the treatment of salt.,S locus-related glycoprotein 1 (SLR1) binding pollen coat protein family;(source:Araport11),S locus-related glycoprotein 1 (SLR1) binding pollen coat protein family
AT3G05730,1,0,1,1,protein_coding,,Encodes a defensin-like (DEFL) family protein. The mRNA is cell-to-cell mobile.,defensin-like protein;(source:Araport11),Encodes a defensin-like (DEFL) family protein. The mRNA is cell-to-cell mobile.
AT3G05800,1,1,0,1,protein_coding,AtBS1(activation-tagged BRI1 suppressor 1)-interacting factor 1,,AtBS1(activation-tagged BRI1 suppressor 1)-interacting factor 1;(source:Araport11),AtBS1(activation-tagged BRI1 suppressor 1)-interacting factor 1
AT3G05970,2,2,0,1,protein_coding,long-chain acyl-CoA synthetase 6,encode peroxisomal long-chain acyl-CoA synthetase (LACS) isozymes,long-chain acyl-CoA synthetase 6;(source:Araport11),long-chain acyl-CoA synthetase 6
AT3G06160,1,1,0,5,protein_coding,AP2/B3-like transcriptional factor family protein,,AP2/B3-like transcriptional factor family protein;(source:Araport11),AP2/B3-like transcriptional factor family protein
AT3G06760,1,1,0,2,protein_coding,Drought-responsive family protein,,Drought-responsive family protein;(source:Araport11),Drought-responsive family protein
AT3G06860,1,1,0,1,protein_coding,multifunctional protein 2,Encodes a multifunctional protein. Involved in peroxisomal fatty acid beta oxidation. Loss-of-function mutant lacks hydroxyacyl-CoA dehydrogenase activity and have reduced levels of long-chain enoyl-CoA hydratase activity. The mutant has fewer but larger peroxisomes. The mRNA is cell-to-cell mobile.,multifunctional protein 2;(source:Araport11),multifunctional protein 2
AT3G07090,1,1,0,2,protein_coding,PPPDE putative thiol peptidase family protein,"Interacts with C3H59 via its WD40 domain and C-terminal region, respectively, in the nucleus.",PPPDE putative thiol peptidase family protein;(source:Araport11),PPPDE putative thiol peptidase family protein
AT3G07195,1,1,0,2,protein_coding,RPM1-interacting protein 4 (RIN4) family protein,Member of the RIN4-like/NOI family;  upregulated after spider mite feeding. Together with NOI10 modulates the response  to biotic stresses mediated by RIN4.,RPM1-interacting protein 4 (RIN4) family protein;(source:Araport11),RPM1-interacting protein 4 (RIN4) family protein
AT3G07520,2,2,0,1,protein_coding,glutamate receptor 1.4,member of Putative ligand-gated ion channel subunit family. Contains a functional cation - permeable pore domain. Involved in cellular cation homeostasis.,glutamate receptor 1.4;(source:Araport11),glutamate receptor 1.4
AT3G07650,1,1,0,4,protein_coding,CONSTANS-like 9,"This gene belongs to the CO (CONSTANS) gene family. This gene family is divided in three subgroups: groups III, to which COL9 belongs, is characterised by one B-box (supposed to regulate protein-protein interactions) and a second diverged zinc finger. COL9 downregulates expression of CO (CONSTANS) as well as FT and SOC1 which are known regulatory targets of CO. The mRNA is cell-to-cell mobile.",CONSTANS-like 9;(source:Araport11),CONSTANS-like 9
AT3G07700,2,2,0,4,protein_coding,Protein kinase superfamily protein,ABC1K7 is a member of an atypical protein kinase family that is induced by salt stress. Loss of function mutations affect the metabolic profile of chloroplast lipids. It appears to function along with ABC1K8 in mediating lipid membrane changes in response to stress.,Protein kinase superfamily protein;(source:Araport11),Protein kinase superfamily protein
AT3G07720,3,3,0,1,protein_coding,Galactose oxidase/kelch repeat superfamily protein,,Galactose oxidase/kelch repeat superfamily protein;(source:Araport11),Galactose oxidase/kelch repeat superfamily protein
AT3G07780,1,1,0,3,protein_coding,Protein of unknown function (DUF1423),Encodes a nuclear PHD finger protein that is functionally redundant with OBE2 and plays an important role in the maintenance and/or establishment of the root and shoot apical meristems. The mRNA is cell-to-cell mobile. | Encodes a nuclear PHD finger protein that is functionally redundant with OBE2 and plays an important role in the maintenance and/or establishment of the root and shoot apical meristems.The mRNA is cell-to-cell mobile.,potyvirus VPg interacting protein (DUF1423);(source:Araport11),Protein of unknown function (DUF1423)
AT3G08590,1,1,0,2,protein_coding,"Phosphoglycerate mutase, 2,3-bisphosphoglycerate-independent","Encodes a 2,3-biphosphoglycerate-independent phosphoglycerate mutase that is involved in pollen development and stomatal movement.","Phosphoglycerate mutase, 2,3-bisphosphoglycerate-independent;(source:Araport11)","Phosphoglycerate mutase, 2,3-bisphosphoglycerate-independent"
AT3G08690,1,1,0,2,protein_coding,ubiquitin-conjugating enzyme 11,,ubiquitin-conjugating enzyme 11;(source:Araport11),ubiquitin-conjugating enzyme 11
AT3G08710,1,1,0,3,protein_coding,thioredoxin H-type 9,"Associated to plasma membrane. Moves cell to cell, suggesting a role in intercellular communication. The redox reaction between oxidized AtGPX3 and reduced AtTRXh9 is realized through the forming and breaking of disulfide bonds via the active sites of Cys4 and Cys57 in AtTRXh9.",thioredoxin H-type 9;(source:Araport11),thioredoxin H-type 9
AT3G08720,2,2,0,4,protein_coding,serine/threonine protein kinase 2,"Encodes a ribosomal-protein S6 kinase. Gene expression is induced by cold and salt (NaCl).  Activation of AtS6k is regulated by 1-naphthylacetic acid and kinetin, at least in part, via a lipid kinase-dependent pathway. Phosphorylates specifically mammalian and plant S6 at 25 degrees C but not at 37 degrees C. Involved in translational up-regulation of ribosomal proteins.",serine/threonine protein kinase 2;(source:Araport11),serine/threonine protein kinase 2
AT3G08860,2,2,0,2,protein_coding,PYRIMIDINE 4,Encodes a protein that is predicted to have beta-alanine aminotransferase activity.,PYRIMIDINE 4;(source:Araport11),PYRIMIDINE 4
AT3G08870,1,1,0,2,protein_coding,Concanavalin A-like lectin protein kinase family protein,,Concanavalin A-like lectin protein kinase family protein;(source:Araport11),Concanavalin A-like lectin protein kinase family protein
AT3G08940,1,0,1,2,protein_coding,light harvesting complex photosystem II,"Lhcb4.2 protein (Lhcb4.2, protein involved in the light harvesting complex of photosystem II The mRNA is cell-to-cell mobile.",light harvesting complex photosystem II;(source:Araport11),light harvesting complex photosystem II
AT3G08970,3,3,0,2,protein_coding,DNAJ heat shock N-terminal domain-containing protein,"J domain protein localized in ER lumen. Can compensate for the growth defect in jem1 scj1 mutant yeast. Also shows similarity to HSP40 proteins and is induced by heat stress. At high temperatures, mutant alleles are not transmitted through the pollen due to defects in pollen tube growth.",DNAJ heat shock N-terminal domain-containing protein;(source:Araport11),DNAJ heat shock N-terminal domain-containing protein
AT3G09010,2,2,0,2,protein_coding,Protein kinase superfamily protein,,Protein kinase superfamily protein;(source:Araport11),Protein kinase superfamily protein
AT3G09270,1,1,0,1,protein_coding,glutathione S-transferase TAU 8,Encodes glutathione transferase belonging to the tau class of GSTs. Naming convention according to Wagner et al. (2002).,glutathione S-transferase TAU 8;(source:Araport11),glutathione S-transferase TAU 8
AT3G09350,1,1,0,4,protein_coding,Fes1A,"Encodes one of the Arabidopsis orthologs of the human Hsp70-binding protein 1 (HspBP-1) and yeast Fes1p: Fes1A (AT3G09350), Fes1B (AT3G53800), Fes1C (AT5G02150). Fes1A is cytosolic and associates with cytosolic Hsp70.  Mutants showed increased heat-sensitive phenotype suggestion the involvement of Fes1A in acquired thermotolerance.  Does not have nucleotide exchange factor activity in vitro.",Fes1A;(source:Araport11),Fes1A
AT3G09405,1,1,0,2,protein_coding,Pectinacetylesterase family protein,,Pectinacetylesterase family protein;(source:Araport11),Pectinacetylesterase family protein
AT3G09440,1,1,0,4,protein_coding,Heat shock protein 70 (Hsp 70) family protein,Heat shock protein 70 isoform.,Heat shock protein 70 (Hsp 70) family protein;(source:Araport11),Heat shock protein 70 (Hsp 70) family protein
AT3G09490,1,1,0,1,protein_coding,Tetratricopeptide repeat (TPR)-like superfamily protein,,Tetratricopeptide repeat (TPR)-like superfamily protein;(source:Araport11),Tetratricopeptide repeat (TPR)-like superfamily protein
AT3G09520,1,1,0,1,protein_coding,exocyst subunit exo70 family protein H4,"A member of EXO70 gene family, putative exocyst subunits, conserved in land plants. Arabidopsis thaliana contains 23 putative EXO70 genes, which can be classified into eight clusters on the phylogenetic tree.",exocyst subunit exo70 family protein H4;(source:Araport11),exocyst subunit exo70 family protein H4
AT3G09600,1,1,0,9,protein_coding,Homeodomain-like superfamily protein,Encodes a MYB-like transcription factor similar to CIRCADIAN CLOCK-ASSOCIATED1 (CCA1) and ELONGATED HYPOCOTYL (LHY). Involved in the regulation of circadian clock by modulating the pattern of histone 3 (H3) acetylation. Functions as a transcriptional activator of evening element containing clock genes. Involved in heat shock response.,Homeodomain-like superfamily protein;(source:Araport11),Homeodomain-like superfamily protein
AT3G09830,2,2,0,3,protein_coding,Protein kinase superfamily protein,Encodes a member of subfamily VIIa of the receptor-like cytoplasmic kinases (RLCKs).  It contributes to pattern-triggered immunity in response to P. syringae.,Protein kinase superfamily protein;(source:Araport11),Protein kinase superfamily protein
AT3G09840,1,1,0,1,protein_coding,cell division cycle 48,"Encodes a cell division cycle protein, a member of AAA-type ATPases gene family. Expressed throughout the plant in regions of cell division. Within the cell, sub-cellular localization varies depending on the stage of the cell cycle.Mutants in which the expression of CDC48A is altered show defects in cytokinesis, cell expansion and cell differentiation. The mRNA is cell-to-cell mobile.",cell division cycle 48;(source:Araport11),cell division cycle 48
AT3G09940,2,2,0,2,protein_coding,monodehydroascorbate reductase,Encodes a member of the monodehydroascorbate reductase gene family. Critical for a mutualistic symbiosis between the host Arabidopsis and the root colonizing fungus Piriformospora indica.,monodehydroascorbate reductase;(source:Araport11),monodehydroascorbate reductase
AT3G10320,1,1,0,1,protein_coding,Glycosyltransferase family 61 protein,MUCI21 is a GT61 protein required for the production of highly branched xylan in seed coat mucilage. MUCI21 likely decorates xylan with xylose side chains that seem to be necessary for pectin attachment to the seed surface.,Glycosyltransferase family 61 protein;(source:Araport11),Glycosyltransferase family 61 protein
AT3G10500,2,2,0,2,protein_coding,NAC domain containing protein 53,Encodes a transcriptional activator that is associated with the plasma membrane in a dormant form and is proteolytically cleaved to create a form that can enter the nucleus.  It is thought to promote ROS production by binding directly to the promoters of genes encoding ROS biosynthetic enzymes during drought-induced leaf senescence. The mRNA is cell-to-cell mobile. | Encodes a transcriptional activator that is associated with the plasma membrane in a dormant form and is proteolytically cleaved to create a form that can enter the nucleus.  It is thought to promote ROS production by binding directly to the promoters of genes encoding ROS biosynthetic enzymes during drought-induced leaf senescence.The mRNA is cell-to-cell mobile.,NAC domain containing protein 53;(source:Araport11),NAC domain containing protein 53
AT3G10640,1,1,0,2,protein_coding,SNF7 family protein,,SNF7 family protein;(source:Araport11),SNF7 family protein
AT3G10800,1,1,0,1,protein_coding,Basic-leucine zipper (bZIP) transcription factor family protein,"Encodes bZIP28, a putative membrane-tethered transcriptional factor. Up-regulated in response to heat; a bZIP28 null mutant has a heat-sensitive phenotype.  bZIP28 has a similar domain structure to the mammalian ATF6 protein involved in the unfolded protein response (UPR), and shares a bZIP domain, transmembrane domain, and a canonical S1P cleavage site. The bZIP28 seems to be glycosylated in vivo. bZIP28 does not appear to be transcriptionally up-regulated by UPR-inducing tunicamycin (TM) treatment. But, the expression level of three UPR-related genes is reduced in TM-treated zip28 mutants relative to wild type seedlings. And several UPR genes are transcriptionally upregulated when an N-terminal portion of the bZIP28 protein is expressed using the 35S promoter. A myc:bZIP28 fusion protein appears to be cleaved, likely at a canonical S2 cleavage site, following a TM treatment or a DTT stress-inducing treatment, but not a salt treatment. A portion of the  mGFP:bZIP28 protein present in root cells appears to translocate from the cytoplasm and ER to the nucleus following TM treatment. It is cleaved by S2P to allow translocation to the nucleus. The mRNA is cell-to-cell mobile.",Basic-leucine zipper (bZIP) transcription factor family protein;(source:Araport11),Basic-leucine zipper (bZIP) transcription factor family protein
AT3G10985,1,1,0,1,protein_coding,senescence associated gene 20,"A senescence-associated gene whose expression is induced in response to treatment with Nep1, a fungal protein that causes necrosis. The mRNA is cell-to-cell mobile.",senescence associated gene 20;(source:Araport11),senescence associated gene 20
AT3G11010,4,4,0,6,protein_coding,receptor like protein 34,,receptor like protein 34;(source:Araport11),receptor like protein 34
AT3G11020,2,2,0,1,protein_coding,DRE/CRT-binding protein 2B,encodes a member of the DREB subfamily A-2 of ERF/AP2 transcription factor family (DREB2B). The protein contains one AP2 domain. There are eight members in this subfamily including DREB2A.,DRE/CRT-binding protein 2B;(source:Araport11),DRE/CRT-binding protein 2B
AT3G11050,2,2,0,1,protein_coding,ferritin 2,,ferritin 2;(source:Araport11),ferritin 2
AT3G11080,1,1,0,2,protein_coding,receptor like protein 35,,receptor like protein 35;(source:Araport11),receptor like protein 35
AT3G11230,1,1,0,4,protein_coding,Yippee family putative zinc-binding protein,,Yippee family putative zinc-binding protein;(source:Araport11),Yippee family putative zinc-binding protein
AT3G11270,1,1,0,2,protein_coding,Mov34/MPN/PAD-1 family protein,,Mov34/MPN/PAD-1 family protein;(source:Araport11),Mov34/MPN/PAD-1 family protein
AT3G11340,1,1,0,1,protein_coding,UDP-Glycosyltransferase superfamily protein,Encodes a uridine diphosphate-dependent glucosyltransferase that conjugates isoleucic acid and modulates plant defense via glucosylation of N-hydroxypipecolic acid.,UDP-Glycosyltransferase superfamily protein;(source:Araport11),UDP-Glycosyltransferase superfamily protein
AT3G11580,1,1,0,5,protein_coding,AP2/B3-like transcriptional factor family protein,"SOD7 encodes nuclear localized B3 DNA binding domain and a transcriptional repression motif. Belongs to the RAV gene family. Functions in regulation of seed size and binds to and represses KLU. Transcription repressor involved in regulation of inflorescence architecture. Required for axillary meristem formation and acts by repression of CUC2/CUC3.Based on expression patterns, it is not required for stem cell specification during embryo shoot apical meristem initiation.",AP2/B3-like transcriptional factor family protein;(source:Araport11),AP2/B3-like transcriptional factor family protein
AT3G11820,2,2,0,2,protein_coding,syntaxin of plants 121,"Encodes a syntaxin localized at the plasma membrane. SYR1/PEN1 is a member of the SNARE superfamily and functions in positioning anchoring of the KAT1 K+ channel protein at the plasma membrane. Transcription is upregulated by abscisic acid, suggesting a role in ABA signaling.  Also functions in non-host resistance against barley powdery mildew. It is a nonessential component of the preinvasive resistance against Colletotrichum fungus. Required for mlo resistance. The syp121 point mutation results in stomatal phenotypes that reduce CO2 assimilation, slow vegetative growth and increase water use efficiency in the whole plant, conditional upon high light intensities and low relative humidity. The R20R21 motif of SYP121 are essential for SEC11 interaction. Mutation of the R20R21 motif blocks vesicle traffic without uncoupling the effects of SYP121 on solute and K+ uptake associated with the F9xRF motif; the mutation also mimicks the effects on traffic block observed on coexpression of the dominant negative SEC11?149 fragment.",syntaxin of plants 121;(source:Araport11),syntaxin of plants 121
AT3G11840,2,2,0,1,protein_coding,plant U-box 24,Encodes a U-box-domain-containing E3 ubiquitin ligase that acts as a negative regulator of PAMP-triggered immunity.,E3 ubiquitin-protein ligase PUB24-like protein;(source:Araport11),plant U-box 24
AT3G12220,1,1,0,3,protein_coding,serine carboxypeptidase-like 16,,serine carboxypeptidase-like 16;(source:Araport11),serine carboxypeptidase-like 16
AT3G12500,1,1,0,1,protein_coding,basic chitinase,encodes a basic chitinase involved in ethylene/jasmonic acid mediated signalling pathway during systemic acquired resistance based on expression analyses.,basic chitinase;(source:Araport11),basic chitinase
AT3G12580,5,5,0,1,protein_coding,heat shock protein 70,Cytoplasmically localized member of the heat shock protein 70 family. Forms complex(heat shock granule) with J3. Mutants are heat sensitive and show increased accummulation of insoluble proteins suggesting a role in thermotolerance.,heat shock protein 70;(source:Araport11),heat shock protein 70
AT3G12740,1,1,0,1,protein_coding,ALA-interacting subunit 1,"Physically interacts with ALA3, and is required for the phospholipid translocase activity of ALA3. The mRNA is cell-to-cell mobile.",ALA-interacting subunit 1;(source:Araport11),ALA-interacting subunit 1
AT3G12830,1,1,0,1,protein_coding,SAUR-like auxin-responsive protein family,,SAUR-like auxin-responsive protein family;(source:Araport11),SAUR-like auxin-responsive protein family
AT3G13050,1,1,0,4,protein_coding,Major facilitator superfamily protein,Encodes a plant nicotinate transporter than can also transport trigonelline (N-methylnicotinate).,Major facilitator superfamily protein;(source:Araport11),Major facilitator superfamily protein
AT3G13080,3,3,0,5,protein_coding,multidrug resistance-associated protein 3,encodes an ATP-dependent MRP-like ABC transporter able to transport glutathione-conjugates as well as chlorophyll catabolites.  The expression of this gene is upregulated by herbicide safeners such as benoxacor and fenclorim.,multidrug resistance-associated protein 3;(source:Araport11),multidrug resistance-associated protein 3
AT3G13100,4,4,0,2,protein_coding,multidrug resistance-associated protein 7,member of MRP subfamily,multidrug resistance-associated protein 7;(source:Araport11),multidrug resistance-associated protein 7
AT3G13235,1,1,0,3,protein_coding,ubiquitin family protein,,ubiquitin family protein;(source:Araport11),ubiquitin family protein
AT3G13330,3,3,0,1,protein_coding,proteasome activating protein 200,"Encodes a protein that interacts with the 26S proteasome.  Mutants are phenotypically indistinguishable from wild type plants under a variety of growth conditions.  Protein levels increase upon exposure of seedlings to MG132, a specific, potent, reversible, and cell-permeable proteasome inhibitor.",proteasome activating protein 200;(source:Araport11),proteasome activating protein 200
AT3G13380,4,4,0,1,protein_coding,BRI1-like 3,"Similar to BRI, brassinosteroid receptor protein.",BRI1-like 3;(source:Araport11),BRI1-like 3
AT3G13610,1,1,0,1,protein_coding,2-oxoglutarate (2OG) and Fe(II)-dependent oxygenase superfamily protein,Encodes a Fe(II)- and 2-oxoglutarate-dependent dioxygenase family gene F6'H1. Mutations in this gene compromise iron uptake and the production of fluorescent phenolics involved in Fe uptake. The mRNA is cell-to-cell mobile.,2-oxoglutarate (2OG) and Fe(II)-dependent oxygenase superfamily protein;(source:Araport11),2-oxoglutarate (2OG) and Fe(II)-dependent oxygenase superfamily protein
AT3G13784,3,3,0,4,protein_coding,cell wall invertase 5,Cell wall invertase; involved in pollen tube growth.,cell wall invertase 5;(source:Araport11),cell wall invertase 5
AT3G13790,1,1,0,5,protein_coding,Glycosyl hydrolases family 32 protein,Encodes a protein with invertase activity. Cell wall invertase; involved in pollen development and pollen tube growth.,Glycosyl hydrolases family 32 protein;(source:Araport11),Glycosyl hydrolases family 32 protein
AT3G13810,1,1,0,6,protein_coding,indeterminate(ID)-domain 11,,indeterminate(ID)-domain 11;(source:Araport11),indeterminate(ID)-domain 11
AT3G13910,1,1,0,2,protein_coding,Protein of unknown function (DUF3511),,hypothetical protein (DUF3511);(source:Araport11),Protein of unknown function (DUF3511)
AT3G13950,4,4,0,1,protein_coding,,,ankyrin;(source:Araport11),ankyrin;(source:Araport11)
AT3G14050,4,4,0,1,protein_coding,RELA/SPOT homolog 2,Involved in the maintenance of the (p)ppGp level to accustom plastidial gene expression to darkness.,RELA/SPOT homolog 2;(source:Araport11),RELA/SPOT homolog 2
AT3G14060,1,1,0,1,protein_coding,,,hypothetical protein;(source:Araport11),hypothetical protein;(source:Araport11)
AT3G14280,1,1,0,1,protein_coding,,,LL-diaminopimelate aminotransferase;(source:Araport11),LL-diaminopimelate aminotransferase;(source:Araport11)
AT3G14360,2,2,0,1,protein_coding,alpha/beta-Hydrolases superfamily protein,Lipid droplet-associated triacylglycerol lipase (TAG) involved in pollen tube growth. TAG is possibly a direct precursor for the synthesis of membrane lipids in pollen tubes.,alpha/beta-Hydrolases superfamily protein;(source:Araport11),alpha/beta-Hydrolases superfamily protein
AT3G14620,3,3,0,1,protein_coding,"cytochrome P450, family 72, subfamily A, polypeptide 8",putative cytochrome P450 The mRNA is cell-to-cell mobile.,"cytochrome P450, family 72, subfamily A, polypeptide 8;(source:Araport11)","cytochrome P450, family 72, subfamily A, polypeptide 8"
AT3G14990,3,3,0,3,protein_coding,Class I glutamine amidotransferase-like superfamily protein,"Encodes a homolog of animal DJ-1 superfamily protein.  In the A. thaliana genome, three genes encoding close homologs of human DJ-1 were identified AT3G14990 (DJ1A), AT1G53280 (DJ1B) and AT4G34020 (DJ1C).  Among the three homologs, DJ1C is essential for chloroplast development and viability.  It exhibits glyoxalase activity towards glyoxal and methylglyoxal. The mRNA is cell-to-cell mobile.",Class I glutamine amidotransferase-like superfamily protein;(source:Araport11),Class I glutamine amidotransferase-like superfamily protein
AT3G15353,1,0,1,2,protein_coding,metallothionein 3,"metallothionein, binds to and detoxifies excess copper and other metals, limiting oxidative damage",metallothionein 3;(source:Araport11),metallothionein 3
AT3G15356,1,1,0,1,protein_coding,Legume lectin family protein,,Legume lectin family protein;(source:Araport11),Legume lectin family protein
AT3G15450,1,0,1,3,protein_coding,Aluminium induced protein with YGL and LRDR motifs,,aluminum induced protein with YGL and LRDR motifs;(source:Araport11),Aluminium induced protein with YGL and LRDR motifs
AT3G15500,1,1,0,1,protein_coding,NAC domain containing protein 3,"Encodes an ATAF-like NAC-domain transcription factor that doesn't contain C-terminal sequences shared by CUC1, CUC2 and NAM. Note: this protein (AtNAC3) is not to be confused with the protein encoded by locus AT3G29035, which, on occasion, has also been referred to as AtNAC3. The mRNA is cell-to-cell mobile.",NAC domain containing protein 3;(source:Araport11),NAC domain containing protein 3
AT3G15536,1,1,0,1,other_rna,,Unknown gene The mRNA is cell-to-cell mobile.,other_RNA;(source:Araport11),Unknown gene The mRNA is cell-to-cell mobile.
AT3G15670,4,4,0,1,protein_coding,Late embryogenesis abundant protein (LEA) family protein,,Late embryogenesis abundant protein (LEA) family protein;(source:Araport11),Late embryogenesis abundant protein (LEA) family protein
AT3G15720,1,1,0,4,protein_coding,Pectin lyase-like superfamily protein,,Pectin lyase-like superfamily protein;(source:Araport11),Pectin lyase-like superfamily protein
AT3G15980,1,1,0,7,protein_coding,"Coatomer, beta' subunit",Part of Coat Protein Complexes (COPs).The presence of &#946;?1-COP and &#946;?2-COP is required for female and male gametophyte development.,"Coatomer, beta subunit;(source:Araport11)","Coatomer, beta' subunit"
AT3G16030,1,1,0,8,protein_coding,lectin protein kinase family protein,,lectin protein kinase family protein;(source:Araport11),lectin protein kinase family protein
AT3G16240,1,0,1,1,protein_coding,delta tonoplast integral protein,"Delta tonoplast intrinsic protein, functions as a water channel and ammonium (NH3) transporter. Highly expressed in flower, shoot, and stem. Expression shows diurnal regulation and is induced by ammonium (NH3). Protein localized to vacuolar membrane. The mRNA is cell-to-cell mobile.",delta tonoplast integral protein;(source:Araport11),delta tonoplast integral protein
AT3G16360,1,1,0,2,protein_coding,HPT phosphotransmitter 4,"Encodes AHP4, a histidine-containing phosphotransmitter involved in Histidine (His)-to-Aspartate (Asp) phosphorelay signal transduction. AHP4 is one of the six Arabidopsis thaliana histidine phosphotransfer proteins (AHPs).  AHPs function as redundant positive regulators of cytokinin signaling.  Members of the AHP gene family include: AT3G21510 (AHP1), AT3G29350 (AHP2), AT5G39340 (AHP3), AT3G16360 (AHP4), AT1G03430 (AHP5) and AT1G80100 (AHP6).",HPT phosphotransmitter 4;(source:Araport11),HPT phosphotransmitter 4
AT3G16410,2,0,2,1,protein_coding,nitrile specifier protein 4,"Encodes a nitrile-specifier protein NSP4. NSP4 is one out of five (At3g16400/NSP1, At2g33070/NSP2, At3g16390/NSP3, At3g16410/NSP4 and At5g48180/NSP5) A. thaliana epithiospecifier protein (ESP) homologues that promote simple nitrile, but not epithionitrile or thiocyanate formation. The mRNA is cell-to-cell mobile.",nitrile specifier protein 4;(source:Araport11),nitrile specifier protein 4
AT3G16470,1,1,0,4,protein_coding,Mannose-binding lectin superfamily protein,Encodes a JA-responsive gene that coordinates with GRP7 in shaping plant development through the regulation of RNA processing in Arabidopsis. AtJAC1 interacts with RNA binding protein GRP7 specifically in the cytoplasm to regulate its nucleocytoplasmic distribution.,Mannose-binding lectin superfamily protein;(source:Araport11),Mannose-binding lectin superfamily protein
AT3G16530,1,1,0,1,protein_coding,Legume lectin family protein,Lectin like protein whose expression is induced upon treatment with chitin oligomers.,Legume lectin family protein;(source:Araport11),Legume lectin family protein
AT3G16565,1,1,0,6,protein_coding,"alanine-tRNA ligases;nucleic acid binding;ligases, forming aminoacyl-tRNA and related compounds;nucleotide binding;ATP binding",,threonyl and alanyl tRNA synthetase second additional domain-containing protein;(source:Araport11),"alanine-tRNA ligases;nucleic acid binding;ligases, forming aminoacyl-tRNA and related compounds;nucleotide binding;ATP binding"
AT3G16660,1,1,0,2,protein_coding,Pollen Ole e 1 allergen and extensin family protein,,Pollen Ole e 1 allergen and extensin family protein;(source:Araport11),Pollen Ole e 1 allergen and extensin family protein
AT3G16670,2,0,2,1,protein_coding,Pollen Ole e 1 allergen and extensin family protein,,Pollen Ole e 1 allergen and extensin family protein;(source:Araport11),Pollen Ole e 1 allergen and extensin family protein
AT3G16720,2,2,0,1,protein_coding,TOXICOS EN LEVADURA 2,RING-H2 protein induced after exposure to chitin or inactivated crude cellulase preparations. The mRNA is cell-to-cell mobile.,TOXICOS EN LEVADURA 2;(source:Araport11),TOXICOS EN LEVADURA 2
AT3G16990,5,5,0,1,protein_coding,"Haem oxygenase-like, multi-helical",,"heme oxygenase-like, multi-helical;(source:Araport11)","Haem oxygenase-like, multi-helical"
AT3G17520,1,0,1,1,protein_coding,Late embryogenesis abundant protein (LEA) family protein,,Late embryogenesis abundant protein (LEA) family protein;(source:Araport11),Late embryogenesis abundant protein (LEA) family protein
AT3G17611,1,1,0,3,protein_coding,RHOMBOID-like protein 14,,RHOMBOID-like protein 14;(source:Araport11),RHOMBOID-like protein 14
AT3G17700,2,2,0,2,protein_coding,cyclic nucleotide-binding transporter 1,"cyclic nucleotide-binding transporter 1, member of a family  of cyclic nucleotide gated channels. The mRNA is cell-to-cell mobile. | cyclic nucleotide-binding transporter 1, member of a family  of cyclic nucleotide gated channels.The mRNA is cell-to-cell mobile.",cyclic nucleotide-binding transporter 1;(source:Araport11),cyclic nucleotide-binding transporter 1
AT3G17790,1,1,0,1,protein_coding,purple acid phosphatase 17,Expression is upregulated in the shoot of cax1/cax3 mutant and is responsive to phosphate (Pi) and not phosphite (Phi) in roots and shoots.,purple acid phosphatase 17;(source:Araport11),purple acid phosphatase 17
AT3G18250,1,1,0,1,protein_coding,Putative membrane lipoprotein,,Putative membrane lipoprotein;(source:Araport11),Putative membrane lipoprotein
AT3G18485,1,1,0,1,protein_coding,iaa-leucine resistant 2,"Encodes a novel protein with no predicted membrane-spanning domains that is polymorphic among Arabidopsis accessions.  The protein may modulate a metal transporter. Mutants are resistant to IAA-Leu, IAA-Phe, and the divalent metals cobalt and manganese but remain sensitive to free IAA; they are defective in lateral root formation and primary root elongation.",iaa-leucine resistant 2;(source:Araport11),iaa-leucine resistant 2
AT3G18690,1,1,0,1,protein_coding,MAP kinase substrate 1,Encodes a nuclear-localized member of a plant specific gene family involved in mediating responses to pathogens. Interacts with WRKY transcriptional regulators.,MAP kinase substrate 1;(source:Araport11),MAP kinase substrate 1
AT3G18830,2,2,0,1,protein_coding,polyol/monosaccharide transporter 5,"This gene encodes a plasma membrane-localized polyol/cyclitol/monosaccharide-H+-symporter. The symporter is able to catalyze the energy-dependent membrane passage of a wide range of linear polyols (three to six carbon backbone), of cyclic polyols (<i>myo</i>-inositol), and of numerous monosaccharides, including pyranose ring-forming and furanose ring-forming hexoses and pentoses. This gene belongs to a monosaccharide transporter-like (MST-like) superfamily.",polyol/monosaccharide transporter 5;(source:Araport11),polyol/monosaccharide transporter 5
AT3G19010,4,4,0,4,protein_coding,2-oxoglutarate (2OG) and Fe(II)-dependent oxygenase superfamily protein,,2-oxoglutarate (2OG) and Fe(II)-dependent oxygenase superfamily protein;(source:Araport11),2-oxoglutarate (2OG) and Fe(II)-dependent oxygenase superfamily protein
AT3G19150,1,1,0,3,protein_coding,KIP-related protein 6,"Kip-related protein (KRP) gene, encodes CDK (cyclin-dependent kinase) inhibitor (CKI), negative regulator of cell division.  Binds to D type cyclins. A member of seven KRP genes found in Arabidopsis thaliana. Differential expression patterns for distinct KRPs were revealed by in situ hybridization. KRP6 appears to be targeted for degradation by RHF1a and RHF2a to allow mitotic divisions during gametogenesis. In addition, KRP6 transcript levels rise prior to and drop following the meitotic divisions of gametogenesis. Elevated levels of KRP6 negatively affect plant development and fertility.",KIP-related protein 6;(source:Araport11),KIP-related protein 6
AT3G19240,1,1,0,1,protein_coding,"Vacuolar import/degradation, Vid27-related protein","Together with DEM1 plays an essential role in cell division in plants, most likely through an interaction with RAN1.","Vacuolar import/degradation, Vid27-related protein;(source:Araport11)","Vacuolar import/degradation, Vid27-related protein"
AT3G19520,1,1,0,4,protein_coding,Protein of unknown function (DUF626),,hypothetical protein (DUF626);(source:Araport11),Protein of unknown function (DUF626)
AT3G19580,1,1,0,2,protein_coding,zinc-finger protein 2,"Encodes zinc finger protein. mRNA levels are upregulated in response to ABA, high salt, and mild desiccation. The protein is localized to the nucleus and acts as a transcriptional repressor.",zinc-finger protein 2;(source:Araport11),zinc-finger protein 2
AT3G19930,1,1,0,2,protein_coding,sugar transporter 4,Encodes a sucrose hydrogen symporter that is induced by wounding. The mRNA is cell-to-cell mobile. | Encodes a sucrose hydrogen symporter that is induced by wounding.The mRNA is cell-to-cell mobile.,sugar transporter 4;(source:Araport11),sugar transporter 4
AT3G19970,2,2,0,5,protein_coding,alpha/beta-Hydrolases superfamily protein,,alpha/beta-Hydrolases superfamily protein;(source:Araport11),alpha/beta-Hydrolases superfamily protein
AT3G20250,2,2,0,3,protein_coding,pumilio 5,"Encodes a member of the Arabidopsis Pumilio (APUM) proteins containing PUF domain (eight repeats of approximately 36 amino acids each). PUF proteins regulate both mRNA stability and translation through sequence-specific binding to the 3' UTR of target mRNA transcripts. APUM5 is involved in susceptibility to CMV and is not required for bacterial or fungal pathogen resistance although its expression is induced upon bacterial and fungal infection. It is involved in the osmotic, salt, and drought stress responses. | Encodes a member of the Arabidopsis Pumilio (APUM) proteins containing PUF domain (eight repeats of approximately 36 amino acids each). PUF proteins regulate both mRNA stability and translation through sequence-specific binding to the 3 Prime UTR of target mRNA transcripts. APUM5 is involved in susceptibility to CMV and is not required for bacterial or fungal pathogen resistance although its expression is induced upon bacterial and fungal infection. It is involved in the osmotic, salt, and drought stress responses.",pumilio 5;(source:Araport11),pumilio 5
AT3G20510,1,1,0,1,protein_coding,Transmembrane proteins 14C,Encodes a member of the Tmemb_14 family that is predicted to be localized to the membranes of the secretory pathway. The mRNA is cell-to-cell mobile.,Transmembrane proteins 14C;(source:Araport11),Transmembrane proteins 14C
AT3G20600,1,1,0,1,protein_coding,Late embryogenesis abundant (LEA) hydroxyproline-rich glycoprotein family,Required for non-race specific resistance to bacterial and fungal pathogens.Mediates systemic acquired resistance (SAR) response. The mRNA is cell-to-cell mobile.,Late embryogenesis abundant (LEA) hydroxyproline-rich glycoprotein family;(source:Araport11),Late embryogenesis abundant (LEA) hydroxyproline-rich glycoprotein family
AT3G21150,1,1,0,1,protein_coding,B-box 32,Encodes a protein with a B-box domain predicted to act as a transcription factor. Expression of the BBX32 gene is affected by monochromatic red light. Genetic analysis shows BBX32 is under circadian control; it is a morning gene under clock regulation.,B-box 32;(source:Araport11),B-box 32
AT3G21220,2,2,0,2,protein_coding,MAP kinase kinase 5,"Encodes a mitogen-activated kinase kinase, dual specific protein kinase that is expressed in vegetative tissues and floral buds. Involved in innate immunity. This protein activates MPK3/MPK6 and early-defense genes redundantly with MKK4. In plants with both MKK5 and MKK4 levels reduced by RNAi plants, floral organs do not abscise suggesting a role for both proteins in mediating floral organ abscission.MKK5 is part of a positive feedback loop that regulates HAE expression in floral receptacles.",MAP kinase kinase 5;(source:Araport11),MAP kinase kinase 5
AT3G21230,1,1,0,4,protein_coding,4-coumarate:CoA ligase 5,"The gene encodes a 4-coumarate coenzyme A ligase being able to use sinapate as substrate. The catalytic efficiency was in the following (descending) order:  p-coumaric acid, caffeic acid, 5-OH-ferulic acid, ferulic acid and sinapic acid. At4CL5 was unable to use cinnamic acid as substrate. Knockout of At4CL5 (4cl5) revealed no effect on syringyl lignin content indicating that the activity observed does probably not occur in vivo.",4-coumarate:CoA ligase 5;(source:Araport11),4-coumarate:CoA ligase 5
AT3G21520,1,1,0,1,protein_coding,DUF679 domain membrane protein 1,Encodes a protein is directly or indirectly involved in membrane fission during breakdown of the ER and the tonoplast during leaf senescence and in membrane fusion during vacuole biogenesis in roots. The mRNA is cell-to-cell mobile.,"transmembrane protein, putative (DUF679 domain membrane protein 1);(source:Araport11)",DUF679 domain membrane protein 1
AT3G21530,1,1,0,4,protein_coding,DNAse I-like superfamily protein,,DNAse I-like superfamily protein;(source:Araport11),DNAse I-like superfamily protein
AT3G21630,1,1,0,1,protein_coding,chitin elicitor receptor kinase 1,"LysM receptor-like kinase, based on protein sequence alignment analysis, it has a typical RD signaling domain in its catalytic loop and possesses autophosphorylation activity. Involved in the perception and transduction of the chitin oligosaccharide elicitor. Located in the plasma membrane. CERK1 phosphorylates LIK1, a LLR-RLK that is involved in innate immunity,",chitin elicitor receptor kinase 1;(source:Araport11),chitin elicitor receptor kinase 1
AT3G21690,1,1,0,1,protein_coding,MATE efflux family protein,,MATE efflux family protein;(source:Araport11),MATE efflux family protein
AT3G21750,1,1,0,1,protein_coding,UDP-glucosyl transferase 71B1,Encodes a glucosyltransferase that can attach glucose to a number of hydroxylated phenolic compounds as well as quercetins in vitro,UDP-glucosyl transferase 71B1;(source:Araport11),UDP-glucosyl transferase 71B1
AT3G21810,1,1,0,2,protein_coding,Zinc finger C-x8-C-x5-C-x3-H type family protein,,Zinc finger C-x8-C-x5-C-x3-H type family protein;(source:Araport11),Zinc finger C-x8-C-x5-C-x3-H type family protein
AT3G22160,3,3,0,1,protein_coding,VQ motif-containing protein,VQ motif-containing protein. JAV1 is a repressor of jasmonate-mediated defense responses.,VQ motif-containing protein;(source:Araport11),VQ motif-containing protein
AT3G22231,5,5,0,1,protein_coding,pathogen and circadian controlled 1,Encodes a member of a novel 6 member Arabidopsis gene family.  Expression of PCC1 is regulated by the circadian clock and is upregulated in response to both virulent and avirulent strains of Pseudomonas syringae pv. tomato.,pathogen and circadian controlled 1;(source:Araport11),pathogen and circadian controlled 1
AT3G22235,6,6,0,2,protein_coding,,,cysteine-rich TM module stress tolerance protein;(source:Araport11),cysteine-rich TM module stress tolerance protein;(source:Araport11)
AT3G22370,3,3,0,1,protein_coding,alternative oxidase 1A,"Encodes AOX1a, an isoform of alternative oxidase that is expressed in rosettes, flowers, and root. The alternative oxidase of plant mitochondria transfers electrons from the ubiquinone pool to oxygen without energy conservations.  It is regulated through transcriptional control and by pyruvate.  Plays a role in shoot acclimation to low temperature.  Also is capable of ameliorating reactive oxygen species production when the cytochrome pathway is inhibited.  AOX1a also functions as a marker for mitochondrial retrograde response. The mRNA is cell-to-cell mobile.",alternative oxidase 1A;(source:Araport11),alternative oxidase 1A
AT3G22550,1,1,0,1,protein_coding,Protein of unknown function (DUF581),Enhances SnRK1 signaling and bridges the SnRK1-RAPTOR1B association; sugar-TOR signaling promotes the level of FLZ8 through histone modifications. Loss of FLZ8 leads to TOR hyperactivation and enhanced stress sensitivity.,"NAD(P)H-quinone oxidoreductase subunit, putative (DUF581);(source:Araport11)",Protein of unknown function (DUF581)
AT3G22600,5,5,0,1,protein_coding,Bifunctional inhibitor/lipid-transfer protein/seed storage 2S albumin superfamily protein,"Glycosylphosphatidylinositol (GPI)-anchored LTPg protein, downregulated in syncytia induced by the beet cyst nematode Heterodera schachtii and root knot nematode Meloidogyne incognita. Infection with bacteria (Pseudomonas syringae) and fungi (Botrytis cinerea) leads to the induction of the gene in leaves.",Bifunctional inhibitor/lipid-transfer protein/seed storage 2S albumin superfamily protein;(source:Araport11),Bifunctional inhibitor/lipid-transfer protein/seed storage 2S albumin superfamily protein
AT3G22620,1,1,0,1,protein_coding,Bifunctional inhibitor/lipid-transfer protein/seed storage 2S albumin superfamily protein,,Bifunctional inhibitor/lipid-transfer protein/seed storage 2S albumin superfamily protein;(source:Araport11),Bifunctional inhibitor/lipid-transfer protein/seed storage 2S albumin superfamily protein
AT3G22630,1,1,0,1,protein_coding,20S proteasome beta subunit D1,Encodes 20S proteasome beta subunit PBD1 (PBD1).,20S proteasome beta subunit D1;(source:Araport11),20S proteasome beta subunit D1
AT3G22840,3,3,0,1,protein_coding,Chlorophyll A-B binding family protein,Encodes an early light-inducible protein.,Chlorophyll A-B binding family protein;(source:Araport11),Chlorophyll A-B binding family protein
AT3G22910,3,3,0,1,protein_coding,ATPase E1-E2 type family protein / haloacid dehalogenase-like hydrolase family protein,,ATPase E1-E2 type family protein / haloacid dehalogenase-like hydrolase family protein;(source:Araport11),ATPase E1-E2 type family protein / haloacid dehalogenase-like hydrolase family protein
AT3G23010,1,1,0,2,protein_coding,receptor like protein 36,,receptor like protein 36;(source:Araport11),receptor like protein 36
AT3G23120,4,4,0,1,protein_coding,receptor like protein 38,receptor-like protein,receptor like protein 38;(source:Araport11),receptor like protein 38
AT3G23550,1,1,0,1,protein_coding,MATE efflux family protein,,MATE efflux family protein;(source:Araport11),MATE efflux family protein
AT3G23790,1,1,0,1,protein_coding,AMP-dependent synthetase and ligase family protein,AMP-dependent synthetase and ligase family protein involved in fatty acid biosynthesis.,AMP-dependent synthetase and ligase family protein;(source:Araport11),AMP-dependent synthetase and ligase family protein
AT3G24090,1,1,0,1,protein_coding,glutamine-fructose-6-phosphate transaminase (isomerizing)s;sugar binding;transaminases,Encodes a glutamine-fructose-6-phosphate transaminase that likely plays a role in UDP-N-acetylglucosamine biosynthesis.,putative glucosamine-fructose-6-phosphate aminotransferase;(source:Araport11),glutamine-fructose-6-phosphate transaminase (isomerizing)s;sugar binding;transaminases
AT3G24180,1,1,0,2,protein_coding,"Beta-glucosidase, GBA2 type family protein",,"Beta-glucosidase, GBA2 type family protein;(source:Araport11)","Beta-glucosidase, GBA2 type family protein"
AT3G24460,1,1,0,2,protein_coding,Serinc-domain containing serine and sphingolipid biosynthesis protein,,Serinc-domain containing serine and sphingolipid biosynthesis protein;(source:Araport11),Serinc-domain containing serine and sphingolipid biosynthesis protein
AT3G24500,4,4,0,2,protein_coding,multiprotein bridging factor 1C,"One of three genes in A. thaliana encoding multiprotein bridging factor 1, a highly conserved transcriptional coactivator.  May serve as a bridging factor between a bZIP factor and TBP.  Its expression is specifically elevated in response to pathogen infection, salinity, drought, heat, hydrogen peroxide, and application of abscisic acid or salicylic acid.  Constitutive expression enhances the tolerance of transgenic plants to various biotic and abiotic stresses.",multiprotein bridging factor 1C;(source:Araport11),multiprotein bridging factor 1C
AT3G24900,2,2,0,2,protein_coding,receptor like protein 39,,receptor like protein 39;(source:Araport11),receptor like protein 39
AT3G24982,2,2,0,1,protein_coding,receptor like protein 40,,receptor like protein 40;(source:Araport11),receptor like protein 40
AT3G25010,5,5,0,2,protein_coding,receptor like protein 41,,receptor like protein 41;(source:Araport11),receptor like protein 41
AT3G25020,3,3,0,1,protein_coding,receptor like protein 42,,receptor like protein 42;(source:Araport11),receptor like protein 42
AT3G25190,1,1,0,1,protein_coding,Vacuolar iron transporter (VIT) family protein,The gene encodes nodulin-like21 whose transcript abundance was repressed under conditions of Fe-deficient growth.,Vacuolar iron transporter (VIT) family protein;(source:Araport11),Vacuolar iron transporter (VIT) family protein
AT3G25510,1,1,0,2,protein_coding,"disease resistance protein (TIR-NBS-LRR class), putative",,disease resistance protein (TIR-NBS-LRR class) family protein;(source:Araport11),"disease resistance protein (TIR-NBS-LRR class), putative"
AT3G25610,3,3,0,1,protein_coding,ATPase E1-E2 type family protein / haloacid dehalogenase-like hydrolase family protein,"Encodes aminophospholipid ATPase10 (ALA10), a P4-type ATPase flippase that internalizes exogenous phospholipids across the plasma membrane.",ATPase E1-E2 type family protein / haloacid dehalogenase-like hydrolase family protein;(source:Araport11),ATPase E1-E2 type family protein / haloacid dehalogenase-like hydrolase family protein
AT3G25780,2,2,0,1,protein_coding,allene oxide cyclase 3,"Encodes allene oxide cyclase, one of the enzymes involved in jasmonic acid biosynthesis.  One of four genes in Arabidopsis that encode this enzyme.  mRNA expression is upregulated in senescing leaves.  Note: Nomenclature for Arabidopsis allene oxide cyclase 3 (AOC3, AT3G25780) gene is based on Stenzel et al. 2003 Plant Molecular Biology 51:895-911. AOC3 (AT3G25780) is also referred to as AOC2 in He et al. 2002 Plant Physiology, 128:876-884. The mRNA is cell-to-cell mobile.",allene oxide cyclase 3;(source:Araport11),allene oxide cyclase 3
AT3G25882,3,3,0,1,protein_coding,NIM1-interacting 2,encodes a kinase that physically interacts with NPR1/NIM1,NIM1-interacting 2;(source:Araport11),NIM1-interacting 2
AT3G26090,1,1,0,2,protein_coding,G-protein coupled receptors;GTPase activators,"Encodes AtRGS1, a putative membrane receptor for D-glucose.  Also functions as a regulator of G-protein signaling.  Has GTPase-accelerating activity.  Regulates the activity of AtGPA1. Lines over-expressing the gene are more tolerant to dehydration and root elongation. These phenotypes are dependent on ABA.  Nuclear localization of the protein is dependent on ABA. RGS1 endocytosis is induced by JA which promotes its dissociation from GPA1.",REGULATOR OF G-PROTEIN SIGNALING 1;(source:Araport11),G-protein coupled receptors;GTPase activators
AT3G26170,1,1,0,1,protein_coding,"cytochrome P450, family 71, subfamily B, polypeptide 19",putative cytochrome P450,"cytochrome P450, family 71, subfamily B, polypeptide 19;(source:Araport11)","cytochrome P450, family 71, subfamily B, polypeptide 19"
AT3G26200,1,0,1,1,protein_coding,"cytochrome P450, family 71, subfamily B, polypeptide 22",putative cytochrome P450 The mRNA is cell-to-cell mobile.,"cytochrome P450, family 71, subfamily B, polypeptide 22;(source:Araport11)","cytochrome P450, family 71, subfamily B, polypeptide 22"
AT3G26210,4,4,0,1,protein_coding,"cytochrome P450, family 71, subfamily B, polypeptide 23",putative cytochrome P450 The mRNA is cell-to-cell mobile.,"cytochrome P450, family 71, subfamily B, polypeptide 23;(source:Araport11)","cytochrome P450, family 71, subfamily B, polypeptide 23"
AT3G26220,3,3,0,1,protein_coding,"cytochrome P450, family 71, subfamily B, polypeptide 3",cytochrome P450 monooxygenase,"cytochrome P450, family 71, subfamily B, polypeptide 3;(source:Araport11)","cytochrome P450, family 71, subfamily B, polypeptide 3"
AT3G26230,1,1,0,1,protein_coding,"cytochrome P450, family 71, subfamily B, polypeptide 24",putative cytochrome P450,"cytochrome P450, family 71, subfamily B, polypeptide 24;(source:Araport11)","cytochrome P450, family 71, subfamily B, polypeptide 24"
AT3G26340,1,1,0,1,protein_coding,N-terminal nucleophile aminohydrolases (Ntn hydrolases) superfamily protein,,N-terminal nucleophile aminohydrolases (Ntn hydrolases) superfamily protein;(source:Araport11),N-terminal nucleophile aminohydrolases (Ntn hydrolases) superfamily protein
AT3G26440,4,4,0,6,protein_coding,Protein of unknown function (DUF707),,"transmembrane protein, putative (DUF707);(source:Araport11)",Protein of unknown function (DUF707)
AT3G26520,1,0,1,1,protein_coding,tonoplast intrinsic protein 2,gamma tonoplast intrinsic protein 2 (TIP2). expressed throughout the plant and transcript level is increased upon NaCl or ABA treatments. NaCl stress-sensitive yeast mutant strains exhibit more resistance to salt when expressing this protein.,tonoplast intrinsic protein 2;(source:Araport11),tonoplast intrinsic protein 2
AT3G26600,2,2,0,2,protein_coding,armadillo repeat only 4,"Armadillo repeat protein. One of a family of four in Arabidopsis. Expressed in vegetative tissues, anthers and ovules.",armadillo repeat only 4;(source:Araport11),armadillo repeat only 4
AT3G26830,7,7,0,1,protein_coding,Cytochrome P450 superfamily protein,Mutations in pad3 are defective in biosynthesis of the indole derived phytoalexin camalexin. Encodes a cytochrome P450 enzyme that catalyzes the conversion of dihydrocamalexic acid to camalexin. The mRNA is cell-to-cell mobile.,Cytochrome P450 superfamily protein;(source:Araport11),Cytochrome P450 superfamily protein
AT3G26840,1,1,0,1,protein_coding,Esterase/lipase/thioesterase family protein,"Encodes a protein with phytyl ester synthesis and diacylglycerol acyltransferase activities that is involved in the deposition of free phytol and free fatty acids in the form of phytyl esters in chloroplasts, a process involved in maintaining the integrity of the photosynthetic membrane during abiotic stress and senescence.",Esterase/lipase/thioesterase family protein;(source:Araport11),Esterase/lipase/thioesterase family protein
AT3G26910,2,2,0,3,protein_coding,hydroxyproline-rich glycoprotein family protein,,hydroxyproline-rich glycoprotein family protein;(source:Araport11),hydroxyproline-rich glycoprotein family protein
AT3G27000,1,1,0,1,protein_coding,actin related protein 2,encodes a protein whose sequence is similar to actin-related proteins (ARPs) in other organisms. its transcript level is down regulated by light and is expressed in very low levels in all organs examined.,actin related protein 2;(source:Araport11),actin related protein 2
AT3G27210,1,1,0,1,protein_coding,,,hypothetical protein;(source:Araport11),hypothetical protein;(source:Araport11)
AT3G27250,1,0,1,2,protein_coding,,ABA&#8208;induced transcription repressor that acts as feedback regulator in ABA signalling.,hypothetical protein;(source:Araport11),ABA&#8208;induced transcription repressor that acts as feedback regulator in ABA signalling.
AT3G27690,1,0,1,2,protein_coding,photosystem II light harvesting complex gene 2.3,Encodes Lhcb2.4.  Belongs to the Lhc super-gene family encodes the light-harvesting chlorophyll a/b-binding (LHC) proteins that constitute the antenna system of the photosynthetic apparatus. The mRNA is cell-to-cell mobile. | Encodes Lhcb2.4.  Belongs to the Lhc super-gene family encodes the light-harvesting chlorophyll a/b-binding (LHC) proteins that constitute the antenna system of the photosynthetic apparatus.The mRNA is cell-to-cell mobile. Activated by OXS2 under the treatment of salt.,photosystem II light harvesting complex protein 2.3;(source:Araport11),photosystem II light harvesting complex gene 2.3
AT3G27880,1,1,0,1,protein_coding,Protein of unknown function (DUF1645),,hypothetical protein (DUF1645);(source:Araport11),Protein of unknown function (DUF1645)
AT3G28210,4,4,0,2,protein_coding,zinc finger (AN1-like) family protein,Encodes a putative zinc finger protein (PMZ).,zinc finger (AN1-like) family protein;(source:Araport11),zinc finger (AN1-like) family protein
AT3G28270,1,1,0,2,protein_coding,Protein of unknown function (DUF677),"AFL1 was first identified by immunoscreening an Arabidopsis expression library with antisera recognizing mammalian &#946;1-integrin. It is a peripheral membrane protein associated with endomembranes and plasmamembrane. Based on overexpression and knockdown phenotypes, AFL1 is postulated to function in regulation of growth and proline accumulation in response to drought. AFL1 protein co-localizes with clatharin coated vesicles and has been shown to interact with itself and several endomembrane associated proteins.","transmembrane protein, putative (DUF677);(source:Araport11)",Protein of unknown function (DUF677)
AT3G28450,2,2,0,1,protein_coding,Leucine-rich repeat protein kinase family protein,Negative regulator of pattern-triggered immunity in complex with BIR3 and PLD&#947;1.,Leucine-rich repeat protein kinase family protein;(source:Araport11),Leucine-rich repeat protein kinase family protein
AT3G28480,2,2,0,2,protein_coding,Oxoglutarate/iron-dependent oxygenase,,Oxoglutarate/iron-dependent oxygenase;(source:Araport11),Oxoglutarate/iron-dependent oxygenase
AT3G28510,1,1,0,1,protein_coding,P-loop containing nucleoside triphosphate hydrolases superfamily protein,,P-loop containing nucleoside triphosphate hydrolases superfamily protein;(source:Araport11),P-loop containing nucleoside triphosphate hydrolases superfamily protein
AT3G28540,4,4,0,2,protein_coding,P-loop containing nucleoside triphosphate hydrolases superfamily protein,,P-loop containing nucleoside triphosphate hydrolases superfamily protein;(source:Araport11),P-loop containing nucleoside triphosphate hydrolases superfamily protein
AT3G28580,3,3,0,2,protein_coding,P-loop containing nucleoside triphosphate hydrolases superfamily protein,,P-loop containing nucleoside triphosphate hydrolases superfamily protein;(source:Araport11),P-loop containing nucleoside triphosphate hydrolases superfamily protein
AT3G28890,1,1,0,2,protein_coding,receptor like protein 43,,receptor like protein 43;(source:Araport11),receptor like protein 43
AT3G28930,1,1,0,3,protein_coding,AIG2-like (avirulence induced gene) family protein,avrRpt2-induced gene that exhibits RPS2- and avrRpt2-dependent induction early after infection with Pseudomonas syringae pv maculicola strain ES4326 carrying avrRpt2. Protein has similarity to gamma-glutamyl cyclotransferases but lack that activity.  Functions with AIG2B (AT3G28940) to regulate production of tryptophan secondary metabolites. Loss of function results in increased immunity to Pst DC3000.,AIG2-like (avirulence induced gene) family protein;(source:Araport11),AIG2-like (avirulence induced gene) family protein
AT3G28940,2,2,0,1,protein_coding,AIG2-like (avirulence induced gene) family protein,Encodes a protein with similarity to gamma-glutamyl cyclotransferases but lacking that activity. Functions with AIG2A (AT3G28930) to regulate production of tryptophan secondary metabolites. Loss of function results in increased immunity to Pst DC3000.,AIG2-like (avirulence induced gene) family protein;(source:Araport11),AIG2-like (avirulence induced gene) family protein
AT3G29000,3,3,0,1,protein_coding,Calcium-binding EF-hand family protein,,Calcium-binding EF-hand family protein;(source:Araport11),Calcium-binding EF-hand family protein
AT3G29240,1,1,0,2,protein_coding,Protein of unknown function (DUF179),"Interacts with chloroplast chaperone CLPC1, which unfolds and delivers substrates to the stromal CLPPRT protease complex for degradation. CLPD and DUF760-6 form a small module (IV) connecting to DUF179-3, CLPX1, and CLPB3.",PPR containing protein (DUF179);(source:Araport11),Protein of unknown function (DUF179)
AT3G29250,3,3,0,3,protein_coding,NAD(P)-binding Rossmann-fold superfamily protein,,NAD(P)-binding Rossmann-fold superfamily protein;(source:Araport11),NAD(P)-binding Rossmann-fold superfamily protein
AT3G29575,2,2,0,3,protein_coding,ABI five binding protein 3,,ABI five binding protein 3;(source:Araport11),ABI five binding protein 3
AT3G41979,1,1,0,1,ribosomal_rna,5.8SrRNA,5.8SrRNA,5.8SrRNA;(source:Araport11),5.8SrRNA
AT3G44300,5,5,0,1,protein_coding,nitrilase 2,"Encodes an enzyme that catalyzes the hydrolysis of indole-3-acetonitrile (IAN) to indole-3-acetic acid (IAA) (nitrile aminohydrolase, EC 3.5.5.1) and IAN to indole-3-acetamide (IAM) at lower levels. Mutants have reduced sensitivity to IAN and are sensitive to IAA. This enzyme likely participates in other non-auxin-related metabolic pathways. The mRNA is cell-to-cell mobile.",nitrilase 2;(source:Araport11),nitrilase 2
AT3G44400,3,3,0,5,protein_coding,Disease resistance protein (TIR-NBS-LRR class) family,,Disease resistance protein (TIR-NBS-LRR class) family;(source:Araport11),Disease resistance protein (TIR-NBS-LRR class) family
AT3G44480,1,1,0,5,protein_coding,Disease resistance protein (TIR-NBS-LRR class) family,Encodes a TIR-NB-LRR R-protein RPP1 that confers resistance to Peronospora parasitica (downy mildew).,Disease resistance protein (TIR-NBS-LRR class) family;(source:Araport11),Disease resistance protein (TIR-NBS-LRR class) family
AT3G44630,1,1,0,4,protein_coding,Disease resistance protein (TIR-NBS-LRR class) family,,Disease resistance protein (TIR-NBS-LRR class) family;(source:Araport11),Disease resistance protein (TIR-NBS-LRR class) family
AT3G44670,1,1,0,2,protein_coding,Disease resistance protein (TIR-NBS-LRR class) family,"One of a series of RPP1-like, tandemly duplicated Toll-Interleukin1-Receptor- related NLR receptors within the DANGEROUS MIX2 cluster. Interacts genetically with and is downstream of EDS1 in auto immune response.",Disease resistance protein (TIR-NBS-LRR class) family;(source:Araport11),Disease resistance protein (TIR-NBS-LRR class) family
AT3G44720,3,3,0,1,protein_coding,arogenate dehydratase 4,Encodes a plastid-localized arogenate dehydratase involved in phenylalanine biosynthesis.  Not less than six genes encoding ADT were identi&#64257;ed in the Arabidopsis genome: ADT1 [At1g11790]; ADT2 [At3g07630]; ADT3 [At2g27820]; ADT4 [At3g44720]; ADT5 [At5g22630]; and ADT6 [At1g08250]. The mRNA is cell-to-cell mobile.,arogenate dehydratase 4;(source:Araport11),arogenate dehydratase 4
AT3G44860,1,1,0,1,protein_coding,farnesoic acid carboxyl-O-methyltransferase,Encodes a farnesoic acid carboxyl-O-methyltransferase. The mRNA is cell-to-cell mobile.,farnesoic acid carboxyl-O-methyltransferase;(source:Araport11),farnesoic acid carboxyl-O-methyltransferase
AT3G45040,1,1,0,3,protein_coding,phosphatidate cytidylyltransferase family protein,Encodes a putative dolichol kinase that is localized to the endoplasmic reticulum and involved in pollen tube reception in the female gametophyte.,phosphatidate cytidylyltransferase family protein;(source:Araport11),phosphatidate cytidylyltransferase family protein
AT3G45140,2,2,0,2,protein_coding,lipoxygenase 2,"Chloroplast lipoxygenase required for wound-induced jasmonic acid accumulation in Arabidopsis.Mutants are resistant to Staphylococcus aureus and accumulate salicylic acid upon infection. The mRNA is cell-to-cell mobile. | Chloroplast lipoxygenase required for wound-induced jasmonic acid accumulation in Arabidopsis.Mutants are resistant to Staphylococcus aureus and accumulate salicylic acid upon infection.CFA-Leu, CFA-Val, CFA-Met and CFA-Ala can induce the expression of LOX2.The mRNA is cell-to-cell mobile.",lipoxygenase 2;(source:Araport11),lipoxygenase 2
AT3G45290,2,2,0,1,protein_coding,Seven transmembrane MLO family protein,"A member of a large family of seven-transmembrane domain proteins specific to plants, homologs of the barley mildew resistance locus o (MLO) protein. The Arabidopsis genome contains 15 genes encoding MLO proteins, with localization in plasma membrane. Phylogenetic analysis revealed four clades of closely-related AtMLO genes. ATMLO3 belongs to the clade IV, with AtMLO2, AtMLO6 and AtMLO12. The gene is expressed during early seedling growth, in primary root and lateral root primordia, in fruit abscission zone, in vascular system of cotyledons and in trichomes of young leaves,; it was not expressed in mature rosette leaves, as shown by GUS activity patterns. The expression of several phylogenetically closely-related AtMLO genes showed similar or overlapping tissue specificity and analogous responsiveness to external stimuli, suggesting functional redundancy, co-function, or antagonistic function(s).",Seven transmembrane MLO family protein;(source:Araport11),Seven transmembrane MLO family protein
AT3G45310,1,1,0,2,protein_coding,Cysteine proteinases superfamily protein,,Cysteine proteinases superfamily protein;(source:Araport11),Cysteine proteinases superfamily protein
AT3G45590,1,1,0,2,protein_coding,splicing endonuclease 1,Encodes a catalytic subunit of tRNA splicing endonuclease.,splicing endonuclease 1;(source:Araport11),splicing endonuclease 1
AT3G45620,1,1,0,2,protein_coding,Transducin/WD40 repeat-like superfamily protein,"This gene is predicted to encode a protein with a DWD motif. It can bind to DDB1a in Y2H assays, and DDB1b in co-IP assays, and may be involved in the formation of a CUL4-based E3 ubiquitin ligase",Transducin/WD40 repeat-like superfamily protein;(source:Araport11),Transducin/WD40 repeat-like superfamily protein
AT3G45640,2,2,0,1,protein_coding,mitogen-activated protein kinase 3,"Encodes a mitogen-activated kinase whose mRNA levels increase in response to touch, cold, salinity stress and chitin oligomers.Also functions in ovule development. Heterozygous MPK3 mutants in a homozygous MPK6 background are female sterile due to defects in integument development. MPK3 can be dephosphorylated by MKP2 in vitro. The mRNA is cell-to-cell mobile.",mitogen-activated protein kinase 3;(source:Araport11),mitogen-activated protein kinase 3
AT3G45730,3,3,0,1,protein_coding,,,hypothetical protein;(source:Araport11),hypothetical protein;(source:Araport11)
AT3G45860,1,1,0,1,protein_coding,cysteine-rich RLK (RECEPTOR-like protein kinase) 4,Encodes a cysteine-rich receptor-like protein kinase.  Involved in programmed cell death and defense response to pathogen.,cysteine-rich RLK (RECEPTOR-like protein kinase) 4;(source:Araport11),cysteine-rich RLK (RECEPTOR-like protein kinase) 4
AT3G46090,1,1,0,1,protein_coding,C2H2 and C2HC zinc fingers superfamily protein,,C2H2 and C2HC zinc fingers superfamily protein;(source:Araport11),C2H2 and C2HC zinc fingers superfamily protein
AT3G46230,3,3,0,1,protein_coding,heat shock protein 17.4,"Member of the class I small heat-shock protein (sHSP) family, which accounts for the majority of sHSPs in maturing seeds.Induced by heat, cold, salt, drought and high-light.",heat shock protein 17.4;(source:Araport11),heat shock protein 17.4
AT3G46510,1,1,0,1,protein_coding,plant U-box 13,"Encodes a protein containing a UND, a U-box, and an ARM domain. This protein has E3 ubiquitin ligase activity based on in vitro assays.  Can be phosphorylated in vitro by MLPK, ARK1, and ARK2 but not by SD1-29. Involved in ubiquitination of pattern recognition receptor FLS2.",plant U-box 13;(source:Araport11),plant U-box 13
AT3G46530,1,1,0,1,protein_coding,NB-ARC domain-containing disease resistance protein,"Confers resistance to the biotrophic oomycete, Peronospora parasitica. Encodes an NBS-LRR type R protein with a putative amino-terminal leucine zipper. Fungal protein ATR13 induces RPP13 gene expression and disease resistance. The mRNA is cell-to-cell mobile.",NB-ARC domain-containing disease resistance protein;(source:Araport11),NB-ARC domain-containing disease resistance protein
AT3G46600,1,1,0,3,protein_coding,GRAS family transcription factor,,GRAS family transcription factor;(source:Araport11),GRAS family transcription factor
AT3G46620,1,1,0,1,protein_coding,zinc finger (C3HC4-type RING finger) family protein,Encodes an ABA- and drought-induced RING-DUF1117 gene whose mutation results in hyposensitive phenotypes toward ABA in terms of germination rate and stomatal closure and markedly reduced tolerance to drought stress relative to wild-type plants.,zinc finger (C3HC4-type RING finger) family protein;(source:Araport11),zinc finger (C3HC4-type RING finger) family protein
AT3G46640,1,1,0,3,protein_coding,Homeodomain-like superfamily protein,"Encodes a myb family transcription factor with a single Myb DNA-binding domain (type SHAQKYF) that is unique to plants and is essential for circadian rhythms, specifically for transcriptional regulation within the circadian clock.   LUX is required for normal rhythmic expression of multiple clock outputs in both constant light and darkness.  It is coregulated with TOC1 and seems to be repressed by CCA1 and LHY by direct binding of these proteins to the evening element in the LUX promoter. The mRNA is cell-to-cell mobile.",Homeodomain-like superfamily protein;(source:Araport11),Homeodomain-like superfamily protein
AT3G46900,1,1,0,1,protein_coding,copper transporter 2,encodes a member of copper transporter family and functionally complements a high affinity copper transporter mutant in yeast,copper transporter 2;(source:Araport11),copper transporter 2
AT3G46930,1,1,0,6,protein_coding,Protein kinase superfamily protein,Encodes a Raf-Like Mitogen-Activated Protein Kinase Kinase Kinase Raf43. Required for tolerance to multiple abiotic stresses.,Protein kinase superfamily protein;(source:Araport11),Protein kinase superfamily protein
AT3G47090,2,2,0,1,protein_coding,Leucine-rich repeat protein kinase family protein,,Leucine-rich repeat protein kinase family protein;(source:Araport11),Leucine-rich repeat protein kinase family protein
AT3G47420,1,1,0,3,protein_coding,phosphate starvation-induced gene 3,"Encodes a Pi starvation-responsive protein AtPS3. A member of the phosphate starvation-induced glycerol-3-phosphate permease gene family: AT3G47420(G3Pp1), AT4G25220(G3Pp2), AT1G30560(G3Pp3), AT4G17550(G3Pp4) and AT2G13100(G3Pp5). Its expression is responsive to phosphate (Pi) and not phosphite (Phi) in roots and shoots.",putative glycerol-3-phosphate transporter 1;(source:Araport11),phosphate starvation-induced gene 3
AT3G47470,1,0,1,1,protein_coding,light-harvesting chlorophyll-protein complex I subunit A4,Encodes a chlorophyll a/b-binding protein that is more similar to the PSI Cab proteins than the PSII cab proteins. The predicted protein is about 20 amino acids shorter than most known Cab proteins.,light-harvesting chlorophyll-protein complex I subunit A4;(source:Araport11),light-harvesting chlorophyll-protein complex I subunit A4
AT3G47480,2,2,0,1,protein_coding,Calcium-binding EF-hand family protein,,Calcium-binding EF-hand family protein;(source:Araport11),Calcium-binding EF-hand family protein
AT3G47780,2,2,0,1,protein_coding,ABC2 homolog 6,member of ATH subfamily The mRNA is cell-to-cell mobile.,ABC2 homolog 6;(source:Araport11),ABC2 homolog 6
AT3G48020,3,3,0,1,protein_coding,,,hypothetical protein;(source:Araport11),hypothetical protein;(source:Araport11)
AT3G48080,3,3,0,1,protein_coding,alpha/beta-Hydrolases superfamily protein,,alpha/beta-Hydrolases superfamily protein;(source:Araport11),alpha/beta-Hydrolases superfamily protein
AT3G48090,3,3,0,2,protein_coding,alpha/beta-Hydrolases superfamily protein,Component of R gene-mediated disease resistance in Arabidopsis thaliana with homology to eukaryotic lipases.,alpha/beta-Hydrolases superfamily protein;(source:Araport11),alpha/beta-Hydrolases superfamily protein
AT3G48210,1,1,0,1,protein_coding,,,kinetochore protein;(source:Araport11),kinetochore protein;(source:Araport11)
AT3G48320,1,1,0,1,protein_coding,"cytochrome P450, family 71, subfamily A, polypeptide 21",putative cytochrome P450,"cytochrome P450, family 71, subfamily A, polypeptide 21;(source:Araport11)","cytochrome P450, family 71, subfamily A, polypeptide 21"
AT3G48640,1,1,0,3,protein_coding,,,transmembrane protein;(source:Araport11),transmembrane protein;(source:Araport11)
AT3G48850,4,4,0,1,protein_coding,phosphate transporter 3;2,Encodes a mitochondrial phosphate transporter. Modulates plant responses to salt stress.,phosphate transporter 3;(source:Araport11),phosphate transporter 3;2
AT3G49110,1,1,0,1,protein_coding,peroxidase CA,Class III peroxidase Perx33. Expressed in roots. Located in the cell wall. Involved in cell elongation. Expression activated by light.  May play a role in generating H2O2 during defense response. The mRNA is cell-to-cell mobile.,peroxidase CA;(source:Araport11),peroxidase CA
AT3G49120,7,7,0,1,protein_coding,peroxidase CB,"Class III peroxidase Perx34. Expressed in roots, leaves and stems. Located in the cell wall. Involved in cell elongation. Expression activated by light. May play a role in generating H2O2 during defense response. The mRNA is cell-to-cell mobile.",peroxidase CB;(source:Araport11),peroxidase CB
AT3G49130,4,4,0,1,protein_coding,SWAP (Suppressor-of-White-APricot)/surp RNA-binding domain-containing protein,,SWAP (Suppressor-of-White-APricot)/surp RNA-binding domain-containing protein;(source:Araport11),SWAP (Suppressor-of-White-APricot)/surp RNA-binding domain-containing protein
AT3G49530,2,2,0,2,protein_coding,NAC domain containing protein 62,Transcription factor that serves as a molecular link between cold signals and pathogen resistance  responses.  Undergoes proteolytic processing triggered by cold-induced changes in membrane fluidity.It relocates from the plasma membrane to the nucleus in response to ER stress. NAC062 is phosphorylated by SnRK2.8 at Thr-142.,NAC domain containing protein 62;(source:Araport11),NAC domain containing protein 62
AT3G49580,2,2,0,3,protein_coding,response to low sulfur 1,RESPONSE TO LOW SULFUR gene family member; expressed during sulfur deficiency.,response to low sulfur 1;(source:Araport11),response to low sulfur 1
AT3G50470,1,1,0,1,protein_coding,homolog of RPW8 3,Homolog of RPW8,homolog of RPW8 3;(source:Araport11),homolog of RPW8 3
AT3G50480,5,5,0,2,protein_coding,homolog of RPW8 4,Homolog of RPW8,homolog of RPW8 4;(source:Araport11),homolog of RPW8 4
AT3G50770,2,2,0,1,protein_coding,calmodulin-like 41,,calmodulin-like 41;(source:Araport11),calmodulin-like 41
AT3G50910,2,2,0,1,protein_coding,,,netrin receptor DCC;(source:Araport11),netrin receptor DCC;(source:Araport11)
AT3G50930,4,4,0,1,protein_coding,cytochrome BC1 synthesis,Encodes a protein that is present in a homo-multimeric protein complex on the outer mitochondrial membrane and plays a role in cell death and amplifying salicylic acid signalling. The mRNA is cell-to-cell mobile.,cytochrome BC1 synthesi;(source:Araport11),cytochrome BC1 synthesis
AT3G50950,2,2,0,2,protein_coding,HOPZ-ACTIVATED RESISTANCE 1,Encodes a canonical CC-type NLR protein that is required for the recognition of the T3SE HopZ1a as well as several other Hop effectors from the pathogenic bacteria P. syringae.,HOPZ-ACTIVATED RESISTANCE 1;(source:Araport11),HOPZ-ACTIVATED RESISTANCE 1
AT3G50970,2,2,0,1,protein_coding,dehydrin family protein,"Belongs to the dehydrin protein family, which contains highly conserved stretches of 7-17 residues that are repetitively scattered in their sequences, the K-, S-, Y- and lysine rich segments.  LTI29 and LTI30 double overexpressors confer freeze tolerance. Located in membranes. mRNA upregulated by water deprivation and abscisic acid. The mRNA is cell-to-cell mobile.",dehydrin family protein;(source:Araport11),dehydrin family protein
AT3G51000,2,2,0,1,protein_coding,alpha/beta-Hydrolases superfamily protein,,alpha/beta-Hydrolases superfamily protein;(source:Araport11),alpha/beta-Hydrolases superfamily protein
AT3G51330,1,1,0,3,protein_coding,Eukaryotic aspartyl protease family protein,,Eukaryotic aspartyl protease family protein;(source:Araport11),Eukaryotic aspartyl protease family protein
AT3G51430,3,3,0,2,protein_coding,Calcium-dependent phosphotriesterase superfamily protein,"Although this enzyme is predicted to encode a strictosidine synthase (SS), it lacks a conserved catalytic glutamate residue found in active SS enzymes and it is not expected to have SS activity.",Calcium-dependent phosphotriesterase superfamily protein;(source:Araport11),Calcium-dependent phosphotriesterase superfamily protein
AT3G51440,4,4,0,1,protein_coding,Calcium-dependent phosphotriesterase superfamily protein,,Calcium-dependent phosphotriesterase superfamily protein;(source:Araport11),Calcium-dependent phosphotriesterase superfamily protein
AT3G51450,1,1,0,1,protein_coding,Calcium-dependent phosphotriesterase superfamily protein,,Calcium-dependent phosphotriesterase superfamily protein;(source:Araport11),Calcium-dependent phosphotriesterase superfamily protein
AT3G51580,1,1,0,2,protein_coding,,,transmembrane protein;(source:Araport11),transmembrane protein;(source:Araport11)
AT3G51660,4,4,0,1,protein_coding,Tautomerase/MIF superfamily protein,Chemokine-like MDL protein; modulate flowering time and innate immunity in plants.,Tautomerase/MIF superfamily protein;(source:Araport11),Tautomerase/MIF superfamily protein
AT3G51860,6,6,0,2,protein_coding,cation exchanger 3,Vacuolar Ca(2+)/H(+) transporter that forms a complex with CAX1 that plays a role in diverse processes including phosphate homeostasis and heavy metal tolerance,cation exchanger 3;(source:Araport11),cation exchanger 3
AT3G51890,3,3,0,1,protein_coding,Clathrin light chain protein,,Clathrin light chain protein;(source:Araport11),Clathrin light chain protein
AT3G51920,1,1,0,1,protein_coding,calmodulin 9,"encodes a divergent member of calmodulin, which is an EF-hand family of Ca2+-binding proteins. This gene is expressed in leaves, flowers and siliques. The gene functionally complements yeast calmodulin 1 (CAM1) but only  when selected against the plasmid harboring wild-type yeast sequences. Also the protein does not form formed a complex with a basic amphiphilic helical peptide in the presence of Ca2+ in vitro. Authors suggest that this gene may represent a Ca2+-binding sensor protein that interacts with a more limited set of target proteins than do more conventional CaM isoforms. Mutations in this gene alter plant responses to abiotic stress and abscisic acid.",calmodulin 9;(source:Araport11),calmodulin 9
AT3G51980,1,1,0,1,protein_coding,ARM repeat superfamily protein,,ARM repeat superfamily protein;(source:Araport11),ARM repeat superfamily protein
AT3G52400,3,3,0,1,protein_coding,syntaxin of plants 122,"syntaxin protein, involved in the negative regulation of defense pathways such as programmed cell death, salicylic acid signalling pathway, jasmonic acid signalling pathway",syntaxin of plants 122;(source:Araport11),syntaxin of plants 122
AT3G52430,1,1,0,1,protein_coding,alpha/beta-Hydrolases superfamily protein,"Encodes a lipase-like gene that is important for salicylic acid signaling and function in resistance (R) gene-mediated and basal plant disease resistance. PAD4 can interact directly with EDS1, another disease resistance signaling protein. Expressed at elevated level  in response to green peach aphid (GPA) feeding, and modulates the GPA feeding-induced leaf senescence through a mechanism that doesn't require camalexin synthesis and salicylic acid (SA) signaling. Required for the ssi2-dependent heightened  resistance to GPA. The mRNA is cell-to-cell mobile.",alpha/beta-Hydrolases superfamily protein;(source:Araport11),alpha/beta-Hydrolases superfamily protein
AT3G52470,1,1,0,1,protein_coding,Late embryogenesis abundant (LEA) hydroxyproline-rich glycoprotein family,,Late embryogenesis abundant (LEA) hydroxyproline-rich glycoprotein family;(source:Araport11),Late embryogenesis abundant (LEA) hydroxyproline-rich glycoprotein family
AT3G52800,1,1,0,2,protein_coding,A20/AN1-like zinc finger family protein,,A20/AN1-like zinc finger family protein;(source:Araport11),A20/AN1-like zinc finger family protein
AT3G53230,4,4,0,1,protein_coding,"ATPase, AAA-type, CDC48 protein",CDC48 is induced upon oilseed rape mosaic tobamovirus infection and appears to be involved in controlling virus movement.,"ATPase, AAA-type, CDC48 protein;(source:Araport11)","ATPase, AAA-type, CDC48 protein"
AT3G53420,1,0,1,2,protein_coding,plasma membrane intrinsic protein 2A,a member of the plasma membrane intrinsic protein subfamily PIP2. localizes to the plasma membrane and exhibits water transport activity in Xenopus oocyte. expressed specifically in the vascular bundles and protein level increases slightly during leaf dev.   When expressed in yeast cells can conduct hydrogen peroxide into those cells.,plasma membrane intrinsic protein 2A;(source:Araport11),plasma membrane intrinsic protein 2A
AT3G53810,1,1,0,1,protein_coding,Concanavalin A-like lectin protein kinase family protein,,Concanavalin A-like lectin protein kinase family protein;(source:Araport11),Concanavalin A-like lectin protein kinase family protein
AT3G53980,2,2,0,2,protein_coding,Bifunctional inhibitor/lipid-transfer protein/seed storage 2S albumin superfamily protein,,Bifunctional inhibitor/lipid-transfer protein/seed storage 2S albumin superfamily protein;(source:Araport11),Bifunctional inhibitor/lipid-transfer protein/seed storage 2S albumin superfamily protein
AT3G54010,1,1,0,2,protein_coding,FKBP-type peptidyl-prolyl cis-trans isomerase family protein,"Immunophilin-like protein similar to the p59 FK506-binding protein (FKBP52). Shows rotamase activity and contains an FKBP-like domain and three tetratricopeptide repeat units. Members of this class of mutation show ectopic cell proliferation in cotyledons. Gene may be alternatively spliced.  Belongs to one of the 36 carboxylate clamp (CC)-tetratricopeptide repeat (TPR) proteins (Prasad 2010, Pubmed ID: 20856808) with potential to interact with Hsp90/Hsp70 as co-chaperones.",FKBP-type peptidyl-prolyl cis-trans isomerase family protein;(source:Araport11),FKBP-type peptidyl-prolyl cis-trans isomerase family protein
AT3G54150,3,3,0,2,protein_coding,S-adenosyl-L-methionine-dependent methyltransferases superfamily protein,Encodes a DNA methyltransferase required for pollen exine formation and male fertility via the regulation of callose wall and primexine formation.,S-adenosyl-L-methionine-dependent methyltransferases superfamily protein;(source:Araport11),S-adenosyl-L-methionine-dependent methyltransferases superfamily protein
AT3G54620,1,1,0,3,protein_coding,basic leucine zipper 25,bZIP transcription factor-like protein mRNA,basic leucine zipper 25;(source:Araport11),basic leucine zipper 25
AT3G54830,1,0,1,2,protein_coding,Transmembrane amino acid transporter family protein,"Transmembrane amino acid transporter family protein; CONTAINS InterPro DOMAIN/s: Amino acid transporter, transmembrane (InterPro:IPR013057); BEST Arabidopsis thaliana protein match is: Transmembrane amino acid transporter family protein (TAIR:AT2G39130.1). Note that a different cDNA sequence has been reported (see Community Comments).",Transmembrane amino acid transporter family protein;(source:Araport11),Transmembrane amino acid transporter family protein
AT3G54890,1,0,1,4,protein_coding,photosystem I light harvesting complex gene 1,Encodes a component of the light harvesting complex associated with photosystem I.,chlorophyll a-b binding protein 6;(source:Araport11),photosystem I light harvesting complex gene 1
AT3G54950,1,1,0,1,protein_coding,patatin-like protein 6,"Encodes pPLAIIIbeta, a member of the Group 3 patatin-related phospholipases. pPLAIIIbeta hydrolyzes phospholipids and galactolipids and additionally has acyl-CoA thioesterase activity. Alterations of pPLAIII&#946; result in changes in lipid levels and composition.",patatin-like protein 6;(source:Araport11),patatin-like protein 6
AT3G54960,2,2,0,2,protein_coding,PDI-like 1-3,"Encodes a protein disulfide isomerase-like (PDIL) protein, a member of a multigene family within the thioredoxin (TRX) superfamily. Transcript levels for this gene are up-regulated in response to three different chemical inducers of ER stress (dithiothreitol, beta-mercaptoethanol, and tunicamycin). Neither AtIRE1-2 nor AtbZIP60 appear to be required for this response.",PDI-like 1-3;(source:Araport11),PDI-like 1-3
AT3G55450,1,1,0,2,protein_coding,PBS1-like 1,,PBS1-like 1;(source:Araport11),PBS1-like 1
AT3G55470,3,3,0,2,protein_coding,Calcium-dependent lipid-binding (CaLB domain) family protein,,Calcium-dependent lipid-binding (CaLB domain) family protein;(source:Araport11),Calcium-dependent lipid-binding (CaLB domain) family protein
AT3G55646,1,0,1,1,protein_coding,,,TPRXL;(source:Araport11),TPRXL;(source:Araport11)
AT3G55880,3,3,0,4,protein_coding,Alpha/beta hydrolase related protein,PIN1-interacting membrane protein; regulates  acropetal auxin transport in response to sulfur deficiency. A gain-of-function mutant of SUE4 exhibited improved low sulphur tolerance.,Alpha/beta hydrolase related protein;(source:Araport11),Alpha/beta hydrolase related protein
AT3G55950,1,1,0,1,protein_coding,CRINKLY4 related 3,,CRINKLY4 related 3;(source:Araport11),CRINKLY4 related 3
AT3G55960,1,1,0,1,protein_coding,Haloacid dehalogenase-like hydrolase (HAD) superfamily protein,,Haloacid dehalogenase-like hydrolase (HAD) superfamily protein;(source:Araport11),Haloacid dehalogenase-like hydrolase (HAD) superfamily protein
AT3G55970,5,5,0,2,protein_coding,jasmonate-regulated gene 21,One of 4 paralogs encoding a 2-oxoglutarate/Fe(II)-dependent oxygenases  that hydroxylates JA to 12-OH-JA.,jasmonate-regulated gene 21;(source:Araport11),jasmonate-regulated gene 21
AT3G55980,2,2,0,2,protein_coding,salt-inducible zinc finger 1,CCCH-type zinc finger protein involved in salt stress and immune responses.,salt-inducible zinc finger 1;(source:Araport11),salt-inducible zinc finger 1
AT3G56200,1,1,0,1,protein_coding,Transmembrane amino acid transporter family protein,Encodes a putative amino acid transporter. The mRNA is cell-to-cell mobile.,Transmembrane amino acid transporter family protein;(source:Araport11),Transmembrane amino acid transporter family protein
AT3G56400,5,5,0,1,protein_coding,WRKY DNA-binding protein 70,Member of WRKY Transcription Factor; Group III. Function as activator of SA-dependent defense genes and a repressor of JA-regulated genes. WRKY70-controlled suppression of  JA-signaling is partly executed by NPR1.,WRKY DNA-binding protein 70;(source:Araport11),WRKY DNA-binding protein 70
AT3G56710,7,7,0,2,protein_coding,sigma factor binding protein 1,"Sig1 binding protein; interacts with Sig1R4. As well as Sig1, SibI is imported into chloroplasts and its expression is light-dependent in mature chloroplasts.",sigma factor binding protein 1;(source:Araport11),sigma factor binding protein 1
AT3G57240,2,2,0,1,protein_coding,"beta-1,3-glucanase 3",encodes a member of glycosyl hydrolase family 17,"beta-1,3-glucanase 3;(source:Araport11)","beta-1,3-glucanase 3"
AT3G57260,6,6,0,2,protein_coding,"beta-1,3-glucanase 2","beta 1,3-glucanase; callose degradation enzyme. Its subcellular localization is affected by alpha-1-COP. Loss-of-function of alpha-1-COP elevates  the callose accumulation at PD by affecting  subcellular protein localization of callose degradation by this enzyme.","beta-1,3-glucanase 2;(source:Araport11)","beta-1,3-glucanase 2"
AT3G57280,1,1,0,1,protein_coding,Transmembrane proteins 14C,Encodes a chloroplast inner envelope localized member of the Tmemb_14 gene family. FAX1 is involved in fatty acid and lipid homeostasis and likely functions as a fatty acid transporter that exports fatty acids from the plastid. The mRNA is cell-to-cell mobile.,Transmembrane proteins 14C;(source:Araport11),Transmembrane proteins 14C
AT3G57330,1,1,0,2,protein_coding,autoinhibited Ca2+-ATPase 11,"Lesion mimic phenotype when mutation in the gene is combined with a mutation in ACA4.  Lesion mimic phenotype of double knockout can be suppressed by nutritional supplements that increase anion levels (e.g. 15 mM nitrate, chloride, or phosphate.)ACA8 and ACA10, as well as ACA4 and ACA11, are critical in maintaining low resting cytosol Ca2+ level (DOI:10.1093/plphys/kiad047)",autoinhibited Ca2+-ATPase 11;(source:Araport11),autoinhibited Ca2+-ATPase 11
AT3G57460,1,1,0,1,protein_coding,catalytics;metal ion binding,,catalytic/ metal ion binding / metalloendopeptidase/ zinc ion binding protein;(source:Araport11),catalytics;metal ion binding
AT3G57630,1,1,0,3,protein_coding,exostosin family protein,Encodes a glycoprotein glycosyl transferase ExAD. Knockout mutants show truncated root hair phenotype.,exostosin family protein;(source:Araport11),exostosin family protein
AT3G58270,2,2,0,3,protein_coding,Arabidopsis phospholipase-like protein (PEARLI 4) with TRAF-like domain,,phospholipase-like protein (PEARLI 4) with TRAF-like domain protein;(source:Araport11),Arabidopsis phospholipase-like protein (PEARLI 4) with TRAF-like domain
AT3G59140,1,1,0,1,protein_coding,multidrug resistance-associated protein 14,member of MRP subfamily,multidrug resistance-associated protein 14;(source:Araport11),multidrug resistance-associated protein 14
AT3G59350,1,1,0,6,protein_coding,Protein kinase superfamily protein,Pti-like protein. Interacts with CLV1 and functions in CLE peptide signaling pathway in root development. Membrane localization is dependent on palmytolation.,Protein kinase superfamily protein;(source:Araport11),Protein kinase superfamily protein
AT3G59380,1,1,0,1,protein_coding,farnesyltransferase A,"Encodes the alpha-subunit shared between protein farnesyltransferase and protein geranylgeranyltransferase-I. Involved in protein prenylation: covalent attachment of the C-15 isoprene farnesyl or the C-20 isoprene geranylgeranyl groups to the C-terminal end of some proteins. Involved in shoot and flower meristem homeostasis, and response to ABA and drought. Also regulates leaf cell shape. Mutant is epistatic to era1.",farnesyltransferase A;(source:Araport11),farnesyltransferase A
AT3G59660,2,2,0,2,protein_coding,C2 domain-containing protein / GRAM domain-containing protein,Encodes a C2-GRAM domain-containing protein that is induced by B. cinerea infection. It is required for cleavage of BAG6 and thus plays a role in mediating resistance to fungal infection.,C2 domain-containing protein / GRAM domain-containing protein;(source:Araport11),C2 domain-containing protein / GRAM domain-containing protein
AT3G59700,1,1,0,1,protein_coding,lectin-receptor kinase,Member of Receptor kinase-like protein family. Represses stomatal immunity induced by Pseudomonas syringae pv. tomato DC3000.,lectin-receptor kinase;(source:Araport11),lectin-receptor kinase
AT3G60140,4,4,0,2,protein_coding,Glycosyl hydrolase superfamily protein,"Encodes a protein similar to beta-glucosidase and is a member of glycoside hydrolase family 1. Expression is induced after 24 hours of dark treatment, in senescing leaves and treatment with exogenous photosynthesis inhibitor. Induction of gene expression was suppressed in excised leaves supplied with sugar. The authors suggest that the gene's expression pattern is responding to the level of sugar in the cell. The mRNA is cell-to-cell mobile. | Encodes a protein similar to beta-glucosidase and is a member of glycoside hydrolase family 1. Expression is induced after 24 hours of dark treatment, in senescing leaves and treatment with exogenous photosynthesis inhibitor. Induction of gene expression was suppressed in excised leaves supplied with sugar. The authors suggest that the gene Primes expression pattern is responding to the level of sugar in the cell.The mRNA is cell-to-cell mobile.",Glycosyl hydrolase superfamily protein;(source:Araport11),Glycosyl hydrolase superfamily protein
AT3G60420,4,4,0,1,protein_coding,Phosphoglycerate mutase family protein,,phosphoglycerate mutase family protein;(source:Araport11),Phosphoglycerate mutase family protein
AT3G60450,1,1,0,2,protein_coding,Phosphoglycerate mutase family protein,,Phosphoglycerate mutase family protein;(source:Araport11),Phosphoglycerate mutase family protein
AT3G60820,1,1,0,3,protein_coding,N-terminal nucleophile aminohydrolases (Ntn hydrolases) superfamily protein,Encodes 20S proteasome beta subunit PBF1 (PBF1).,N-terminal nucleophile aminohydrolases (Ntn hydrolases) superfamily protein;(source:Araport11),N-terminal nucleophile aminohydrolases (Ntn hydrolases) superfamily protein
AT3G61190,1,1,0,2,protein_coding,BON association protein 1,Encodes a protein with a C2 domain that binds to BON1 in yeast two hybrid analyses. Its ability to bind to phospholipids is enhanced by calcium ions. Involved in maintaining cell homeostasis.,BON association protein 1;(source:Araport11),BON association protein 1
AT3G61280,4,4,0,2,protein_coding,Arabidopsis thaliana protein of unknown function (DUF821),,O-glucosyltransferase rumi-like protein (DUF821);(source:Araport11),Arabidopsis thaliana protein of unknown function (DUF821)
AT3G61470,1,0,1,1,protein_coding,photosystem I light harvesting complex gene 2,Encodes a component of the light harvesting antenna complex of photosystem I. The mRNA is cell-to-cell mobile.,photosystem I light harvesting complex protein;(source:Araport11),photosystem I light harvesting complex gene 2
AT3G61630,2,2,0,1,protein_coding,cytokinin response factor 6,"CRF6 encodes one of the six cytokinin response factors. CRF5 belongs to the AP2/ERF superfamily of the transcriptional factors.  CRF proteins rapidly relocalize to the nucleus in response to cytokinin.  Analysis of loos-of-function mutants revealed that the CRFs function redundantly to regulate the development of embryos, cotyledons and leaves.",cytokinin response factor 6;(source:Araport11),cytokinin response factor 6
AT3G61860,1,1,0,1,protein_coding,RNA-binding (RRM/RBD/RNP motifs) family protein,"encodes an arginine/serine-rich splicing factor. transcript is alternatively spliced and is differentially expressed in different tissues (flowers, roots, stems, and leaves) examined. Barta et al (2010) have proposed a nomenclature for Serine/Arginine-Rich Protein Splicing Factors (SR proteins): Plant Cell. 2010, 22:2926.",RNA-binding (RRM/RBD/RNP motifs) family protein;(source:Araport11),RNA-binding (RRM/RBD/RNP motifs) family protein
AT3G61960,1,1,0,2,protein_coding,Protein kinase superfamily protein,"autophagy gene regulated by TOPP4, which stimulated the formation of the ATG1a-ATG13a complex by dephosphorylating ATG13a.",Protein kinase superfamily protein;(source:Araport11),Protein kinase superfamily protein
AT3G62090,1,1,0,4,protein_coding,phytochrome interacting factor 3-like 2,"encodes a novel Myc-related bHLH transcription factor, which physically associated with APRR1/TOC1 and is a member of PIF3 transcription factor family.",phytochrome interacting factor 3-like 2;(source:Araport11),phytochrome interacting factor 3-like 2
AT3G62150,1,1,0,3,protein_coding,P-glycoprotein 21,Encodes a facultative transporter controlling auxin concentrations in plant cells.,P-glycoprotein 21;(source:Araport11),P-glycoprotein 21
AT3G62200,1,1,0,1,protein_coding,Putative endonuclease or glycosyl hydrolase,,Putative endonuclease or glycosyl hydrolase;(source:Araport11),Putative endonuclease or glycosyl hydrolase
AT3G62260,2,2,0,3,protein_coding,Protein phosphatase 2C family protein,Type 2C protein phosphatase (PP2C) which negatively regulates AtHKT1;1 activity and thus determines systemic Na+ allocation during salt stress.,Protein phosphatase 2C family protein;(source:Araport11),Protein phosphatase 2C family protein
AT3G62590,1,1,0,1,protein_coding,alpha/beta-Hydrolases superfamily protein,PLIP3  is a glycerolipid A1 lipase with substrate specificity for phosphatidylglycerol. Expression is induced by ABA.,alpha/beta-Hydrolases superfamily protein;(source:Araport11),alpha/beta-Hydrolases superfamily protein
AT3G62600,1,1,0,1,protein_coding,DNAJ heat shock family protein,J domain protein localized in ER lumen. Can partially compensate for the growth defect in jem1 scj1 mutant yeast. Forms a complex SDF2-ERdj3B-BiP that is required for the proper accumulation of the surface-exposed leucine-rich repeat receptor kinases EFR.  EFR is involved in PAMP (pathogen associated molecular patterns) triggered immunity.,DNAJ heat shock family protein;(source:Araport11),DNAJ heat shock family protein
AT3G62740,1,1,0,2,protein_coding,beta glucosidase 7,,beta glucosidase 7;(source:Araport11),beta glucosidase 7
AT3G63010,2,2,0,1,protein_coding,alpha/beta-Hydrolases superfamily protein,"Encodes a gibberellin (GA) receptor ortholog of the rice GA receptor gene (OsGID1). Has GA-binding activity, showing higher affinity to GA4. Interacts with DELLA proteins in vivo in the presence of GA4. The mRNA is cell-to-cell mobile.",alpha/beta-Hydrolases superfamily protein;(source:Araport11),alpha/beta-Hydrolases superfamily protein
AT3G63030,1,1,0,1,protein_coding,methyl-CPG-binding domain 4,"Protein containing methyl-CpG-binding domain.Has sequence similarity to human MBD proteins. Harbinger transposon&#8208;derived protein, which forms a complex with SANT1/2/3/4, MBD1/2, HHP1, and HDA6. Required for histone deacetylation and flowering time control.",methyl-CPG-binding domain 4;(source:Araport11),methyl-CPG-binding domain 4
AT3G63310,1,1,0,1,protein_coding,Bax inhibitor-1 family protein,Mediates cell elongation in brassinosteroid signaling.,Bax inhibitor-1 family protein;(source:Araport11),Bax inhibitor-1 family protein
AT3G63380,5,5,0,1,protein_coding,ATPase E1-E2 type family protein / haloacid dehalogenase-like hydrolase family protein,,ATPase E1-E2 type family protein / haloacid dehalogenase-like hydrolase family protein;(source:Araport11),ATPase E1-E2 type family protein / haloacid dehalogenase-like hydrolase family protein
AT3G63500,1,1,0,3,protein_coding,Protein of unknown function (DUF1423),"Encodes a PHD-finger protein that, with TTA2, is redundantly required for MP-dependent embryonic root meristem initiation.",fibronectin type III domain protein (DUF1423);(source:Araport11),Protein of unknown function (DUF1423)
AT4G00290,1,1,0,1,protein_coding,Mechanosensitive ion channel protein,Encodes a non-selective mechanosensitive ion channel localized to the inner mitochondrial membrane.,Mechanosensitive ion channel protein;(source:Araport11),Mechanosensitive ion channel protein
AT4G00490,2,2,0,1,protein_coding,beta-amylase 2,Encodes a chloroplast beta-amylase. The enzyme activity is very weak compared to BAM1 and BAM3. It forms a tetramer whose activity requires K+ and exhibits sigmoidal kinetics Mutants of BAM2 have no visible phenotype.,beta-amylase 2;(source:Araport11),beta-amylase 2
AT4G00700,4,4,0,2,protein_coding,C2 calcium/lipid-binding plant phosphoribosyltransferase family protein,,C2 calcium/lipid-binding plant phosphoribosyltransferase family protein;(source:Araport11),C2 calcium/lipid-binding plant phosphoribosyltransferase family protein
AT4G01010,3,3,0,2,protein_coding,cyclic nucleotide-gated channel 13,member of Cyclic nucleotide gated channel family,cyclic nucleotide-gated channel 13;(source:Araport11),cyclic nucleotide-gated channel 13
AT4G01130,1,1,0,3,protein_coding,GDSL-like Lipase/Acylhydrolase superfamily protein,GDSL-motif  esterase/acyltransferase/lipase. Enzyme group with broad substrate specificity that may catalyze acyltransfer or hydrolase reactions with lipid and non-lipid substrates.,GDSL-like Lipase/Acylhydrolase superfamily protein;(source:Araport11),GDSL-like Lipase/Acylhydrolase superfamily protein
AT4G01390,1,1,0,1,protein_coding,TRAF-like family protein,,TRAF-like family protein;(source:Araport11),TRAF-like family protein
AT4G01430,1,1,0,3,protein_coding,nodulin MtN21 /EamA-like transporter family protein,Encodes a plasma membrane-localized amino acid transporter likely involved in glucosinolate and amino acid export in the developing seed. Expressed in ovule funiculus.Glucosinolates are exported from site of biosynthesis the chalazal seed coat.,nodulin MtN21 /EamA-like transporter family protein;(source:Araport11),nodulin MtN21 /EamA-like transporter family protein
AT4G01480,1,1,0,2,protein_coding,pyrophosphorylase 5,Encodes a protein that might have inorganic pyrophosphatase activity.,pyrophosphorylase 5;(source:Araport11),pyrophosphorylase 5
AT4G01610,1,1,0,2,protein_coding,Cysteine proteinases superfamily protein,Encodes a capase involved in stress induced cell death.  Activity detected in leaf and cell culture.,Cysteine proteinases superfamily protein;(source:Araport11),Cysteine proteinases superfamily protein
AT4G01700,2,2,0,1,protein_coding,Chitinase family protein,,Chitinase family protein;(source:Araport11),Chitinase family protein
AT4G01720,1,1,0,1,protein_coding,WRKY family transcription factor,member of WRKY Transcription Factor; Group II-b,WRKY family transcription factor;(source:Araport11),WRKY family transcription factor
AT4G01750,1,1,0,1,protein_coding,rhamnogalacturonan xylosyltransferase 2,"Encodes a protein with UDP-xylose-dependent xylosyltransferase activity, which transfers Xyl onto L-fucose and (albeit less efficiently) L-arabinose. The linkage to L-fucose was shown to be preferentially to the <i>O</i>-4 position. Analysis of mutant containing T-DNA insertion in this gene indicate that the RGXT2 protein might be involved in the synthesis of the &alpha;-D-Xyl-(1,3)-&alpha;-L-Fuc-(1,4)-L-Rha structure in pectic rhamnogalacturonan II. The mRNA is cell-to-cell mobile.",rhamnogalacturonan xylosyltransferase 2;(source:Araport11),rhamnogalacturonan xylosyltransferase 2
AT4G01870,3,3,0,2,protein_coding,tolB protein-related,,tolB protein-like protein;(source:Araport11),tolB protein-related
AT4G01985,7,7,0,3,protein_coding,,,hypothetical protein;(source:Araport11),hypothetical protein;(source:Araport11)
AT4G02280,1,1,0,1,protein_coding,sucrose synthase 3,"Encodes a protein with sucrose synthase activity (SUS3). It appears to be important for sucrose metabolism in developing seeds, especially during the late maturation phase, about 18 days after flowering.",sucrose synthase 3;(source:Araport11),sucrose synthase 3
AT4G02330,1,1,0,1,protein_coding,Plant invertase/pectin methylesterase inhibitor superfamily,"Encodes a pectin methylesterase that is sensitive to chilling stress and brassinosteroid regulation, response to Botrytis cinerea.",Plant invertase/pectin methylesterase inhibitor superfamily;(source:Araport11),Plant invertase/pectin methylesterase inhibitor superfamily
AT4G02360,3,3,0,1,protein_coding,"Protein of unknown function, DUF538","DUF538 domain protein , tandemly repeated with  AT4G02370 (ASD4). Expression is induced by ABA and promoter contains ABA response elements. Mutants show decreased sensitivity to ABA.","transmembrane protein, putative (Protein of unknown function, DUF538);(source:Araport11)","Protein of unknown function, DUF538"
AT4G02380,4,4,0,3,protein_coding,senescence-associated gene 21,Encodes AtLEA5 (late embryogenesis abundant like protein).  Also known as SENESCENCE-ASSOCIATED GENE 21 (SAG21).  Has a role on oxidative stress tolerance. mRNA levels are elevated in response to various stresses.,senescence-associated gene 21;(source:Araport11),senescence-associated gene 21
AT4G02410,1,1,0,1,protein_coding,Concanavalin A-like lectin protein kinase family protein,,Concanavalin A-like lectin protein kinase family protein;(source:Araport11),Concanavalin A-like lectin protein kinase family protein
AT4G02420,2,2,0,1,protein_coding,Concanavalin A-like lectin protein kinase family protein,,Concanavalin A-like lectin protein kinase family protein;(source:Araport11),Concanavalin A-like lectin protein kinase family protein
AT4G02520,2,2,0,1,protein_coding,glutathione S-transferase PHI 2,Encodes glutathione transferase belonging to the phi class of GSTs. Naming convention according to Wagner et al. (2002).  The expression of this gene is upregulated by herbicide safeners such as benoxacor and fenclorim.,glutathione S-transferase PHI 2;(source:Araport11),glutathione S-transferase PHI 2
AT4G02660,1,1,0,3,protein_coding,"Beige/BEACH domain ;WD domain, G-beta repeat protein",,Beige/BEACH and WD40 domain-containing protein;(source:Araport11),"Beige/BEACH domain ;WD domain, G-beta repeat protein"
AT4G03320,3,3,0,1,protein_coding,translocon at the inner envelope membrane of chloroplasts 20-IV,"Encodes a component of the TIC (translocon at the inner envelope membrane of chloroplasts) protein translocation machinery mediating the protein translocation across the inner envelope of plastids. The Arabidopsis genome encodes four Tic20 homologous proteins, AT1G04940(Tic20-I), AT2G47840(Tic20-II), AT4G03320(Tic20-IV) and AT5G55710(Tic20-V).",translocon at the inner envelope membrane of chloroplasts 20-IV;(source:Araport11),translocon at the inner envelope membrane of chloroplasts 20-IV
AT4G03420,1,1,0,1,protein_coding,Protein of unknown function (DUF789),,hypothetical protein (DUF789);(source:Araport11),Protein of unknown function (DUF789)
AT4G03430,1,1,0,3,protein_coding,pre-mRNA splicing factor-related,"Encodes a nuclear protein similar to the human U5 small ribonucleoprotein-associated 102-kD protein and to the yeast pre-mRNA splicing factors Prp1p and Prp6p. STA1 expression is upregulated by cold stress, and the sta1-1 mutant is defective in the splicing of the cold-induced COR15A gene. Luciferase imaging was used to isolate a recessive mutant, sta1-1, with enhanced stability of the normally unstable luciferase transcript. This mutation also causes the stabilization of some endogenous gene transcripts and has a range of developmental and stress response phenotypes.",pre-mRNA splicing factor-like protein;(source:Araport11),pre-mRNA splicing factor-related
AT4G03450,1,1,0,2,protein_coding,Ankyrin repeat family protein,,Ankyrin repeat family protein;(source:Araport11),Ankyrin repeat family protein
AT4G04220,1,1,0,1,protein_coding,receptor like protein 46,,receptor like protein 46;(source:Araport11),receptor like protein 46
AT4G04490,5,5,0,1,protein_coding,cysteine-rich RLK (RECEPTOR-like protein kinase) 36,Encodes a cysteine-rich receptor-like protein kinase.,cysteine-rich RLK (RECEPTOR-like protein kinase) 36;(source:Araport11),cysteine-rich RLK (RECEPTOR-like protein kinase) 36
AT4G04500,4,4,0,3,protein_coding,cysteine-rich RLK (RECEPTOR-like protein kinase) 37,Encodes a cysteine-rich receptor-like protein kinase.,cysteine-rich RLK (RECEPTOR-like protein kinase) 37;(source:Araport11),cysteine-rich RLK (RECEPTOR-like protein kinase) 37
AT4G04510,1,1,0,2,protein_coding,cysteine-rich RLK (RECEPTOR-like protein kinase) 38,Encodes a cysteine-rich receptor-like protein kinase.,cysteine-rich RLK (RECEPTOR-like protein kinase) 38;(source:Araport11),cysteine-rich RLK (RECEPTOR-like protein kinase) 38
AT4G04540,1,1,0,4,protein_coding,cysteine-rich RLK (RECEPTOR-like protein kinase) 39,Encodes a cysteine-rich receptor-like protein kinase.,cysteine-rich RLK (RECEPTOR-like protein kinase) 39;(source:Araport11),cysteine-rich RLK (RECEPTOR-like protein kinase) 39
AT4G04570,1,1,0,3,protein_coding,cysteine-rich RLK (RECEPTOR-like protein kinase) 40,Encodes a cysteine-rich receptor-like protein kinase. The mRNA is cell-to-cell mobile. | Encodes a cysteine-rich receptor-like protein kinase.The mRNA is cell-to-cell mobile.,cysteine-rich RLK (RECEPTOR-like protein kinase) 40;(source:Araport11),cysteine-rich RLK (RECEPTOR-like protein kinase) 40
AT4G04620,2,2,0,3,protein_coding,Ubiquitin-like superfamily protein,Autophagy protein.,Ubiquitin-like superfamily protein;(source:Araport11),Ubiquitin-like superfamily protein
AT4G04920,1,1,0,3,protein_coding,sensitive to freezing 6,"Encodes a subunit of the MEDIATOR complex. Plays a role in the CBF pathway -downstream of CBF translation. Mutants have impaired cold responses, reduced levels of cold induced RNA transcripts, are sensitive to osmotic stress. Required for expression of CBF-controlled cold-upregulated genes and some, but not all, other cold up-regulated genes. Required for recruitment of the Mediator complex and RNA polymerase II to CBF-controlled cold-responsive genes. Required for expression of some dark-upregulated genes and auxin mediated gene expression. SFR6 was isolated as a suppressor of cell wall defects in cob6 mutant background.",sensitive to freezing 6;(source:Araport11),sensitive to freezing 6
AT4G05020,4,4,0,2,protein_coding,NAD(P)H dehydrogenase B2,Miitochondrial alternative NADH dehydrogenase.,NAD(P)H dehydrogenase B2;(source:Araport11),NAD(P)H dehydrogenase B2
AT4G05050,1,1,0,4,protein_coding,ubiquitin 11,"polyubiquitin gene, belongs to a subtype group with UBQ10 and UBQ14.  Various ecotypes of Arabidopsis have different numbers of ubiquitin repeats within this gene.",ubiquitin 11;(source:Araport11),ubiquitin 11
AT4G05180,1,0,1,2,protein_coding,photosystem II subunit Q-2,Encodes the PsbQ subunit of the oxygen evolving complex of photosystem II.,photosystem II subunit Q-2;(source:Araport11),photosystem II subunit Q-2
AT4G06744,1,1,0,1,protein_coding,Leucine-rich repeat (LRR) family protein,,Leucine-rich repeat (LRR) family protein;(source:Araport11),Leucine-rich repeat (LRR) family protein
AT4G07990,1,1,0,3,protein_coding,Chaperone DnaJ-domain superfamily protein,Cochaperone that interacts with cpHsc70-1 in chloroplasts.,Chaperone DnaJ-domain superfamily protein;(source:Araport11),Chaperone DnaJ-domain superfamily protein
AT4G08150,1,1,0,1,protein_coding,KNOTTED-like from Arabidopsis thaliana,"A member of class I knotted1-like homeobox gene family (together with KNAT2). Similar to the knotted1 (kn1) homeobox gene of maize. Normally expressed in the peripheral and rib zone of shoot apical meristem but not in the leaf primordia. It is also expressed in the fourth floral whorl, in the region that would become style, particularly in the cell surrounding the transmitting tissue. No expression was detected in the first three floral whorls. Expression is repressed by auxin and AS1 which results in the promotion of leaf fate.",homeobox knotted-like protein;(source:Araport11),KNOTTED-like from Arabidopsis thaliana
AT4G08230,1,1,0,2,protein_coding,glycine-rich protein,,glycine-rich protein;(source:Araport11),glycine-rich protein
AT4G08470,3,3,0,3,protein_coding,MAPK/ERK kinase kinase 3,"Encodes a member of the A1 subgroup of the MEKK (MAPK/ERK kinase kinase) family. MEKK is another name for Mitogen-Activated Protein Kinase Kinase Kinase (MAPKKK or MAP3K).  This subgroup has four members: At4g08500 (MEKK1, also known as ARAKIN, MAP3Kb1, MAPKKK8), At4g08480 (MEKK2, also known as MAP3Kb4, MAPKKK9),  At4g08470 (MEKK3, also known as MAP3Kb3, MAPKKK10) and At4g12020 (MEKK4, also known as MAP3Kb5, MAPKKK11, WRKY19).  Nomenclatures for mitogen-activated protein kinases are described in Trends in Plant Science 2002, 7(7):301.",MAPK/ERK kinase kinase 3;(source:Araport11),MAPK/ERK kinase kinase 3
AT4G08555,2,2,0,1,protein_coding,,,hypothetical protein;(source:Araport11),hypothetical protein;(source:Araport11)
AT4G08570,2,2,0,1,protein_coding,Heavy metal transport/detoxification superfamily protein,,Heavy metal transport/detoxification superfamily protein;(source:Araport11),Heavy metal transport/detoxification superfamily protein
AT4G08770,1,1,0,1,protein_coding,Peroxidase superfamily protein,Encodes a putative apoplastic peroxidase Prx37.  Primarily expressed in the vascular bundles.  Overexpression renders a dwarf phenotype with smaller plants and delayed development. Plants overexpressing Prx37 also shows an increase in the amount of esterified phenolic material associated with their walls.,Peroxidase superfamily protein;(source:Araport11),Peroxidase superfamily protein
AT4G08850,3,3,0,2,protein_coding,Leucine-rich repeat receptor-like protein kinase family protein,"MIK1 encodes a receptor kinase that forms a complex with MDIS1/MIK2 and binds LURE1, the female pollen guidance chemi-attractant. MIK1 phosphorylates MDIS1 and is autophosphorylated.",Leucine-rich repeat receptor-like protein kinase family protein;(source:Araport11),Leucine-rich repeat receptor-like protein kinase family protein
AT4G08870,1,1,0,2,protein_coding,Arginase/deacetylase superfamily protein,Encodes one of the two arginase in the genome. Gene expression is enhanced by methyl jasmonate treatment.  It is involved in the defense response to B.cinerea.,Arginase/deacetylase superfamily protein;(source:Araport11),Arginase/deacetylase superfamily protein
AT4G09570,1,1,0,1,protein_coding,calcium-dependent protein kinase 4,Encodes a member of Calcium Dependent Protein Kinase (CDPK) gene family.Positive regulator of ABA signaling. Accumulates in root cells under osmotic stress. Turnover is regulated by PUB44 ubiquitin ligase. Phosphorylates ABA responsive transcription factors ABF1 and ABF4.,calcium-dependent protein kinase 4;(source:Araport11),calcium-dependent protein kinase 4
AT4G09600,1,1,0,1,protein_coding,GAST1 protein homolog 3,One of GASA gene family which is related to a GA-stimulated transcript (GAST) from tomato.,GAST1 protein homolog 3;(source:Araport11),GAST1 protein homolog 3
AT4G09750,2,2,0,1,protein_coding,NAD(P)-binding Rossmann-fold superfamily protein,,NAD(P)-binding Rossmann-fold superfamily protein;(source:Araport11),NAD(P)-binding Rossmann-fold superfamily protein
AT4G10040,1,1,0,1,protein_coding,cytochrome c-2,"Encodes cytochrome c. Promoter directs preferential expression in vascular tissues of cotyledons, leaves, roots, and hypocotyls, and in anthers. Double mutants with CYTC-1 accumulate starch during the day, have delayed growth and development and reduced GA and DELLA proteins linking cellular metabolism and GA homeostasis.",cytochrome c-2;(source:Araport11),cytochrome c-2
AT4G10340,1,0,1,1,protein_coding,light harvesting complex of photosystem II 5,photosystem II encoding the light-harvesting chlorophyll a/b binding protein CP26 of the antenna system of the photosynthetic apparatus The mRNA is cell-to-cell mobile.,light harvesting complex of photosystem II 5;(source:Araport11),light harvesting complex of photosystem II 5
AT4G10500,4,4,0,1,protein_coding,2-oxoglutarate (2OG) and Fe(II)-dependent oxygenase superfamily protein,,2-oxoglutarate (2OG) and Fe(II)-dependent oxygenase superfamily protein;(source:Araport11),2-oxoglutarate (2OG) and Fe(II)-dependent oxygenase superfamily protein
AT4G10970,1,1,0,7,protein_coding,,"UAP56-interacting factor1, binds single stranded RNA and, along with UIEF2,,appears to play a role in nuclear export of RNA.",ribosome maturation factor;(source:Araport11),"UAP56-interacting factor1, binds single stranded RNA and, along with UIEF2,,appears to play a role in nuclear export of RNA."
AT4G11170,2,2,0,1,protein_coding,Disease resistance protein (TIR-NBS-LRR class) family,"Encodes RMG1 (Resistance Methylated Gene 1), a NB-LRR disease resistance protein with a Toll/interleukin-1 receptor (TIR) domain at its N terminus. RMG1 is expressed at high levels in response to flg22 and in naive met1/nrpd2 relative to wild-type plants. Expression of this gene is controlled by DNA methylation in its promoter region. The RMG1 promoter region is constitutively demethylated by active DNA demethylation mediated by the DNA glycosylase ROS1.",Disease resistance protein (TIR-NBS-LRR class) family;(source:Araport11),Disease resistance protein (TIR-NBS-LRR class) family
AT4G11260,1,1,0,1,protein_coding,phosphatase-related,"Functions in plant disease resistance signaling,  SCF(TIR1) mediated degradation of Aux/IAA proteins and HSP90 mediated degradation of R resistance proteins. AtSGT1a and AtSGT1b are functionally redundant in the resistance to pathogenes. AtSGT1b was more highly  expressed than AtSGT1. The N-terminal TPR domain of  AtSGT1a reduces the steady-state level of Arabidopsis SGT1  proteins whereas the same domain from AtSGT1b enhances  SGT1 accumulation. The TPR domain is dispensable for SGT1 resistance.",phosphatase-like protein;(source:Araport11),phosphatase-related
AT4G11350,2,2,0,2,protein_coding,Protein of unknown function (DUF604),,transferring glycosyl group transferase (DUF604);(source:Araport11),Protein of unknown function (DUF604)
AT4G11650,3,3,0,1,protein_coding,osmotin 34,Osmotin-like protein; functions as a positive regulator in the generation of ABA responses and is under post-translational control.,osmotin 34;(source:Araport11),osmotin 34
AT4G11670,1,1,0,4,protein_coding,Protein of unknown function (DUF810),,DNA topoisomerase 4 subunit B (DUF810);(source:Araport11),Protein of unknown function (DUF810)
AT4G11740,1,1,0,2,protein_coding,Ubiquitin-like superfamily protein,Isolated as a suppressor of a dominant mutant in the Ara4 gene that was expressed in yeast ypt1 mutant strains. A novel protein with a small region of similarity to coil-coiled domain of yeast VSP27 protein.,Ubiquitin-like superfamily protein;(source:Araport11),Ubiquitin-like superfamily protein
AT4G11840,3,3,0,2,protein_coding,phospholipase D gamma 3,member of C2-PLD subfamily,phospholipase D gamma 3;(source:Araport11),phospholipase D gamma 3
AT4G11850,3,3,0,1,protein_coding,phospholipase D gamma 1,Encodes a phospholipase D (gamma) that is involved in aluminum tolerance and plays a role in membrane lipid modulation under Al stress.,phospholipase D gamma 1;(source:Araport11),phospholipase D gamma 1
AT4G11890,4,4,0,4,protein_coding,Protein kinase superfamily protein,Encodes a receptor-like cytosolic kinase ARCK1. Negatively controls abscisic acid and osmotic stress signal transduction.,Protein kinase superfamily protein;(source:Araport11),Protein kinase superfamily protein
AT4G11910,3,3,0,1,protein_coding,,Acts antagonistically with SGR1 to balance chlorophyll catabolism in chloroplasts with  the dismantling and remobilizing of other cellular components in senescing leaf cells.,STAY-GREEN-like protein;(source:Araport11),Acts antagonistically with SGR1 to balance chlorophyll catabolism in chloroplasts with  the dismantling and remobilizing of other cellular components in senescing leaf cells.
AT4G12020,1,1,0,11,protein_coding,protein kinase family protein,"Encodes a member of the A1 subgroup of the MEKK (MAPK/ERK kinase kinase) family. MEKK is another name for Mitogen-Activated Protein Kinase Kinase Kinase (MAPKKK or MAP3K).  This subgroup has four members: At4g08500 (MEKK1, also known as ARAKIN, MAP3Kb1, MAPKKK8), At4g08480 (MEKK2, also known as MAP3Kb4, MAPKKK9),  At4g08470 (MEKK3, also known as MAP3Kb3, MAPKKK10) and At4g12020 (MEKK4, also known as MAP3Kb5, MAPKKK11, WRKY19).  Nomenclatures for mitogen-activated protein kinases are described in Trends in Plant Science 2002,7(7):301. Co-regulates with DSC1  basal levels of immunity to root-knot nematodes.",protein kinase family protein;(source:Araport11),protein kinase family protein
AT4G12120,2,2,0,1,protein_coding,Sec1/munc18-like (SM) proteins superfamily,member of KEULE Gene Family,Sec1/munc18-like (SM) proteins superfamily;(source:Araport11),Sec1/munc18-like (SM) proteins superfamily
AT4G12290,7,7,0,2,protein_coding,Copper amine oxidase family protein,Copper amine oxidase. Induced by ABA and involved in stomatal closure.,Copper amine oxidase family protein;(source:Araport11),Copper amine oxidase family protein
AT4G12470,5,5,0,1,protein_coding,azelaic acid induced 1,"Encodes AZI1 (AZELAIC ACID INDUCED 1).  Involved in the priming of salicylic acid induction and systemic immunity triggered by pathogen or azelaic acid. Targeting if AZI1 to chloroplasts is increased during SAR induction and that localization requires the PRR domain.It is involved in the uptake and movement of the azelaic acid signal. AZI1 uses a previously undescribed variant of the signal anchor proteins mechanism to target plastids. AZI1 uses a bipartite N-terminal signature: a non-cleavable TMD that anchors the protein to membranes, followed by a proline rich region with features that are shared with bona fide chloroplastic transit peptides. flg22 MAMP treatment strongly induces AZI1/EARLI1 protein levels and increases their relative enrichment in the plastid fraction.",azelaic acid induced 1;(source:Araport11),azelaic acid induced 1
AT4G12480,7,7,0,1,protein_coding,Bifunctional inhibitor/lipid-transfer protein/seed storage 2S albumin superfamily protein,"Encodes a putative lipid transfer protein, vernalization-responsive and cold-induced. It is involved in priming the SAR and ISR responses, specifically in propagating the cell-to-cell mobile signal. The kinases MPK3 (AT3G45640) and MPK6 (AT2G43790) promote the accumulation of AZI1/EARLI1 at plastids during defense priming induction. The kinases MPK3 (AT3G45640) and MPK6 (AT2G43790) promote the accumulation of AZI1/EARLI1 at plastids during defense priming induction.",Bifunctional inhibitor/lipid-transfer protein/seed storage 2S albumin superfamily protein;(source:Araport11),Bifunctional inhibitor/lipid-transfer protein/seed storage 2S albumin superfamily protein
AT4G12490,3,3,0,1,protein_coding,Bifunctional inhibitor/lipid-transfer protein/seed storage 2S albumin superfamily protein,Encodes a member of the AZI family of lipid transfer proteins. Contains a PRR domain that appears to be required for localization to the chloroplast.,Bifunctional inhibitor/lipid-transfer protein/seed storage 2S albumin superfamily protein;(source:Araport11),Bifunctional inhibitor/lipid-transfer protein/seed storage 2S albumin superfamily protein
AT4G12500,1,1,0,1,protein_coding,Bifunctional inhibitor/lipid-transfer protein/seed storage 2S albumin superfamily protein,,Bifunctional inhibitor/lipid-transfer protein/seed storage 2S albumin superfamily protein;(source:Araport11),Bifunctional inhibitor/lipid-transfer protein/seed storage 2S albumin superfamily protein
AT4G12580,3,3,0,2,protein_coding,,,hypothetical protein;(source:Araport11),hypothetical protein;(source:Araport11)
AT4G12720,3,3,0,6,protein_coding,MutT/nudix family protein,Encodes a protein with ADP-ribose hydrolase activity. Negatively regulates EDS1-conditioned plant defense and programmed cell death.,MutT/nudix family protein;(source:Araport11),MutT/nudix family protein
AT4G12735,2,2,0,1,protein_coding,,Encodes a peroxisomal protein.,hypothetical protein;(source:Araport11),Encodes a peroxisomal protein.
AT4G12830,1,0,1,1,protein_coding,alpha/beta-Hydrolases superfamily protein,,alpha/beta-Hydrolases superfamily protein;(source:Araport11),alpha/beta-Hydrolases superfamily protein
AT4G13180,1,1,0,1,protein_coding,NAD(P)-binding Rossmann-fold superfamily protein,,NAD(P)-binding Rossmann-fold superfamily protein;(source:Araport11),NAD(P)-binding Rossmann-fold superfamily protein
AT4G13800,1,1,0,10,protein_coding,Protein of unknown function (DUF803),,magnesium transporter NIPA (DUF803);(source:Araport11),Protein of unknown function (DUF803)
AT4G13810,2,2,0,3,protein_coding,receptor like protein 47,,receptor like protein 47;(source:Araport11),receptor like protein 47
AT4G14020,2,2,0,1,protein_coding,Rapid alkalinization factor (RALF) family protein,,Rapid alkalinization factor (RALF) family protein;(source:Araport11),Rapid alkalinization factor (RALF) family protein
AT4G14220,2,2,0,1,protein_coding,RING-H2 group F1A,encodes a RING-type E3 ubiquitin ligase implicated in gametogenesis. RHF1a can interact with the cell cycle inhibitor ICK4/KRP6 in vitro. It apppears to target ICK4KRP6 for degradation following meiosis in order to allow the mitoses associated with megagametogenesis and microgametogenesis to occur. RHF1a is expressed in the carpels throughout floral development. It is expressed in various tissues of the anthers during the early stages of anther development but not in stage 12 flowers and beyond. The mRNA is cell-to-cell mobile.,RING-H2 group F1A;(source:Araport11),RING-H2 group F1A
AT4G14365,4,4,0,1,protein_coding,XB3 ortholog 4 in Arabidopsis thaliana,,hypothetical protein;(source:Araport11),XB3 ortholog 4 in Arabidopsis thaliana
AT4G14370,3,3,0,3,protein_coding,Disease resistance protein (TIR-NBS-LRR class) family,Regulator of chromosome condensation (RCC1) family with FYVE zinc finger domain. PRAF/RLD family member.,Disease resistance protein (TIR-NBS-LRR class) family;(source:Araport11),Disease resistance protein (TIR-NBS-LRR class) family
AT4G14400,5,5,0,3,protein_coding,ankyrin repeat family protein,Encodes a novel protein with putative ankyrin and transmembrane regions. It is a member of one of the largest uncharacterized gene families in land plants. The gene is involved in resistance to Pseudomonas syringae.,ankyrin repeat family protein;(source:Araport11),ankyrin repeat family protein
AT4G14690,1,0,1,1,protein_coding,Chlorophyll A-B binding family protein,"Encodes an early light-induced protein. ELIPs are thought not to be directly involved in the synthesis and assembly of specific photosynthetic complexes, but rather affect the biogenesis of all chlorophyll-binding complexes. A study (PMID 17553115) has shown that the chlorophyll synthesis pathway was  downregulated as a result of constitutive ELIP2 expression, leading to decreased chlorophyll availability for the assembly  of pigment-binding proteins for photosynthesis.",Chlorophyll A-B binding family protein;(source:Araport11),Chlorophyll A-B binding family protein
AT4G14746,2,2,0,2,protein_coding,,,neurogenic locus notch-like protein;(source:Araport11),neurogenic locus notch-like protein;(source:Araport11)
AT4G14800,1,1,0,2,protein_coding,20S proteasome beta subunit D2,Encodes 20S proteasome beta subunit PBD2 (PBD2).,20S proteasome beta subunit D2;(source:Araport11),20S proteasome beta subunit D2
AT4G15210,1,1,0,4,protein_coding,beta-amylase 5,cytosolic beta-amylase expressed in rosette leaves and inducible by sugar. RAM1 mutants have reduced beta amylase in leaves and stems.,beta-amylase 5;(source:Araport11),beta-amylase 5
AT4G15233,2,2,0,8,protein_coding,ABC-2 and Plant PDR ABC-type transporter family protein,,ABC-2 and Plant PDR ABC-type transporter family protein;(source:Araport11),ABC-2 and Plant PDR ABC-type transporter family protein
AT4G15420,1,1,0,2,protein_coding,Ubiquitin fusion degradation UFD1 family protein,,Ubiquitin fusion degradation UFD1 family protein;(source:Araport11),Ubiquitin fusion degradation UFD1 family protein
AT4G15440,2,2,0,1,protein_coding,hydroperoxide lyase 1,Encodes a hydroperoxide lyase.  Also a member of the CYP74B cytochrome p450 family. In the ecotype Columbia (Col) the gene contains a 10-nucleotide deletion in its first  exon that causes it to code for a truncated protein that results in a non-functional hydroperoxide lyase.,hydroperoxide lyase 1;(source:Araport11),hydroperoxide lyase 1
AT4G15560,1,0,1,1,protein_coding,Deoxyxylulose-5-phosphate synthase,Encodes a protein with 1-deoxyxylulose 5-phosphate synthase activity involved in the MEP pathway. It is essential for chloroplast development in Arabidopsis,Deoxyxylulose-5-phosphate synthase;(source:Araport11),Deoxyxylulose-5-phosphate synthase
AT4G15610,4,4,0,2,protein_coding,Uncharacterised protein family (UPF0497),,Uncharacterized protein family (UPF0497);(source:Araport11),Uncharacterised protein family (UPF0497)
AT4G15910,2,2,0,1,protein_coding,drought-induced 21,encodes a gene whose transcript level in root and leaves increases to progressive drought stress. The transcript level is also affected by changes of endogenous or exogenous abscisic acid level. It appears to be a member of plant-specific gene family that includes late embryo-abundant and zinc- IAA-induced proteins in other plants. The mRNA is cell-to-cell mobile.,drought-induced 21;(source:Araport11),drought-induced 21
AT4G16146,1,1,0,1,protein_coding,cAMP-regulated phosphoprotein 19-related protein,,cAMP-regulated phosphoprotein 19-related protein;(source:Araport11),cAMP-regulated phosphoprotein 19-related protein
AT4G16260,4,4,0,2,protein_coding,Glycosyl hydrolase superfamily protein,"Encodes a putative beta-1,3-endoglucanase that interacts with the 30C02 cyst nematode effector. May play a role in host defense.",Glycosyl hydrolase superfamily protein;(source:Araport11),Glycosyl hydrolase superfamily protein
AT4G16660,2,2,0,2,protein_coding,heat shock protein 70 (Hsp 70) family protein,Heat shock protein 70 (Hsp 70) family protein.,heat shock protein 70 (Hsp 70) family protein;(source:Araport11),heat shock protein 70 (Hsp 70) family protein
AT4G16670,1,1,0,3,protein_coding,Plant protein of unknown function (DUF828) with plant pleckstrin homology-like region,"FORKED-LIKE family member, part of Group 3 (Group 1 consists of FKD1, FL1-FL3; Group 2 consists of FL4 and FL8 and Group 3 consists of FL5- FL7). May coordinate leaf size with vein density, where Group 1 members and Group 3 members have opposing functions.FL7 is a Positive regulator of plant immunity to Phytophthora capsici and a positive regulator of PTI response including MAPK activity and ROS burst induced by PAMPs (PMID:36269178).",auxin canalization protein (DUF828);(source:Araport11),Plant protein of unknown function (DUF828) with plant pleckstrin homology-like region
AT4G16690,2,2,0,1,protein_coding,methyl esterase 16,"Encodes a protein shown to have carboxylesterase activity, methyl IAA esterase activity, and methyl jasmonate esterase activity in vitro. This protein does not act on MeSA, MeGA4, or MEGA9 in vitro. Although MES16 is similar to MES17, a MeIAA hydrolase, two mes16 mutant lines (SALK_151578) and (SALK_139756) do not show altered sensitivity to MeIAA in root growth assays. MES16 transcripts appear to be more than 10-fold less abundant than those of MES17 in roots.",methyl esterase 16;(source:Araport11),methyl esterase 16
AT4G16760,1,1,0,2,protein_coding,acyl-CoA oxidase 1,"Encodes a medium to long-chain acyl-CoA oxidase. Catalyzes the first step of fatty acid beta-oxidation. Involved in jasmonate biosynthesis. Gene expression is induced by wounding, drought stress, abscisic acid, and jasmonate.",acyl-CoA oxidase 1;(source:Araport11),acyl-CoA oxidase 1
AT4G16960,1,1,0,1,protein_coding,Disease resistance protein (TIR-NBS-LRR class) family,Redundant function together with SIKIC1 and 2 in SNC1-mediated autoimmunity. Protein levels controlled by MUSE1 and MUSE2.,disease resistance protein (TIR-NBS-LRR class);(source:Araport11),Disease resistance protein (TIR-NBS-LRR class) family
AT4G17030,1,1,0,1,protein_coding,expansin-like B1,"Encodes EXLB1 (expansin-like B1), a member of the expansin family.",expansin-like B1;(source:Araport11),expansin-like B1
AT4G17070,1,1,0,1,protein_coding,peptidyl-prolyl cis-trans isomerases,,peptidyl-prolyl cis-trans isomerase;(source:Araport11),peptidyl-prolyl cis-trans isomerases
AT4G17230,2,2,0,2,protein_coding,SCARECROW-like 13,Encodes a scarecrow-like protein (SCL13). Member of GRAS gene family. Regulated by heat shock.,SCARECROW-like 13;(source:Araport11),SCARECROW-like 13
AT4G17250,1,1,0,3,protein_coding,,,transmembrane protein;(source:Araport11),transmembrane protein;(source:Araport11)
AT4G17340,1,0,1,1,protein_coding,tonoplast intrinsic protein 2;2,Root expressed tonoplast intrinsic protein.,tonoplast intrinsic protein 2;(source:Araport11),tonoplast intrinsic protein 2;2
AT4G17660,1,1,0,1,protein_coding,Protein kinase superfamily protein,,Protein kinase superfamily protein;(source:Araport11),Protein kinase superfamily protein
AT4G17670,3,3,0,1,protein_coding,Protein of unknown function (DUF581),,senescence-associated family protein (DUF581);(source:Araport11),Protein of unknown function (DUF581)
AT4G17720,2,2,0,1,protein_coding,RNA-binding (RRM/RBD/RNP motifs) family protein,,RNA-binding (RRM/RBD/RNP motifs) family protein;(source:Araport11),RNA-binding (RRM/RBD/RNP motifs) family protein
AT4G17900,2,2,0,2,protein_coding,PLATZ transcription factor family protein,,PLATZ transcription factor family protein;(source:Araport11),PLATZ transcription factor family protein
AT4G18010,2,2,0,2,protein_coding,myo-inositol polyphosphate 5-phosphatase 2,"Encodes an inositol polyphosphate 5-phosphatase that appears to have Type I activity. It can dephosphorylate IP3(inositol(1,4,5)P3) and IP4 (inositol(1,3,4,5)P4), but it does not appear to be active against phosphatidylinositol 4,5 bisphosphate. Overexpression of this gene renders plants insensitive to ABA in germination and growth assays.",myo-inositol polyphosphate 5-phosphatase 2;(source:Araport11),myo-inositol polyphosphate 5-phosphatase 2
AT4G18210,1,1,0,1,protein_coding,purine permease 10,"Member of a family of proteins related to PUP1, a purine transporter. May be involved in the transport of purine and purine derivatives such as cytokinins, across the plasma membrane. The mRNA is cell-to-cell mobile.",purine permease 10;(source:Araport11),purine permease 10
AT4G18250,1,1,0,1,protein_coding,"receptor serine/threonine kinase, putative",,receptor Serine/Threonine kinase-like protein;(source:Araport11),"receptor serine/threonine kinase, putative"
AT4G18880,2,2,0,1,protein_coding,heat shock transcription factor  A4A,Encodes a member of Heat Stress Transcription Factor(Hsf) family that is a substrate of the MPK3/MPK6 signaling and regulates stress responses.,heat shock transcription factor A4A;(source:Araport11),heat shock transcription factor  A4A
AT4G19006,1,1,0,2,protein_coding,Proteasome component (PCI) domain protein,,Proteasome component (PCI) domain protein;(source:Araport11),Proteasome component (PCI) domain protein
AT4G19230,3,3,0,2,protein_coding,"cytochrome P450, family 707, subfamily A, polypeptide 1","Encodes a protein with ABA 8'-hydroxylase activity, involved in ABA catabolism. Member of the CYP707A gene family. CYP707A1 appears to play an important role in determining the ABA levels in dry seeds. Gene involved in postgermination growth. Overexpression of CYP707A1 leads to a decrease in ABA levels and a reduction in after-ripening period to break dormancy.","cytochrome P450, family 707, subfamily A, polypeptide 1;(source:Araport11)","cytochrome P450, family 707, subfamily A, polypeptide 1"
AT4G19390,1,1,0,2,protein_coding,Uncharacterised protein family (UPF0114),,Uncharacterized protein family (UPF0114);(source:Araport11),Uncharacterised protein family (UPF0114)
AT4G19520,2,2,0,5,protein_coding,disease resistance protein (TIR-NBS-LRR class) family,,disease resistance protein (TIR-NBS-LRR class) family;(source:Araport11),disease resistance protein (TIR-NBS-LRR class) family
AT4G19660,2,2,0,2,protein_coding,NPR1-like protein 4,"Encodes NPR4, a ankyrin repeat BTB/POZ domain-containing  protein with 36% sequence identity with NPR1.  Mutants are more susceptible to the bacterial pathogen Pseudomonas syringe pv. tomato DC3000 and to the fungal pathogen Erysiphe cichoracearum, but do not differ markedly from wild type in interaction with virulent and avirulent strains of the oomycete Peronospora parasitica. NPR4 is required for basal defense against pathogens, and may be implicated in the cross-talk between the SA- and JA-dependent signaling pathways. NPR3 and NPR4 are receptors for the immune signal salicylic acid.",NPR1-like protein 4;(source:Araport11),NPR1-like protein 4
AT4G19700,1,1,0,1,protein_coding,SBP (S-ribonuclease binding protein) family protein,Encodes BOI (Botrytis Susceptible 1 Interactor).  Has E3 ubiquitin ligase activity. Interacts with and ubiquitinates BOS1 (Botrytis Susceptible 1) and EXO70E2.  It prevents caspase activation and attenuates cell death.,SBP (S-ribonuclease binding protein) family protein;(source:Araport11),SBP (S-ribonuclease binding protein) family protein
AT4G19810,2,2,0,2,protein_coding,Glycosyl hydrolase family protein with chitinase insertion domain,"ChiC encodes a Class V chitinase that is a part of glycoside hydrolase family 18 based on CAZy groupings. It appears to primarily act as an exochitinase in vitro where it predominantly cleaves a chitobiose (GlcNAc)2 residue from the non-reducing end of a chitin oligosaccharide. However, it shows some minor endochitinase activity in vitro, as well. A putative 24 amino-acid signal peptide may direct this protein to the secretory system and it has been detected in cell wall apoplastic fluid. RT-PCR experiments demonstrate that ChiC transcript levels are increased in response to abscisisc acid, jasmonic acid, and NaCl stress. Microarray results also suggest that transcript levels rise in response to osmotic stress, two fungal pathogens, a bacterial pathogen, and the elicitor flagellin. The mRNA is cell-to-cell mobile. | ChiC encodes a Class V chitinase that is a part of glycoside hydrolase family 18 based on CAZy groupings. It appears to primarily act as an exochitinase in vitro where it predominantly cleaves a chitobiose (GlcNAc)2 residue from the non-reducing end of a chitin oligosaccharide. However, it shows some minor endochitinase activity in vitro, as well. A putative 24 amino-acid signal peptide may direct this protein to the secretory system and it has been detected in cell wall apoplastic fluid. RT-PCR experiments demonstrate that ChiC transcript levels are increased in response to abscisisc acid, jasmonic acid, and NaCl stress. Microarray results also suggest that transcript levels rise in response to osmotic stress, two fungal pathogens, a bacterial pathogen, and the elicitor flagellin.The mRNA is cell-to-cell mobile.",Glycosyl hydrolase family protein with chitinase insertion domain-containing protein;(source:Araport11),Glycosyl hydrolase family protein with chitinase insertion domain
AT4G19880,2,2,0,3,protein_coding,Glutathione S-transferase family protein,,Glutathione S-transferase family protein;(source:Araport11),Glutathione S-transferase family protein
AT4G19990,1,1,0,7,protein_coding,FAR1-related sequence 1,,FAR1-related sequence 1;(source:Araport11),FAR1-related sequence 1
AT4G20110,4,4,0,2,protein_coding,VACUOLAR SORTING RECEPTOR 7,,VACUOLAR SORTING RECEPTOR 7;(source:Araport11),VACUOLAR SORTING RECEPTOR 7
AT4G20320,1,1,0,6,protein_coding,CTP synthase family protein,Cytidine triphosphate synthase.,CTP synthase family protein;(source:Araport11),CTP synthase family protein
AT4G20830,3,3,0,2,protein_coding,FAD-binding Berberine family protein,Encodes an oligogalacturonide oxidase that inactivates the elicitor-active oligogalacturonides (OGs). It is involved in plant immunity. Overexpressing plants are more resistant to B. cinerea.,FAD-binding Berberine family protein;(source:Araport11),FAD-binding Berberine family protein
AT4G20860,3,3,0,1,protein_coding,FAD-binding Berberine family protein,"involved in the generation of H2O2 from reduced compounds. Has the capability to oxidize the mixed-linked &#946;-1&#10141;3/&#946;-1&#10141;4-glucans (MLGs), cell wall-derived damage-associated molecular patterns (DAMPs) that activate plant   immunity.",FAD-binding Berberine family protein;(source:Araport11),FAD-binding Berberine family protein
AT4G21120,1,1,0,2,protein_coding,amino acid transporter 1,"Encodes a member of the cationic amino acid transporter (CAT) subfamily of amino acid polyamine choline transporters. Mediates efficient uptake of Lys, Arg and Glu in a yeast system. The mRNA is cell-to-cell mobile. | Encodes a member of the cationic amino acid transporter (CAT) subfamily of amino acid polyamine choline transporters. Mediates efficient uptake of Lys, Arg and Glu in a yeast system.The mRNA is cell-to-cell mobile.",amino acid transporter 1;(source:Araport11),amino acid transporter 1
AT4G21380,5,5,0,2,protein_coding,receptor kinase 3,"encodes a putative receptor-like serine/threonine protein kinases that is similar to Brassica self-incompatibility (S) locus. Expressed in root. Shoot expression limited to limited to the root-hypocotyl transition zone and at the base of lateral roots as well as in axillary buds, and pedicels.",receptor kinase 3;(source:Araport11),receptor kinase 3
AT4G21450,1,1,0,3,protein_coding,PapD-like superfamily protein,,PapD-like superfamily protein;(source:Araport11),PapD-like superfamily protein
AT4G21534,1,1,0,2,protein_coding,Diacylglycerol kinase family protein,,Diacylglycerol kinase family protein;(source:Araport11),Diacylglycerol kinase family protein
AT4G21570,1,1,0,2,protein_coding,Protein of unknown function (DUF300),,organic solute transporter ostalpha protein (DUF300);(source:Araport11),Protein of unknown function (DUF300)
AT4G21680,1,1,0,1,protein_coding,NITRATE TRANSPORTER 1.8,Encodes a nitrate transporter (NRT1.8).  Functions in nitrate removal from the xylem sap. Mediates cadmium tolerance.,NITRATE TRANSPORTER 1.8;(source:Araport11),NITRATE TRANSPORTER 1.8
AT4G21840,1,1,0,1,protein_coding,methionine sulfoxide reductase B8,,methionine sulfoxide reductase B8;(source:Araport11),methionine sulfoxide reductase B8
AT4G21850,1,1,0,2,protein_coding,methionine sulfoxide reductase B9,,methionine sulfoxide reductase B9;(source:Araport11),methionine sulfoxide reductase B9
AT4G21910,1,1,0,4,protein_coding,MATE efflux family protein,,MATE efflux family protein;(source:Araport11),MATE efflux family protein
AT4G21940,1,1,0,3,protein_coding,calcium-dependent protein kinase 15,member of Calcium Dependent Protein Kinase,calcium-dependent protein kinase 15;(source:Araport11),calcium-dependent protein kinase 15
AT4G21980,1,1,0,2,protein_coding,Ubiquitin-like superfamily protein,"Encodes APG8, a component of autophagy conjugation pathway. Delivered to the lumens of  vacuole under nitrogen-starvation condition. Highest expression in flowers. mRNA abundance increased during dark-induced  carbon starvation. Predominantly cytoplasmic with or without N starvation. Upon concanamycin A the protein accumulates in the central vacuole as punctuate structures that resemble autophagic bodies. This localization  is more abundant upon N starvation. The mRNA is cell-to-cell mobile.",Ubiquitin-like superfamily protein;(source:Araport11),Ubiquitin-like superfamily protein
AT4G21990,1,1,0,2,protein_coding,APS reductase 3,"Encodes a protein disulfide isomerase-like (PDIL) protein, a member of a multigene family within the thioredoxin (TRX) superfamily.  This protein also belongs to the adenosine 5'-phosphosulfate reductase-like (APRL) group.",APS reductase 3;(source:Araport11),APS reductase 3
AT4G22305,2,2,0,2,protein_coding,alpha/beta-Hydrolases superfamily protein,"Encodes SOBER1, a carboxylesterase that inhibits AvrBsT-triggered phenotypes in Arabidopsis. SOBER1 was formerly linked to AT4G22300 but this locus was split in the TAIR10 annotation into AT4G22300 and AT4G22305. AT4G22300 is now known as TIPSY1 and AT4G22305 corresponds to SOBER1.",alpha/beta-Hydrolases superfamily protein;(source:Araport11),alpha/beta-Hydrolases superfamily protein
AT4G22485,1,0,1,1,protein_coding,Bifunctional inhibitor/lipid-transfer protein/seed storage 2S albumin superfamily protein,Encodes a Protease inhibitor/seed storage/LTP family protein,Bifunctional inhibitor/lipid-transfer protein/seed storage 2S albumin superfamily protein;(source:Araport11),Bifunctional inhibitor/lipid-transfer protein/seed storage 2S albumin superfamily protein
AT4G22513,1,0,1,1,protein_coding,Bifunctional inhibitor/lipid-transfer protein/seed storage 2S albumin superfamily protein,Encodes a Protease inhibitor/seed storage/LTP family protein,Bifunctional inhibitor/lipid-transfer protein/seed storage 2S albumin superfamily protein;(source:Araport11),Bifunctional inhibitor/lipid-transfer protein/seed storage 2S albumin superfamily protein
AT4G22530,1,1,0,2,protein_coding,S-adenosyl-L-methionine-dependent methyltransferases superfamily protein,,S-adenosyl-L-methionine-dependent methyltransferases superfamily protein;(source:Araport11),S-adenosyl-L-methionine-dependent methyltransferases superfamily protein
AT4G22920,1,1,0,2,protein_coding,non-yellowing 1,"Similar to the tomato senescence-inducible chloroplast stay-green protein 1.  It is upregulated during maximal senescence in the Arabidopsis life cycle, especially in senescent leaves. Acts antagonistically with SGR2 to balance chlorophyll catabolism in chloroplasts with  the dismantling and remobilizing of other cellular components in senescing leaf cells.",non-yellowing 1;(source:Araport11),non-yellowing 1
AT4G23010,2,2,0,3,protein_coding,UDP-galactose transporter 2,,UDP-galactose transporter 2;(source:Araport11),UDP-galactose transporter 2
AT4G23130,1,1,0,3,protein_coding,cysteine-rich RLK (RECEPTOR-like protein kinase) 5,"Encodes a receptor-like protein kinase. Naming convention from Chen et al 2003 (PMID 14756307). Acts as a negative regulator of leaf aging. t WRKY53 and CRK5 are antagonistic  regulators of chlorophyll synthesis/degradation, senescence, and stomatal conductance.",cysteine-rich RLK (RECEPTOR-like protein kinase) 5;(source:Araport11),cysteine-rich RLK (RECEPTOR-like protein kinase) 5
AT4G23140,5,5,0,2,protein_coding,cysteine-rich RLK (RECEPTOR-like protein kinase) 6,Arabidopsis thaliana receptor-like protein kinase. Naming convention from Chen et al 2003 (PMID 14756307),cysteine-rich RLK (RECEPTOR-like protein kinase) 6;(source:Araport11),cysteine-rich RLK (RECEPTOR-like protein kinase) 6
AT4G23150,3,3,0,1,protein_coding,cysteine-rich RLK (RECEPTOR-like protein kinase) 7,Encodes a cysteine-rich receptor-like protein kinase.,cysteine-rich RLK (RECEPTOR-like protein kinase) 7;(source:Araport11),cysteine-rich RLK (RECEPTOR-like protein kinase) 7
AT4G23160,2,2,0,3,protein_coding,cysteine-rich RLK (RECEPTOR-like protein kinase) 8,Encodes a cysteine-rich receptor-like protein kinase.,cysteine-rich RECEPTOR-like kinase;(source:Araport11),cysteine-rich RLK (RECEPTOR-like protein kinase) 8
AT4G23170,3,3,0,1,protein_coding,receptor-like protein kinase-related family protein,"Induced in response to Salicylic acid.Similar to receptor-like kinase 4 and 5. NPR1, a known positive regulator of the SA signaling pathway is responsible for the SA-dependent induction and constitutive repression of EP1 gene's basal expression. The mRNA is cell-to-cell mobile.",receptor-like protein kinase-related family protein;(source:Araport11),receptor-like protein kinase-related family protein
AT4G23180,2,2,0,3,protein_coding,cysteine-rich RLK (RECEPTOR-like protein kinase) 10,Encodes a receptor-like protein kinase. Naming convention from Chen et al 2003 (PMID 14756307) The mRNA is cell-to-cell mobile. | Encodes a receptor-like protein kinase. Naming convention from Chen et al 2003 (PMID 14756307)The mRNA is cell-to-cell mobile.,cysteine-rich RLK (RECEPTOR-like protein kinase) 10;(source:Araport11),cysteine-rich RLK (RECEPTOR-like protein kinase) 10
AT4G23190,2,2,0,4,protein_coding,cysteine-rich RLK (RECEPTOR-like protein kinase) 11,"Encodes putative receptor-like protein kinase that is induced by the soil-borne vascular bacteria, Ralstonia solanacearum. Naming convention from Chen et al 2003 (PMID 14756307)",cysteine-rich RLK (RECEPTOR-like protein kinase) 11;(source:Araport11),cysteine-rich RLK (RECEPTOR-like protein kinase) 11
AT4G23200,2,2,0,2,protein_coding,cysteine-rich RLK (RECEPTOR-like protein kinase) 12,Encodes a cysteine-rich receptor-like protein kinase.,cysteine-rich RLK (RECEPTOR-like protein kinase) 12;(source:Araport11),cysteine-rich RLK (RECEPTOR-like protein kinase) 12
AT4G23210,1,1,0,5,protein_coding,cysteine-rich RLK (RECEPTOR-like protein kinase) 13,"Encodes a Cysteine-rich receptor-like kinase (CRK13).  Overexpression of CRK13 leads to hypersensitive response cell death, and induces defense against pathogens by causing increased accumulation of salicylic acid.",cysteine-rich RLK (RECEPTOR-like protein kinase) 13;(source:Araport11),cysteine-rich RLK (RECEPTOR-like protein kinase) 13
AT4G23220,4,4,0,1,protein_coding,cysteine-rich RLK (RECEPTOR-like protein kinase) 14,Encodes a cysteine-rich receptor-like protein kinase.,cysteine-rich RECEPTOR-like kinase;(source:Araport11),cysteine-rich RLK (RECEPTOR-like protein kinase) 14
AT4G23230,3,3,0,1,protein_coding,cysteine-rich RLK (RECEPTOR-like protein kinase) 15,Encodes a cysteine-rich receptor-like protein kinase.,cysteine-rich RECEPTOR-like kinase;(source:Araport11),cysteine-rich RLK (RECEPTOR-like protein kinase) 15
AT4G23250,2,2,0,3,protein_coding,kinases;protein kinases,,cysteine-rich receptor-like protein kinase 17;(source:Araport11),kinases;protein kinases
AT4G23260,2,2,0,2,protein_coding,cysteine-rich RLK (RECEPTOR-like protein kinase) 18,Encodes a cysteine-rich receptor-like protein kinase.,cysteine-rich RLK (RECEPTOR-like protein kinase) 18;(source:Araport11),cysteine-rich RLK (RECEPTOR-like protein kinase) 18
AT4G23270,1,1,0,3,protein_coding,cysteine-rich RLK (RECEPTOR-like protein kinase) 19,Encodes a cysteine-rich receptor-like protein kinase. The mRNA is cell-to-cell mobile. | Encodes a cysteine-rich receptor-like protein kinase.The mRNA is cell-to-cell mobile.,cysteine-rich RLK (RECEPTOR-like protein kinase) 19;(source:Araport11),cysteine-rich RLK (RECEPTOR-like protein kinase) 19
AT4G23310,1,1,0,2,protein_coding,cysteine-rich RLK (RECEPTOR-like protein kinase) 23,Encodes a cysteine-rich receptor-like protein kinase.,cysteine-rich RLK (RECEPTOR-like protein kinase) 23;(source:Araport11),cysteine-rich RLK (RECEPTOR-like protein kinase) 23
AT4G23320,3,3,0,3,protein_coding,cysteine-rich RLK (RECEPTOR-like protein kinase) 24,Encodes a cysteine-rich receptor-like protein kinase.,cysteine-rich RLK (RECEPTOR-like protein kinase) 24;(source:Araport11),cysteine-rich RLK (RECEPTOR-like protein kinase) 24
AT4G23460,1,1,0,2,protein_coding,Adaptin family protein,"Part of adaptor protein (AP) complex which mediadates clathrin-dependent trafficking at the trans-Golgi network (TGN) and the plasma membrane, respectively. Required for trafficking to plasma membrane and vacuoles.",Adaptin family protein;(source:Araport11),Adaptin family protein
AT4G23470,3,3,0,4,protein_coding,PLAC8 family protein,,PLAC8 family protein;(source:Araport11),PLAC8 family protein
AT4G23570,2,2,0,3,protein_coding,phosphatase-related,"Closely related to SGT1B, may function in SCF(TIR1) mediated protein degradation. AtSGT1a and AtSGT1b are functionally redundant in the resistance to pathogenes. AtSGT1b was more highly  expressed than AtSGT1. The N-terminal TPR domain of  AtSGT1a reduces the steady-state level of Arabidopsis SGT1  proteins whereas the same domain from AtSGT1b enhances  SGT1 accumulation. The TPR domain is dispensable for SGT1 resistance. AtSGT1a is induced upon pathogen infection and can function in R gene-mediated resistance.",phosphatase-like protein;(source:Araport11),phosphatase-related
AT4G23670,1,0,1,1,protein_coding,Polyketide cyclase/dehydrase and lipid transport superfamily protein,Together with NPF5.12 involved in suberin barrier formation; resistance to the soil-borne fungus Verticillium longisporum.,Polyketide cyclase/dehydrase and lipid transport superfamily protein;(source:Araport11),Polyketide cyclase/dehydrase and lipid transport superfamily protein
AT4G23700,1,1,0,2,protein_coding,cation/H+ exchanger 17,member of Putative Na+/H+ antiporter family,cation/H+ exchanger 17;(source:Araport11),cation/H+ exchanger 17
AT4G23810,3,3,0,1,protein_coding,WRKY family transcription factor,"member of WRKY Transcription Factor; Group III; t WRKY53 and CRK5 are antagonistic  regulators of chlorophyll synthesis/degradation, senescence, and stomatal conductance.",WRKY family transcription factor;(source:Araport11),WRKY family transcription factor
AT4G23850,1,1,0,1,protein_coding,AMP-dependent synthetase and ligase family protein,"Encodes a long chain acyl CoA synthetase that catalyzes the addition of CoA onto IBA, the first step in its &#946;-oxidation.",AMP-dependent synthetase and ligase family protein;(source:Araport11),AMP-dependent synthetase and ligase family protein
AT4G23880,1,1,0,1,protein_coding,,,hypothetical protein;(source:Araport11),hypothetical protein;(source:Araport11)
AT4G23885,1,1,0,1,protein_coding,,,hypothetical protein;(source:Araport11),hypothetical protein;(source:Araport11)
AT4G24000,7,7,0,2,protein_coding,cellulose synthase like G2,encodes a protein similar to cellulose synthase,cellulose synthase like G2;(source:Araport11),cellulose synthase like G2
AT4G24120,1,1,0,1,protein_coding,YELLOW STRIPE like 1,Member of a small family of oligopeptide transporters similar to the yellow stripe locus of maize (ZmYS1).,YELLOW STRIPE like 1;(source:Araport11),YELLOW STRIPE like 1
AT4G24190,1,1,0,2,protein_coding,Chaperone protein htpG family protein,"encodes an ortholog of GRP94, an ER-resident HSP90-like protein and is involved in regulation of meristem size and organization. Single and double mutant analyses suggest that SHD may be required for the correct folding and/or complex formation of CLV proteins. Lines carrying recessive mutations in this locus exhibits expanded shoot meristems, disorganized root meristems, and defective pollen tube elongation. Transcript is detected in all tissues examined and is not induced by heat.  Endoplasmin supports the protein secretory pathway and has a role in proliferating tissues.",Chaperone protein htpG family protein;(source:Araport11),Chaperone protein htpG family protein
AT4G24690,2,2,0,1,protein_coding,ubiquitin-associated (UBA)/TS-N domain-containing protein / octicosapeptide/Phox/Bemp1 (PB1) domain-containing protein,"Encodes NBR1, a selective autophagy substrate. The mRNA is cell-to-cell mobile.",ubiquitin-associated (UBA)/TS-N domain-containing protein / octicosapeptide/Phox/Bemp1 (PB1) domain-containing protein;(source:Araport11),ubiquitin-associated (UBA)/TS-N domain-containing protein / octicosapeptide/Phox/Bemp1 (PB1) domain-containing protein
AT4G24920,2,2,0,2,protein_coding,secE/sec61-gamma protein transport protein,,secE/sec61-gamma protein transport protein;(source:Araport11),secE/sec61-gamma protein transport protein
AT4G25000,3,3,0,1,protein_coding,alpha-amylase-like,"Predicted to be secreted protein based on signalP prediction. Involved in starch mobilization.  Mutants are defective in alpha-amylase activity. (Note: AMY1 has been found in the literature to be referred to as AMY3, which is not to be confused with AMY3/At1g69830).",alpha-amylase-like protein;(source:Araport11),alpha-amylase-like
AT4G25070,3,3,0,2,protein_coding,,,caldesmon-like protein;(source:Araport11),caldesmon-like protein;(source:Araport11)
AT4G25100,1,1,0,5,protein_coding,Fe superoxide dismutase 1,Fe-superoxide dismutase; knock-out mutants are oxidative stress-hypersensitive.,Fe superoxide dismutase 1;(source:Araport11),Fe superoxide dismutase 1
AT4G25110,1,1,0,2,protein_coding,metacaspase 2,"Encodes a type I metacaspase. Two Arabidopsis metacaspases, AT1G02170 (MC1) and AT4G25110 (MC2)  antagonistically control programmed cell death in Arabidopsis. MC1 is a positive regulator of cell death and requires conserved caspase-like putative catalytic residues for its function. MC2 negatively regulates cell death. This function is independent of the putative catalytic residues.  A third type I Arabidopsis metacaspase is MC3 (AT5g64240).",metacaspase 2;(source:Araport11),metacaspase 2
AT4G25390,1,1,0,2,protein_coding,Protein kinase superfamily protein,,Protein kinase superfamily protein;(source:Araport11),Protein kinase superfamily protein
AT4G25433,1,1,0,1,protein_coding,peptidoglycan-binding LysM domain-containing protein,,peptidoglycan-binding LysM domain-containing protein;(source:Araport11),peptidoglycan-binding LysM domain-containing protein
AT4G25480,1,1,0,1,protein_coding,dehydration response element B1A,"Encodes a member of the DREB subfamily A-1 of ERF/AP2 transcription factor family (CBF3). The protein contains one AP2 domain. There are six members in this subfamily, including CBF1, CBF2, and CBF3. This gene is involved in response to low temperature and abscisic acid.",dehydration response element B1A;(source:Araport11),dehydration response element B1A
AT4G25640,1,1,0,3,protein_coding,detoxifying efflux carrier 35,"Encodes a multidrug and toxin efflux family transporter. Involved in flavonoid metabolism, affecting Root growth, seed development and germination, and pollen development, release and viability.",detoxifying efflux carrier 35;(source:Araport11),detoxifying efflux carrier 35
AT4G25800,1,1,0,2,protein_coding,Calmodulin-binding protein,,Calmodulin-binding protein;(source:Araport11),Calmodulin-binding protein
AT4G25900,1,1,0,1,protein_coding,Galactose mutarotase-like superfamily protein,,Galactose mutarotase-like superfamily protein;(source:Araport11),Galactose mutarotase-like superfamily protein
AT4G25940,2,2,0,1,protein_coding,ENTH/ANTH/VHS superfamily protein,,ENTH/ANTH/VHS superfamily protein;(source:Araport11),ENTH/ANTH/VHS superfamily protein
AT4G26060,3,3,0,1,protein_coding,Ribosomal protein L18ae family,,Ribosomal protein L18ae family;(source:Araport11),Ribosomal protein L18ae family
AT4G26070,2,2,0,5,protein_coding,MAP kinase/ ERK kinase 1,"Member of MAP Kinase Kinase.  Likely functions in a stress-activated MAPK pathway. Can phosphorylate the MAPK AtMPK4, in response to stress. Gets phosphorylated by MEKK1 in response to wounding.",MAP kinase/ ERK kinase 1;(source:Araport11),MAP kinase/ ERK kinase 1
AT4G26270,5,5,0,1,protein_coding,phosphofructokinase 3,,phosphofructokinase 3;(source:Araport11),phosphofructokinase 3
AT4G26750,1,1,0,1,protein_coding,hydroxyproline-rich glycoprotein family protein,"Encodes a protein involved in mediating plant responses to pathogenesis. Loss of function mutations have increased susceptibility to bacterial pathogens and are defective in pathogen induced endocytosis and vesicle trafficking. LIP5 physically interacts with SKD1 and that interaction is required for its resistance phenotype. LIP5 is phosphorylated by MPK3 and MPK6, both of which are components of the disease resistance pathway.",hydroxyproline-rich glycoprotein family protein;(source:Araport11),hydroxyproline-rich glycoprotein family protein
AT4G26910,2,2,0,3,protein_coding,Dihydrolipoamide succinyltransferase,Encodes the E2 subunit of the 2-oxoglutarate  dehydrogenase.,Dihydrolipoamide succinyltransferase;(source:Araport11),Dihydrolipoamide succinyltransferase
AT4G27280,3,3,0,1,protein_coding,Calcium-binding EF-hand family protein,"EF-hand Ca2 + -binding protein, which is a Ca2+-dependent transducer of auxin-regulated gene expression and interacts with ICR1.",Calcium-binding EF-hand family protein;(source:Araport11),Calcium-binding EF-hand family protein
AT4G27300,2,2,0,1,protein_coding,S-locus lectin protein kinase family protein,,S-locus lectin protein kinase family protein;(source:Araport11),S-locus lectin protein kinase family protein
AT4G27657,1,1,0,1,protein_coding,,,hypothetical protein;(source:Araport11),hypothetical protein;(source:Araport11)
AT4G27740,1,1,0,1,protein_coding,Yippee family putative zinc-binding protein,,Yippee family putative zinc-binding protein;(source:Araport11),Yippee family putative zinc-binding protein
AT4G27745,2,2,0,4,protein_coding,Yippee family putative zinc-binding protein,,Yippee family putative zinc-binding protein;(source:Araport11),Yippee family putative zinc-binding protein
AT4G27830,1,1,0,2,protein_coding,beta glucosidase 10,Encodes a beta-glucosidase that may be responsible for acyl-glucose-dependent anthocyanin glucosyltransferase activity in Arabidopsis.  In vitro efforts to demonstrate AAGT activity for BGLU10 have been unsuccessful but experiments with mutants in this gene suggest at least an indirect involvement in anthocyanin formation.,beta glucosidase 10;(source:Araport11),beta glucosidase 10
AT4G27860,1,1,0,4,protein_coding,vacuolar iron transporter (VIT) family protein,,vacuolar iron transporter (VIT) family protein;(source:Araport11),vacuolar iron transporter (VIT) family protein
AT4G27900,1,1,0,2,protein_coding,CCT motif family protein,,CCT motif family protein;(source:Araport11),CCT motif family protein
AT4G28300,1,1,0,2,protein_coding,Protein of unknown function (DUF1421),Encodes a disordered protein with 13.6% proline amino acids that is predicted to localize to the cell wall. It is a prion-like protein which phase separates upon hydration and allows the embryo to sense water stress. The mRNA is cell-to-cell mobile.,formin-like protein (DUF1421);(source:Araport11),Protein of unknown function (DUF1421)
AT4G28390,2,2,0,2,protein_coding,ADP/ATP carrier 3,Encodes a mitochondrial ADP/ATP carrier protein. Shown in heterologous systems to be located in the plasma membrane. Has comparable affinity for ADP and ATP (in E.coli).,ADP/ATP carrier 3;(source:Araport11),ADP/ATP carrier 3
AT4G28400,1,1,0,3,protein_coding,Protein phosphatase 2C family protein,,Protein phosphatase 2C family protein;(source:Araport11),Protein phosphatase 2C family protein
AT4G28490,2,2,0,1,protein_coding,Leucine-rich receptor-like protein kinase family protein,Member of Receptor kinase-like protein family. Controls the separation step of floral organ abscission. The mRNA is cell-to-cell mobile.,Leucine-rich receptor-like protein kinase family protein;(source:Araport11),Leucine-rich receptor-like protein kinase family protein
AT4G28570,1,1,0,2,protein_coding,Long-chain fatty alcohol dehydrogenase family protein,,Long-chain fatty alcohol dehydrogenase family protein;(source:Araport11),Long-chain fatty alcohol dehydrogenase family protein
AT4G28710,1,1,0,1,protein_coding,Myosin family protein with Dil domain,member of Myosin-like proteins The mRNA is cell-to-cell mobile.,Myosin family protein with Dil domain-containing protein;(source:Araport11),Myosin family protein with Dil domain
AT4G29040,1,1,0,1,protein_coding,regulatory particle AAA-ATPase 2A,"RPT2a encodes the 26S proteasome subunit. It is required for root meristem maintenance and regulates gametogenesis. RPT2a is also shown to regulate gene silencing via DNA methylation and binds MET1 in vitro. Together with MET1, it regulates TERMINAL FLOWER1 to control inflorescence meristem indeterminacy.",regulatory particle AAA-ATPase 2A;(source:Araport11),regulatory particle AAA-ATPase 2A
AT4G29110,1,1,0,1,protein_coding,,,cotton fiber protein;(source:Araport11),cotton fiber protein;(source:Araport11)
AT4G29520,1,1,0,1,protein_coding,,SES1 is an ER localized chaperone involved in salt and heat stress response.,nucleophosmin;(source:Araport11),SES1 is an ER localized chaperone involved in salt and heat stress response.
AT4G29660,1,1,0,1,protein_coding,embryo defective 2752,,embryo defective 2752;(source:Araport11),embryo defective 2752
AT4G29810,1,1,0,3,protein_coding,MAP kinase kinase 2,"Encodes a MAP kinase kinase 2 that regulates MPK6 and MPK4 in response to cold and salt stresses. Co-expression with MEKK1 in protoplasts activated MKK2 activity, suggesting that MEKK1 may be a regulator of MKK2.",MAP kinase kinase 2;(source:Araport11),MAP kinase kinase 2
AT4G29900,2,2,0,2,protein_coding,autoinhibited Ca(2+)-ATPase 10,"one of the type IIB calcium pump isoforms. encodes an autoinhibited Ca(2+)-ATPase that contains an N-terminal calmodulin binding autoinhibitory domain.ACA8 and ACA10, as well as ACA4 and ACA11, are critical in maintaining low resting cytosol Ca2+ level (DOI:10.1093/plphys/kiad047)",autoinhibited Ca(2+)-ATPase 10;(source:Araport11),autoinhibited Ca(2+)-ATPase 10
AT4G30140,2,0,2,1,protein_coding,GDSL-like Lipase/Acylhydrolase superfamily protein,Member of the GDSL lipase/esterase family of proteins that functions as cutinase. Expressed in pollen and at the zone of lateral root emergence.,GDSL-like Lipase/Acylhydrolase superfamily protein;(source:Araport11),GDSL-like Lipase/Acylhydrolase superfamily protein
AT4G30460,2,2,0,1,protein_coding,glycine-rich protein,,glycine-rich protein;(source:Araport11),glycine-rich protein
AT4G30650,1,1,0,1,protein_coding,Low temperature and salt responsive protein family,,Low temperature and salt responsive protein family;(source:Araport11),Low temperature and salt responsive protein family
AT4G31300,1,1,0,3,protein_coding,N-terminal nucleophile aminohydrolases (Ntn hydrolases) superfamily protein,Encodes 20S proteasome subunit PBA1 (PBA1). PBA1 acts as a plant caspase-3-like enzyme.,N-terminal nucleophile aminohydrolases (Ntn hydrolases) superfamily protein;(source:Araport11),N-terminal nucleophile aminohydrolases (Ntn hydrolases) superfamily protein
AT4G31800,2,2,0,3,protein_coding,WRKY DNA-binding protein 18,"Pathogen-induced transcription factor. Binds W-box sequences  in vitro. Forms protein complexes with itself and with WRKY40 and WRKY60. Constitutive expression of WRKY18  enhanced resistance to P. syringae, but its coexpression with WRKY40 or WRKY60 made plants more susceptible to both  P. syringae and B. cinerea. WRKY18, WRKY40, and WRKY60 have partially redundant roles in response to the hemibiotrophic bacterial pathogen Pseudomonas syringae and the necrotrophic fungal pathogen Botrytis cinerea, with WRKY18 playing a more important role than the other two. The mRNA is cell-to-cell mobile. | Pathogen-induced transcription factor. Binds W-box sequences  in vitro. Forms protein complexes with itself and with WRKY40 and WRKY60. Constitutive expression of WRKY18  enhanced resistance to P. syringae, but its coexpression with WRKY40 or WRKY60 made plants more susceptible to both  P. syringae and B. cinerea. WRKY18, WRKY40, and WRKY60 have partially redundant roles in response to the hemibiotrophic bacterial pathogen Pseudomonas syringae and the necrotrophic fungal pathogen Botrytis cinerea, with WRKY18 playing a more important role than the other two.The mRNA is cell-to-cell mobile.",WRKY DNA-binding protein 18;(source:Araport11),WRKY DNA-binding protein 18
AT4G32340,1,0,1,1,protein_coding,Tetratricopeptide repeat (TPR)-like superfamily protein,,Tetratricopeptide repeat (TPR)-like superfamily protein;(source:Araport11),Tetratricopeptide repeat (TPR)-like superfamily protein
AT4G32940,1,1,0,1,protein_coding,gamma vacuolar processing enzyme,Encodes a vacuolar processing enzyme belonging to a novel group of cysteine proteinases that is expressed in vegetative organs and is upregulated in association with various types of cell death and under stressed conditions. They are essential in processing seed storage proteins and for mediating the susceptible response of toxin-induced cell death.,gamma vacuolar processing enzyme;(source:Araport11),gamma vacuolar processing enzyme
AT4G33040,1,1,0,1,protein_coding,Thioredoxin superfamily protein,Encodes a member of the CC-type glutaredoxin (ROXY) family that has been shown to interact with the transcription factor TGA2.,Thioredoxin superfamily protein;(source:Araport11),Thioredoxin superfamily protein
AT4G33050,4,4,0,6,protein_coding,calmodulin-binding family protein,Encodes a calmodulin-binding protein involved in stomatal movement.,calmodulin-binding family protein;(source:Araport11),calmodulin-binding family protein
AT4G33060,1,1,0,1,protein_coding,Cyclophilin-like peptidyl-prolyl cis-trans isomerase family protein,,Cyclophilin-like peptidyl-prolyl cis-trans isomerase family protein;(source:Araport11),Cyclophilin-like peptidyl-prolyl cis-trans isomerase family protein
AT4G33300,2,2,0,2,protein_coding,ADR1-like 1,Encodes a member of the ADR1 family nucleotide-binding leucine-rich repeat (NB-LRR) immune receptors.,ADR1-like 1;(source:Araport11),ADR1-like 1
AT4G33467,1,1,0,2,protein_coding,,,hypothetical protein;(source:Araport11),hypothetical protein;(source:Araport11)
AT4G33920,1,1,0,3,protein_coding,Protein phosphatase 2C family protein,Mitochondrion localized kinase that  directly phosphorylates and modulates the activity of PDC.,Protein phosphatase 2C family protein;(source:Araport11),Protein phosphatase 2C family protein
AT4G33980,1,1,0,2,protein_coding,,Acts with COR27 as a key regulator in the COP1-HY5 regulatory hub by regulating HY5 activity to ensure proper skotomorphogenic growth in the dark and photomorphogenic development in the light.,hypothetical protein;(source:Araport11),Acts with COR27 as a key regulator in the COP1-HY5 regulatory hub by regulating HY5 activity to ensure proper skotomorphogenic growth in the dark and photomorphogenic development in the light.
AT4G34131,1,1,0,1,protein_coding,UDP-glucosyl transferase 73B3,,UDP-glucosyl transferase 73B3;(source:Araport11),UDP-glucosyl transferase 73B3
AT4G34135,3,3,0,2,protein_coding,UDP-glucosyltransferase 73B2,The At4g34135 gene encodes a flavonol 7-O-glucosyltransferase (EC 2.4.1.237) that glucosylates also with a 20 fold lower activity flavonols (kaempferol and quercetin) at the 3-O-position.,UDP-glucosyltransferase 73B2;(source:Araport11),UDP-glucosyltransferase 73B2
AT4G34150,2,2,0,1,protein_coding,Calcium-dependent lipid-binding (CaLB domain) family protein,"Interacts with AUTOPHAGY8 (ATG8) and PI(3)P (phospholipid found in  autophagosomal membranes). Crucial role in augmenting phase separation of ALIX,  facilitating the recruitment of ESCRT-III to the site of phagophore closure  thereby ensuring efficient maturation of autophagosomes.",Calcium-dependent lipid-binding (CaLB domain) family protein;(source:Araport11),Calcium-dependent lipid-binding (CaLB domain) family protein
AT4G34180,1,1,0,1,protein_coding,Cyclase family protein,Encodes a cyclase-family protein that is a negative regulator of cell death that regulates pathogen-induced symptom development.,Cyclase family protein;(source:Araport11),Cyclase family protein
AT4G34230,1,1,0,2,protein_coding,cinnamyl alcohol dehydrogenase 5,"Encodes a catalytically active cinnamyl alcohol dehydrogenase which uses p-coumaryl aldehyde as a preferred substrate. It can also use sinapyl, caffeyl, coniferyl and d-hydroxyconiferyl aldehydes as substrates.",cinnamyl alcohol dehydrogenase 5;(source:Araport11),cinnamyl alcohol dehydrogenase 5
AT4G34390,3,3,0,2,protein_coding,extra-large GTP-binding protein 2,An alternative form of  heterotrimeric G-protein alpha subunit.,extra-large GTP-binding protein 2;(source:Araport11),extra-large GTP-binding protein 2
AT4G34480,1,1,0,3,protein_coding,O-Glycosyl hydrolases family 17 protein,,O-Glycosyl hydrolases family 17 protein;(source:Araport11),O-Glycosyl hydrolases family 17 protein
AT4G34630,1,1,0,1,protein_coding,,,prostatic spermine-binding-like protein;(source:Araport11),prostatic spermine-binding-like protein;(source:Araport11)
AT4G34710,1,1,0,2,protein_coding,arginine decarboxylase 2,"Encodes a arginine decarboxylase (ADC), a rate-limiting enzyme that catalyzes the first step of polyamine (PA) biosynthesis via ADC pathway in Arabidopsis thaliana. Arabidopsis genome has two ADC paralogs, ADC1 and ADC2. ADC2 is stress-inducible (osmotic stress). Double mutant analysis showed that ADC genes are essential for the production of PA, and are required for normal seed development. Overexpression causes phenotypes similar to GA-deficient plants and these plants show reduced levels of GA due to lower expression levels of AtGA20ox1, AtGA3ox3 and AtGA3ox1.",arginine decarboxylase 2;(source:Araport11),arginine decarboxylase 2
AT4G35110,1,1,0,6,protein_coding,Arabidopsis phospholipase-like protein (PEARLI 4) family,,phospholipase-like protein (PEARLI 4) family protein;(source:Araport11),Arabidopsis phospholipase-like protein (PEARLI 4) family
AT4G35180,1,1,0,2,protein_coding,LYS/HIS transporter 7,,LYS/HIS transporter 7;(source:Araport11),LYS/HIS transporter 7
AT4G35600,2,2,0,2,protein_coding,Protein kinase superfamily protein,"Encodes a receptor-like cytoplasmic kinase that acts as a spatial inhibitor of cell separation. Analysis of the cDNA previously described in Meiners et al., 1991 revealed mistakes in the predicted open reading frame. The mRNA is cell-to-cell mobile.",Protein kinase superfamily protein;(source:Araport11),Protein kinase superfamily protein
AT4G36010,1,1,0,2,protein_coding,Pathogenesis-related thaumatin superfamily protein,,Pathogenesis-related thaumatin superfamily protein;(source:Araport11),Pathogenesis-related thaumatin superfamily protein
AT4G36090,2,2,0,5,protein_coding,"oxidoreductase, 2OG-Fe(II) oxygenase family protein",mRNA N6-methyladenosine dioxygenase that is active during seed germination and seedling growth and is responsive to stress conditions.,"oxidoreductase, 2OG-Fe(II) oxygenase family protein;(source:Araport11)","oxidoreductase, 2OG-Fe(II) oxygenase family protein"
AT4G36150,2,2,0,1,protein_coding,Disease resistance protein (TIR-NBS-LRR class) family,"TIR domain containing intracellular immune receptor; required for defense signaling initiated by some transmembrane pattern recognition receptors and contributes to the unbridled spread of cell death in lesion simulating disease 1. Together with RNLs, SADR1 regulates defense gene expression at infection site borders, likely in a non-cell autonomous manner.",Disease resistance protein (TIR-NBS-LRR class) family;(source:Araport11),Disease resistance protein (TIR-NBS-LRR class) family
AT4G36648,2,2,0,1,other_rna,other RNA,,other_RNA;(source:Araport11),other RNA
AT4G36760,1,1,0,3,protein_coding,aminopeptidase P1,Arabidopsis aminopeptidase P1 The mRNA is cell-to-cell mobile. | Arabidopsis aminopeptidase P1The mRNA is cell-to-cell mobile.,aminopeptidase P1;(source:Araport11),aminopeptidase P1
AT4G36850,1,0,1,4,protein_coding,PQ-loop repeat family protein / transmembrane family protein,,PQ-loop repeat family protein / transmembrane family protein;(source:Araport11),PQ-loop repeat family protein / transmembrane family protein
AT4G37010,1,1,0,2,protein_coding,centrin 2,Encodes a member of the Centrin family. Mutants are hypersensitive to UV and prone to UV induced DNA damage. Based on sequence similarity and mutant phenotype CEN2 is thought to be involved in nucelotide excision repair/DNA repair.,centrin 2;(source:Araport11),centrin 2
AT4G37150,2,2,0,1,protein_coding,methyl esterase 9,"Encodes a protein shown to have carboxylesterase activity, methyl salicylate esterase activity, methyl jasmonate esterase activity, and methyl IAA esterase activity in vitro. MES9 appears to be involved in MeSA hydrolysis in planta. Expression of MES9 can restore systemic acquired resistance in SAR-deficient tobacco plants. This protein does not act on MeGA4, or MEGA9 in vitro.",methyl esterase 9;(source:Araport11),methyl esterase 9
AT4G37370,4,4,0,1,protein_coding,"cytochrome P450, family 81, subfamily D, polypeptide 8",member of CYP81D,"cytochrome P450, family 81, subfamily D, polypeptide 8;(source:Araport11)","cytochrome P450, family 81, subfamily D, polypeptide 8"
AT4G37530,2,2,0,2,protein_coding,Peroxidase superfamily protein,,Peroxidase superfamily protein;(source:Araport11),Peroxidase superfamily protein
AT4G37640,1,1,0,1,protein_coding,calcium ATPase 2,Encodes a calmodulin-regulated Ca(2+)-pump located in the endoplasmic reticulum.  Belongs to plant 2B ATPase's with an N-terminal autoinhibitor.,calcium ATPase 2;(source:Araport11),calcium ATPase 2
AT4G37990,5,5,0,1,protein_coding,elicitor-activated gene 3-2,"Encodes an aromatic alcohol:NADP+ oxidoreductase whose mRNA levels are increased in response to treatment with a variety of phytopathogenic bacteria.  Though similar to mannitol dehydrogenases, this enzyme does not have mannitol dehydrogenase activity.",cinnamyl alcohol dehydrogenase 8;(source:Araport11),elicitor-activated gene 3-2
AT4G38060,1,1,0,4,protein_coding,,,hypothetical protein;(source:Araport11),hypothetical protein;(source:Araport11)
AT4G38560,4,4,0,2,protein_coding,Arabidopsis phospholipase-like protein (PEARLI 4) family,,phospholipase-like protein (PEARLI 4) family protein;(source:Araport11),Arabidopsis phospholipase-like protein (PEARLI 4) family
AT4G38790,1,1,0,1,protein_coding,ER lumen protein retaining receptor family protein,,ER lumen protein retaining receptor family protein;(source:Araport11),ER lumen protein retaining receptor family protein
AT4G39030,4,4,0,1,protein_coding,MATE efflux family protein,Encodes an orphan multidrug and toxin extrusion transporter. Essential component of salicylic acid-dependent signaling for disease resistance. Member of the MATE-transporter family. Expression induced by salicylic acid. Mutants are salicylic acid-deficient.,MATE efflux family protein;(source:Araport11),MATE efflux family protein
AT4G39270,1,1,0,10,protein_coding,Leucine-rich repeat protein kinase family protein,,Leucine-rich repeat protein kinase family protein;(source:Araport11),Leucine-rich repeat protein kinase family protein
AT4G39670,4,4,0,1,protein_coding,Glycolipid transfer protein (GLTP) family protein,"Member of the glycolipid transfer protein (GLTP) superfamily, shuttles ceramide-1-phosphate (C1P) between membranes.",Glycolipid transfer protein (GLTP) family protein;(source:Araport11),Glycolipid transfer protein (GLTP) family protein
AT4G39830,1,1,0,4,protein_coding,Cupredoxin superfamily protein,"role in the degradation of ascorbate to (mono)dehydroascorbate; putative ascorbate oxidase with ferroxidase activity, candidate for the regulation of apoplastic iron excess.",Cupredoxin superfamily protein;(source:Araport11),Cupredoxin superfamily protein
AT4G39890,1,1,0,1,protein_coding,RAB GTPase homolog H1C,,RAB GTPase homolog H1C;(source:Araport11),RAB GTPase homolog H1C
AT4G39950,2,2,0,2,protein_coding,"cytochrome P450, family 79, subfamily B, polypeptide 2","Belongs to cytochrome P450 and is involved in tryptophan metabolism. Converts Trp to indo-3-acetaldoxime (IAOx), a precursor to IAA and indole glucosinolates. The mRNA is cell-to-cell mobile. | Belongs to cytochrome P450 and is involved in tryptophan metabolism. Converts Trp to indo-3-acetaldoxime (IAOx), a precursor to IAA and indole glucosinolates.The mRNA is cell-to-cell mobile.","cytochrome P450, family 79, subfamily B, polypeptide 2;(source:Araport11)","cytochrome P450, family 79, subfamily B, polypeptide 2"
AT4G39952,1,1,0,1,protein_coding,Pentatricopeptide repeat (PPR) superfamily protein,,Pentatricopeptide repeat (PPR) superfamily protein;(source:Araport11),Pentatricopeptide repeat (PPR) superfamily protein
AT4G39955,1,1,0,1,protein_coding,alpha/beta-Hydrolases superfamily protein,,alpha/beta-Hydrolases superfamily protein;(source:Araport11),alpha/beta-Hydrolases superfamily protein
AT5G01100,1,1,0,1,protein_coding,O-fucosyltransferase family protein,,O-fucosyltransferase family protein;(source:Araport11),O-fucosyltransferase family protein
AT5G01300,2,2,0,3,protein_coding,PEBP (phosphatidylethanolamine-binding protein) family protein,,PEBP (phosphatidylethanolamine-binding protein) family protein;(source:Araport11),PEBP (phosphatidylethanolamine-binding protein) family protein
AT5G01820,1,1,0,1,protein_coding,serine/threonine protein kinase 1,Encodes a CBL-interacting serine/threonine protein kinase.,serine/threonine protein kinase 1;(source:Araport11),serine/threonine protein kinase 1
AT5G01850,1,1,0,2,protein_coding,Protein kinase superfamily protein,,Protein kinase superfamily protein;(source:Araport11),Protein kinase superfamily protein
AT5G01960,1,1,0,1,protein_coding,RING/U-box superfamily protein,,RING/U-box superfamily protein;(source:Araport11),RING/U-box superfamily protein
AT5G02020,1,1,0,2,protein_coding,,"Encodes a protein involved in salt tolerance, names SIS (Salt Induced Serine rich).",E3 ubiquitin-protein ligase RLIM-like protein;(source:Araport11),"Encodes a protein involved in salt tolerance, names SIS (Salt Induced Serine rich)."
AT5G02160,1,0,1,1,protein_coding,,"Zinc-finger domain containing protein involved in abiotic stress response. Possesses an N-terminal transit peptide followed by a hydrophobic domain and a zinc-finger domain. Despite the presence of a zinc-finger domain (C4-type) with two CXXCXGXG conserved repeats, characteristic of DNAJ protein, the conserved J domain is absent in FIP. Interacts with FtsH5. Gene expression levels are reduced and negatively regulates stress response genes during stress conditions.",transmembrane protein;(source:Araport11),"Zinc-finger domain containing protein involved in abiotic stress response. Possesses an N-terminal transit peptide followed by a hydrophobic domain and a zinc-finger domain. Despite the presence of a zinc-finger domain (C4-type) with two CXXCXGXG conserved repeats, characteristic of DNAJ protein, the conserved J domain is absent in FIP. Interacts with FtsH5. Gene expression levels are reduced and negatively regulates stress response genes during stress conditions."
AT5G02290,2,2,0,2,protein_coding,Protein kinase superfamily protein,Encodes a candidate protein kinase NAK that is similar to the oncogenes met and abl.,Protein kinase superfamily protein;(source:Araport11),Protein kinase superfamily protein
AT5G02490,5,5,0,1,protein_coding,Heat shock protein 70 (Hsp 70) family protein,Member of the cytosolic heat shock 70 protein family.,Heat shock protein 70 (Hsp 70) family protein;(source:Araport11),Heat shock protein 70 (Hsp 70) family protein
AT5G03160,2,2,0,1,protein_coding,homolog of mamallian P58IPK,J domain protein localized in ER lumen. Can partially compensate for the growth defect in jem1 scj1 mutant yeast.,DnaJ P58IPK-like protein;(source:Araport11),homolog of mamallian P58IPK
AT5G03210,2,2,0,2,protein_coding,,Encodes a small polypeptide contributing to resistance to potyvirus.,E3 ubiquitin-protein ligase;(source:Araport11),Encodes a small polypeptide contributing to resistance to potyvirus.
AT5G03290,1,1,0,1,protein_coding,isocitrate dehydrogenase V,Encodes a catalytic subunit of the mitochondrially-localized NAD+- dependent isocitrate dehydrogenase. The mRNA is cell-to-cell mobile.,isocitrate dehydrogenase V;(source:Araport11),isocitrate dehydrogenase V
AT5G03320,1,1,0,2,protein_coding,Protein kinase superfamily protein,,Protein kinase superfamily protein;(source:Araport11),Protein kinase superfamily protein
AT5G03350,5,5,0,1,protein_coding,Legume lectin family protein,"Belongs to the group of early SA-activated genes. Involved in resistance to Pst Avr-Rpm1 as a component of the SA35 mediated defense processes associated to the ETI response. Involved in resistance to P.syringae pv. tomato Avr-Rpm1 in   Arabidopsis, as a component of the SA-mediated defense processes associated   with the effector-triggered immunity response.",Legume lectin family protein;(source:Araport11),Legume lectin family protein
AT5G03630,2,2,0,1,protein_coding,Pyridine nucleotide-disulphide oxidoreductase family protein,Monodehydroascorbate reductase involved in ascorbate recycling.,Pyridine nucleotide-disulfide oxidoreductase family protein;(source:Araport11),Pyridine nucleotide-disulphide oxidoreductase family protein
AT5G04290,1,1,0,2,protein_coding,kow domain-containing transcription factor 1,"Encodes SPT5-Like, a member of the nuclear SPT5 (Suppressor of Ty insertion 5) RNA polymerase (RNAP) elongation factor family that is characterized by the presence of a carboxy-terminal extension with more than 40 WG/GW motifs.  Interacts with AGO4. Required for RNA-directed DNA methylation. The mRNA is cell-to-cell mobile. | Encodes SPT5-Like, a member of the nuclear SPT5 (Suppressor of Ty insertion 5) RNA polymerase (RNAP) elongation factor family that is characterized by the presence of a carboxy-terminal extension with more than 40 WG/GW motifs.  Interacts with AGO4. Required for RNA-directed DNA methylation.The mRNA is cell-to-cell mobile.",kow domain-containing transcription factor 1;(source:Araport11),kow domain-containing transcription factor 1
AT5G04340,2,2,0,1,protein_coding,zinc finger of Arabidopsis thaliana 6,Encodes a C2H2 zinc finger transcription factor that coordinately activates phytochelatin-synthesis related gene expression and directly targets GSH1 by binding to its promoter to positively regulate Cd accumulation and tolerance.,6;(source:Araport11),zinc finger of Arabidopsis thaliana 6
AT5G04560,1,1,0,3,protein_coding,HhH-GPD base excision DNA repair family protein,Encodes a DNA glycosylase DEMETER (DME).  Responsible for endosperm maternal-allele-specific hypomethylation at the MEDEA (MEA) gene.  DME can excise 5-methylcytosine in vitro and when expressed in E. coli.  DME establishes MEA imprinting by removing 5-methylcytosine to activate the maternal allele.,HhH-GPD base excision DNA repair family protein;(source:Araport11),HhH-GPD base excision DNA repair family protein
AT5G04720,2,2,0,1,protein_coding,ADR1-like 2,Encodes a member of the ADR1 family nucleotide-binding leucine-rich repeat (NB-LRR) immune receptors. The mRNA is cell-to-cell mobile.,ADR1-like 2;(source:Araport11),ADR1-like 2
AT5G04830,1,1,0,2,protein_coding,Nuclear transport factor 2 (NTF2) family protein,,Nuclear transport factor 2 (NTF2) family protein;(source:Araport11),Nuclear transport factor 2 (NTF2) family protein
AT5G04860,1,1,0,2,protein_coding,,,splicing factor 3A subunit;(source:Araport11),splicing factor 3A subunit;(source:Araport11)
AT5G04930,2,2,0,1,protein_coding,aminophospholipid ATPase 1,Encodes a putative aminophospholipid translocase (p-type ATPase) involved in chilling response.  It is targeted to the plasma membrane following association in the endoplasmic reticulum with an ALIS protein beta-subunit. The mRNA is cell-to-cell mobile.,aminophospholipid ATPase 1;(source:Araport11),aminophospholipid ATPase 1
AT5G05190,3,3,0,1,protein_coding,Protein of unknown function (DUF3133),,hypothetical protein (DUF3133);(source:Araport11),Protein of unknown function (DUF3133)
AT5G05220,1,1,0,1,protein_coding,,,hypothetical protein;(source:Araport11),hypothetical protein;(source:Araport11)
AT5G05250,1,0,1,1,protein_coding,,,hypothetical protein;(source:Araport11),hypothetical protein;(source:Araport11)
AT5G05340,1,1,0,1,protein_coding,Peroxidase superfamily protein,Encodes a protein with sequence similarity to peroxidases that is involved in lignin biosynthesis. Loss of function mutations show abnormal development of xylem fibers and reduced levels of lignin biosynthetic enxymes.,Peroxidase superfamily protein;(source:Araport11),Peroxidase superfamily protein
AT5G05410,2,2,0,2,protein_coding,DRE-binding protein 2A,Encodes a transcription factor that specifically binds to DRE/CRT cis elements (responsive to drought and low-temperature stress).  Belongs to the DREB subfamily A-2 of ERF/AP2 transcription factor family (DREB2A). There are eight members in this subfamily including DREB2B.  The protein contains one AP2 domain. Overexpression of transcriptional activation domain of DREB2A resulted in significant drought stress tolerance but only slight freezing tolerance in transgenic Arabidopsis plants. Microarray and RNA gel blot analyses revealed that DREB2A regulates expression of many water stress–inducible genes. The mRNA is cell-to-cell mobile. | Encodes a transcription factor that specifically binds to DRE/CRT cis elements (responsive to drought and low-temperature stress).  Belongs to the DREB subfamily A-2 of ERF/AP2 transcription factor family (DREB2A). There are eight members in this subfamily including DREB2B.  The protein contains one AP2 domain. Overexpression of transcriptional activation domain of DREB2A resulted in significant drought stress tolerance but only slight freezing tolerance in transgenic Arabidopsis plants. Microarray and RNA gel blot analyses revealed that DREB2A regulates expression of many water stress-inducible genes. The mRNA is cell-to-cell mobile.,DRE-binding protein 2A;(source:Araport11),DRE-binding protein 2A
AT5G05460,2,2,0,1,protein_coding,Glycosyl hydrolase family 85,Encodes a cytosolic beta-endo-N-acetyglucosaminidase (ENGase). ENGases N-glycans cleave the O-glycosidic linkage between the two GlcNAc residues of the N-glycan core structure and thus generate a protein with a single GlcNAc attached to asparagine.,Glycosyl hydrolase family 85;(source:Araport11),Glycosyl hydrolase family 85
AT5G05600,5,5,0,2,protein_coding,2-oxoglutarate (2OG) and Fe(II)-dependent oxygenase superfamily protein,Encodes a protein with similarity to flavonol synthases that is involved in the detoxifcation polycyclic aromatic hydrocarbons.One of 4 paralogs encoding a 2-oxoglutarate/Fe(II)-dependent oxygenases  that hydroxylates JA to 12-OH-JA.,2-oxoglutarate (2OG) and Fe(II)-dependent oxygenase superfamily protein;(source:Araport11),2-oxoglutarate (2OG) and Fe(II)-dependent oxygenase superfamily protein
AT5G05890,1,0,1,1,protein_coding,UDP-Glycosyltransferase superfamily protein,Encodes a nicotinate-N-glycosyltransferase.,UDP-Glycosyltransferase superfamily protein;(source:Araport11),UDP-Glycosyltransferase superfamily protein
AT5G06320,4,4,0,1,protein_coding,NDR1/HIN1-like 3,"encodes a protein whose sequence is similar to tobacco hairpin-induced gene (HIN1) and Arabidopsis non-race specific disease resistance gene (NDR1). Expression of this gene is induced by cucumber mosaic virus, spermine and Pseudomonas syringae pv. tomato DC3000. The gene product is localized to the plasma membrane.",NDR1/HIN1-like 3;(source:Araport11),NDR1/HIN1-like 3
AT5G06750,2,2,0,3,protein_coding,Protein phosphatase 2C family protein,,Protein phosphatase 2C family protein;(source:Araport11),Protein phosphatase 2C family protein
AT5G06760,4,4,0,1,protein_coding,Late Embryogenesis Abundant 4-5,"Encodes LEA4-5, a member of the Late Embryogenesis Abundant (LEA) proteins which typically accumulate in response to low water availability conditions imposed during development or by the environment. Most of the diverse set of LEA proteins can be grouped according to properties such as high hydrophilicity and high content of glycine or other small amino acids in what  has been termed hydrophilins.  LEA4-5 protects enzyme activities from the adverse effects induced by freeze-thaw cycles in vitro.",Late Embryogenesis Abundant 4-5;(source:Araport11),Late Embryogenesis Abundant 4-5
AT5G07010,2,2,0,1,protein_coding,sulfotransferase 2A,"Encodes a sulfotransferase that acts specifically on 11- and 12-hydroxyjasmonic acid. Transcript levels for this enzyme are increased by treatments with jasmonic acid (JA), 12-hydroxyJA, JA-isoleucine, and 12-oxyphytodienoic acid (a JA precursor).",sulfotransferase 2A;(source:Araport11),sulfotransferase 2A
AT5G07770,2,2,0,4,protein_coding,Actin-binding FH2 protein,,Actin-binding FH2 protein;(source:Araport11),Actin-binding FH2 protein
AT5G07990,1,1,0,1,protein_coding,Cytochrome P450 superfamily protein,Required for flavonoid 3' hydroxylase activity. Enzyme abundance relative to CHS determines Quercetin/Kaempferol metabolite ratio. The mRNA is cell-to-cell mobile.,Cytochrome P450 superfamily protein;(source:Araport11),Cytochrome P450 superfamily protein
AT5G08240,3,3,0,1,protein_coding,,,transmembrane protein;(source:Araport11),transmembrane protein;(source:Araport11)
AT5G08300,1,1,0,1,protein_coding,"Succinyl-CoA ligase, alpha subunit",,"Succinyl-CoA ligase, alpha subunit;(source:Araport11)","Succinyl-CoA ligase, alpha subunit"
AT5G08380,2,2,0,2,protein_coding,alpha-galactosidase 1,,alpha-galactosidase 1;(source:Araport11),alpha-galactosidase 1
AT5G08660,2,2,0,4,protein_coding,Protein of unknown function (DUF668),,D-lactate dehydrogenase (DUF668);(source:Araport11),Protein of unknown function (DUF668)
AT5G08760,2,2,0,1,protein_coding,,"Secreted peptide which functions in plant growth and pathogen defense. Cleaved by subtilases to produce SERINE RICH ENDOGENOUS PEPTIDES (SCOOP) proteins, which are involved in signalling. Protein induces ROS production.",transmembrane protein;(source:Araport11),"Secreted peptide which functions in plant growth and pathogen defense. Cleaved by subtilases to produce SERINE RICH ENDOGENOUS PEPTIDES (SCOOP) proteins, which are involved in signalling. Protein induces ROS production."
AT5G08790,4,4,0,1,protein_coding,NAC (No Apical Meristem) domain transcriptional regulator superfamily protein,"induced by wounding, belongs to a large family of putative transcriptional activators with NAC domain.",NAC (No Apical Meristem) domain transcriptional regulator superfamily protein;(source:Araport11),NAC (No Apical Meristem) domain transcriptional regulator superfamily protein
AT5G09310,1,1,0,1,protein_coding,,Encodes a gamma-secretase subunit.  Associates with other subunits in intracellular membrane compartments.,gamma-secretase subunit;(source:Araport11),Encodes a gamma-secretase subunit.  Associates with other subunits in intracellular membrane compartments.
AT5G09330,2,2,0,5,protein_coding,NAC domain containing protein 82,Transcription factor which is a key mediator of the plant nucleolar stress response. uORF mediates the upregulation of ANAC082 expression in response to nucleolar stress.,NAC domain containing protein 82;(source:Araport11),NAC domain containing protein 82
AT5G09390,1,1,0,2,protein_coding,CD2-binding protein-related,,CD2-binding protein-like protein;(source:Araport11),CD2-binding protein-related
AT5G09530,4,4,0,1,protein_coding,hydroxyproline-rich glycoprotein family protein,The gene encodes a unique protein which contains 36 repeats of a unique pentapeptide (Pro-Glu-Leu|Ile|Val-Pro-Lys). It has been shown tobe involved in growth and development.,hydroxyproline-rich glycoprotein family protein;(source:Araport11),hydroxyproline-rich glycoprotein family protein
AT5G10140,1,1,0,4,protein_coding,K-box region and MADS-box transcription factor family protein,"MADS-box protein encoded by FLOWERING LOCUS C - transcription factor that functions as a repressor of floral transition and contributes to temperature compensation of the circadian clock. Expression is downregulated during cold treatment. Vernalization, FRI and the autonomous pathway all influence the state of FLC chromatin. Both maternal and paternal alleles are reset by vernalization, but their earliest activation differs in timing and location. Histone H3 trimethylation at lysine 4 and histone acetylation are associated with active FLC expression, whereas histone deacetylation and histone H3 dimethylation at lysines 9 and 27 are involved in FLC repression. Expression is also repressed by two small RNAs (30- and 24-nt) complementary to the FLC sense strand 3? to the polyA site. The small RNAs are most likely derived from an antisense transcript of FLC. Interacts with SOC1 and FT chromatin in vivo. Member of a protein complex. | MADS-box protein encoded by FLOWERING LOCUS C - transcription factor that functions as a repressor of floral transition and contributes to temperature compensation of the circadian clock. Expression is downregulated during cold treatment. Vernalization, FRI and the autonomous pathway all influence the state of FLC chromatin.  Histone H3 trimethylation at lysine 4 and histone acetylation are associated with active FLC expression, whereas histone deacetylation and histone H3 dimethylation at lysines 9 and 27 are involved in FLC repression. Expression is also repressed by two small RNAs (30- and 24-nt) complementary to the FLC sense strand 3’ to the polyA site. The small RNAs are most likely derived from an antisense transcript of FLC. Interacts with SOC1 and FT chromatin in vivo. Member of a protein complex.",K-box region and MADS-box transcription factor family protein;(source:Araport11),K-box region and MADS-box transcription factor family protein
AT5G10300,3,3,0,2,protein_coding,methyl esterase 5,"Encodes a protein with R-selective hydroxynitrile lyase activity. It has similarity to the SABP2 methyl salicylate esterase from tobacco. This protein does not act on methyl IAA, methyl JA, MeSA, MeGA4, or MEGA9 in vitro.",methyl esterase 5;(source:Araport11),methyl esterase 5
AT5G10380,2,2,0,1,protein_coding,RING/U-box superfamily protein,Encodes a RING finger domain protein with E3 ligase activity that is localized to the lipid rafts of the plasma membrane. Expression is increased in response to fungal pathogen. May be involved in regulation of programmed cell death by facilitating degredation of regulation of PDC activators. The mRNA is cell-to-cell mobile.,RING/U-box superfamily protein;(source:Araport11),RING/U-box superfamily protein
AT5G10410,1,1,0,1,protein_coding,ENTH/ANTH/VHS superfamily protein,,ENTH/ANTH/VHS superfamily protein;(source:Araport11),ENTH/ANTH/VHS superfamily protein
AT5G10650,1,1,0,3,protein_coding,RING/U-box superfamily protein,"JUL1 encode a RING-type E3 ubiquitin ligase that is involved in JA responses. It ubiquitinates the JAV1 jasmonic acid response repressor which is then degraded by the proteosome. Participates in ABA-mediated microtubule depolymerization, stomatal closure, and tolerance response to drought stress.",RING/U-box superfamily protein;(source:Araport11),RING/U-box superfamily protein
AT5G10740,1,1,0,2,protein_coding,Protein phosphatase 2C family protein,,Protein phosphatase 2C family protein;(source:Araport11),Protein phosphatase 2C family protein
AT5G10760,4,4,0,1,protein_coding,Eukaryotic aspartyl protease family protein,,Eukaryotic aspartyl protease family protein;(source:Araport11),Eukaryotic aspartyl protease family protein
AT5G11090,1,1,0,1,protein_coding,serine-rich protein-related,"tRNA-binding protein which acts as an important genetic downstream target of FER signaling. Downregulation of FER and YL prevents tRNA modification via cytosine-5-methylation and 20-O-methylation, thereby increasing tRF abundance.",serine-rich protein-like protein;(source:Araport11),serine-rich protein-related
AT5G11650,1,1,0,2,protein_coding,alpha/beta-Hydrolases superfamily protein,,alpha/beta-Hydrolases superfamily protein;(source:Araport11),alpha/beta-Hydrolases superfamily protein
AT5G11670,1,1,0,1,protein_coding,NADP-malic enzyme 2,The malic enzyme (EC 1.1.1.40) encoded by AtNADP-ME2 is presumably a cytosolic enzyme involved in malate metabolism and possibly assisting the oxidative pentose phosphate pathway. AtNADP-ME2 counts for the major part of NADP-ME activity in mature tissues of Arabidopsis.,NADP-malic enzyme 2;(source:Araport11),NADP-malic enzyme 2
AT5G11970,1,1,0,1,protein_coding,Protein of unknown function (DUF3511),,"ABC family ABC transporter, putative (DUF3511);(source:Araport11)",Protein of unknown function (DUF3511)
AT5G12010,1,1,0,1,protein_coding,,,nuclease;(source:Araport11),nuclease;(source:Araport11)
AT5G12890,2,2,0,1,protein_coding,UDP-Glycosyltransferase superfamily protein,,UDP-Glycosyltransferase superfamily protein;(source:Araport11),UDP-Glycosyltransferase superfamily protein
AT5G12930,1,1,0,1,protein_coding,,,inactive rhomboid protein;(source:Araport11),inactive rhomboid protein;(source:Araport11)
AT5G13080,2,2,0,1,protein_coding,WRKY DNA-binding protein 75,WRKY75 is one of several transcription factors induced during Pi deprivation. It is nuclear localized and regulated differentially during Pi starvation. RNAi mediated suppression of WRKY75 made the plants  more susceptible to Pi stress as indicated by the  higher accumulation of anthocyanin during Pi starvation.,WRKY DNA-binding protein 75;(source:Araport11),WRKY DNA-binding protein 75
AT5G13170,2,2,0,1,protein_coding,senescence-associated gene 29,Encodes a member of the SWEET sucrose efflux transporter family proteins.,senescence-associated gene 29;(source:Araport11),senescence-associated gene 29
AT5G13190,2,2,0,2,protein_coding,,Encodes a plasma membrane localized LITAF domain protein that interacts with LSD1 and acts as a negative regulation of hypersensitive cell death.,GSH-induced LITAF domain protein;(source:Araport11),Encodes a plasma membrane localized LITAF domain protein that interacts with LSD1 and acts as a negative regulation of hypersensitive cell death.
AT5G13200,1,1,0,2,protein_coding,GRAM domain family protein,Encodes a protein with unknown function that is involved in hormone mediated regulation of seed germination/dormancy.,GRAM domain family protein;(source:Araport11),GRAM domain family protein
AT5G13210,4,4,0,1,protein_coding,"Uncharacterised conserved protein UCP015417,  vWA",,"Uncharacterized conserved protein UCP015417, vWA;(source:Araport11)","Uncharacterised conserved protein UCP015417,  vWA"
AT5G13320,4,4,0,3,protein_coding,Auxin-responsive GH3 family protein,"Encodes an enzyme capable of conjugating amino acids to 4-substituted benzoates. 4-HBA (4-hydroxybenzoic acid) and pABA (4-aminobenzoate) may be targets of the enzyme in Arabidopsis, leading to the production of pABA-Glu, 4HBA-Glu, or other related compounds. This enzyme is involved in disease-resistance signaling. It is required for the accumulation of salicylic acid, activation of defense responses, and resistance to Pseudomonas syringae. Salicylic acid can decrease this enzyme's activity in vitro and may act as a competitive inhibitor. Expression of PBS3/GH3.12 can be detected in cotyledons, true leaves, hypocotyls, and occasionally in some parts of roots from 10-day-old seedlings.  No expression has been detected in root, stem, rosette or cauline leaves of mature 4- to 5-week-old plants. | Encodes an enzyme capable of conjugating amino acids to 4-substituted benzoates. 4-HBA (4-hydroxybenzoic acid) and pABA (4-aminobenzoate) may be targets of the enzyme in Arabidopsis, leading to the production of pABA-Glu, 4HBA-Glu, or other related compounds. This enzyme is involved in disease-resistance signaling. It is required for the accumulation of salicylic acid, activation of defense responses, and resistance to Pseudomonas syringae. Salicylic acid can decrease this enzyme Primes activity in vitro and may act as a competitive inhibitor. Expression of PBS3/GH3.12 can be detected in cotyledons, true leaves, hypocotyls, and occasionally in some parts of roots from 10-day-old seedlings.  No expression has been detected in root, stem, rosette or cauline leaves of mature 4- to 5-week-old plants.",Auxin-responsive GH3 family protein;(source:Araport11),Auxin-responsive GH3 family protein
AT5G13330,4,4,0,1,protein_coding,related to AP2 6l,encodes a member of the ERF (ethylene response factor) subfamily B-4 of ERF/AP2 transcription factor family. The protein contains one AP2 domain. There are 7 members in this subfamily.,related to AP2 6l;(source:Araport11),related to AP2 6l
AT5G13370,7,7,0,1,protein_coding,Auxin-responsive GH3 family protein,"IBA - specific acyl acid amido synthetase which conjugates glutamine to IBA. It is involved in generating inactive and/or storage forms of IBA in the seedling, root, and silique. May play a role in auxin homeostasis by modulating the levels of IBA for peroxisomal conversion to IAA.",Auxin-responsive GH3 family protein;(source:Araport11),Auxin-responsive GH3 family protein
AT5G13490,1,1,0,2,protein_coding,ADP/ATP carrier 2,Encodes mitochondrial ADP/ATP carrier,ADP/ATP carrier 2;(source:Araport11),ADP/ATP carrier 2
AT5G13820,1,1,0,2,protein_coding,telomeric DNA binding protein 1,Encodes a protein that specifically binds plant telomeric DNA  repeats. It has a single Myb telomeric DNA-binding (SANT) domain in C-terminus that prefers the sequence TTTAGGG. Single Myb Histone (SMH) gene family member.,telomeric DNA binding protein 1;(source:Araport11),telomeric DNA binding protein 1
AT5G14930,2,2,0,3,protein_coding,senescence-associated gene 101,Encodes an enzyme that hydrolyzes triolein vitro and is involved in senescence.,senescence-associated gene 101;(source:Araport11),senescence-associated gene 101
AT5G15500,1,0,1,2,protein_coding,Ankyrin repeat family protein,,Ankyrin repeat family protein;(source:Araport11),Ankyrin repeat family protein
AT5G15860,1,1,0,2,protein_coding,prenylcysteine methylesterase,Encodes a protein with prenylcysteine methylesterase activity.,prenylcysteine methylesterase;(source:Araport11),prenylcysteine methylesterase
AT5G15870,2,2,0,1,protein_coding,glycosyl hydrolase family 81 protein,,glycosyl hydrolase family 81 protein;(source:Araport11),glycosyl hydrolase family 81 protein
AT5G15960,2,2,0,1,protein_coding,stress-responsive protein (KIN1) / stress-induced protein (KIN1),"cold and ABA inducible protein kin1, possibly functions as an anti-freeze protein. Transcript level of this gene is induced by cold, ABA, dehydration and osmoticum (mannitol). However, protein activity of GUS fused to the promoter of this gene is inhibited by cold treatment, suggesting an inhibition of the protein by increased transcript level.",stress-responsive protein (KIN1) / stress-induced protein (KIN1);(source:Araport11),stress-responsive protein (KIN1) / stress-induced protein (KIN1)
AT5G16880,2,2,0,4,protein_coding,Target of Myb protein 1,"Encodes a member of the Arabidopsis TOL (TOM1-LIKE) family of ubiquitin binding proteins that acts redundantly in the recognition and further endocytic sorting of a PIN-FORMED (PIN)-type auxin carrier protein at the plasma membrane, modulating dynamic auxin distribution and associated growth responses.",Target of Myb protein 1;(source:Araport11),Target of Myb protein 1
AT5G16970,1,1,0,1,protein_coding,alkenal reductase,"encodes a 2-alkenal reductase (EC 1.3.1.74), plays a key role in the detoxification of reactive carbonyls",alkenal reductase;(source:Araport11),alkenal reductase
AT5G16980,1,1,0,3,protein_coding,Zinc-binding dehydrogenase family protein,,Zinc-binding dehydrogenase family protein;(source:Araport11),Zinc-binding dehydrogenase family protein
AT5G17060,1,1,0,2,protein_coding,ADP-ribosylation factor B1B,"A member of ARF GTPase family. A thaliana has 21 members of this family, known to be essential for vesicle coating and uncoating and functions in GTP-binding. Gene encoding ADP-ribosylation factor and similar to ADP-ribosylation factor 1; ARF 1 (GP:385340) {Drosophila melanogaster), other ARFs and ARF-like proteins.",ADP-ribosylation factor B1B;(source:Araport11),ADP-ribosylation factor B1B
AT5G17330,1,1,0,1,protein_coding,glutamate decarboxylase,Encodes one of two isoforms of glutamate decarboxylase. The mRNA is cell-to-cell mobile.,glutamate decarboxylase;(source:Araport11),glutamate decarboxylase
AT5G17380,1,1,0,1,protein_coding,Thiamine pyrophosphate dependent pyruvate decarboxylase family protein,Encodes a 2-hydroxy-phytanoyl-CoA lyase that is involved in phytol degradation by alpha-oxidation of fatty acids.,Thiamine pyrophosphate dependent pyruvate decarboxylase family protein;(source:Araport11),Thiamine pyrophosphate dependent pyruvate decarboxylase family protein
AT5G17460,2,2,0,5,protein_coding,,,glutamyl-tRNA (Gln) amidotransferase subunit C;(source:Araport11),glutamyl-tRNA (Gln) amidotransferase subunit C;(source:Araport11)
AT5G17760,5,5,0,2,protein_coding,P-loop containing nucleoside triphosphate hydrolases superfamily protein,,P-loop containing nucleoside triphosphate hydrolases superfamily protein;(source:Araport11),P-loop containing nucleoside triphosphate hydrolases superfamily protein
AT5G17860,2,2,0,2,protein_coding,calcium exchanger 7,Cation/Ca2+ exchanger family member. Double mutants with CCX4 show delayed greening and defects in ROS response.,calcium exchanger 7;(source:Araport11),calcium exchanger 7
AT5G18270,3,3,0,2,protein_coding,Arabidopsis NAC domain containing protein 87,,NAC domain containing protein 87;(source:Araport11),Arabidopsis NAC domain containing protein 87
AT5G18310,2,2,0,4,protein_coding,,Member of the RIN4-like/NOI family;  upregulated after spider mite feeding.,ubiquitin hydrolase;(source:Araport11),Member of the RIN4-like/NOI family;  upregulated after spider mite feeding.
AT5G18470,4,4,0,1,protein_coding,Curculin-like (mannose-binding) lectin family protein,,Curculin-like (mannose-binding) lectin family protein;(source:Araport11),Curculin-like (mannose-binding) lectin family protein
AT5G18490,1,1,0,1,protein_coding,Plant protein of unknown function (DUF946),,vacuolar sorting-associated protein (DUF946);(source:Araport11),Plant protein of unknown function (DUF946)
AT5G18780,2,2,0,4,protein_coding,F-box/RNI-like superfamily protein,,F-box/RNI-like superfamily protein;(source:Araport11),F-box/RNI-like superfamily protein
AT5G19240,2,2,0,1,protein_coding,Glycoprotein membrane precursor GPI-anchored,,Glycoprotein membrane precursor GPI-anchored;(source:Araport11),Glycoprotein membrane precursor GPI-anchored
AT5G19550,1,1,0,1,protein_coding,aspartate aminotransferase 2,Nitrogen metabolism. Major cytosolic isoenzyme controlling aspartate biosynthesis in the light. The mRNA is cell-to-cell mobile.,aspartate aminotransferase 2;(source:Araport11),aspartate aminotransferase 2
AT5G19875,1,1,0,1,protein_coding,,,transmembrane protein;(source:Araport11),transmembrane protein;(source:Araport11)
AT5G19930,1,1,0,2,protein_coding,"Protein of unknown function DUF92, transmembrane",PGR is putative plasma membrane glucose- responsive regulator that is expressed in response to glucose stimulation.RNAi knockdown mutant seeds have enhanced sensitivity to glucose and 2-deoxyglucose.,"integral membrane protein (Protein of unknown function DUF92, transmembrane);(source:Araport11)","Protein of unknown function DUF92, transmembrane"
AT5G19980,1,1,0,1,protein_coding,golgi nucleotide sugar transporter 4,Encodes a Golgi-localized nucleotide-sugar transporter.,golgi nucleotide sugar transporter 4;(source:Araport11),golgi nucleotide sugar transporter 4
AT5G20000,2,2,0,1,protein_coding,AAA-type ATPase family protein,,AAA-type ATPase family protein;(source:Araport11),AAA-type ATPase family protein
AT5G20010,2,2,0,1,protein_coding,RAS-related nuclear protein-1,A member of RAN GTPase gene family. Encodes a small soluble GTP-binding protein. Likely to be involved in nuclear translocation of proteins.  May also be involved in cell cycle progression. The mRNA is cell-to-cell mobile.,RAS-related nuclear protein-1;(source:Araport11),RAS-related nuclear protein-1
AT5G20230,3,3,0,1,protein_coding,blue-copper-binding protein,"Encodes a Al-stress-induced gene. Along with TCF, it promotes lignin biosynthesis in response to cold stress. The mRNA is cell-to-cell mobile.",blue-copper-binding protein;(source:Araport11),blue-copper-binding protein
AT5G20250,1,0,1,4,protein_coding,Raffinose synthase family protein,"encodes a member of glycosyl hydrolase family 36. Expression is induced within 3 hours of dark treatment, in senescing leaves and treatment with exogenous photosynthesis inhibitor. Induction of gene expression was suppressed in excised leaves supplied with sugar. The authors suggest that the gene's expression pattern is responding to the level of sugar in the cell. The mRNA is cell-to-cell mobile.",Raffinose synthase family protein;(source:Araport11),Raffinose synthase family protein
AT5G20320,1,1,0,3,protein_coding,dicer-like 4,"Encodes an RNase III-like enzyme that catalyzes processing of trans-acting small interfering RNA precursors in a distinct small RNA biogenesis pathway. The protein is also involved in the production of 21-nt primary siRNAs from both inverted-repeat constructs and endogenous sequences, as well as the RDR6-dependent 21-nt secondary siRNAs involved in long-range cell-to-cell signaling.  It binds DRB4, a ds-RNA binding protein.",dicer-like 4;(source:Araport11),dicer-like 4
AT5G20400,1,1,0,1,protein_coding,2-oxoglutarate (2OG) and Fe(II)-dependent oxygenase superfamily protein,encodes a protein whose sequence is similar to flavanone 3 hydroxylase from Malus. The mRNA is cell-to-cell mobile.,2-oxoglutarate (2OG) and Fe(II)-dependent oxygenase superfamily protein;(source:Araport11),2-oxoglutarate (2OG) and Fe(II)-dependent oxygenase superfamily protein
AT5G20910,1,1,0,1,protein_coding,RING/U-box superfamily protein,Encodes an E3 ligase that can interact with and polyubiquitinate ABI3 in vitro.  AIP2 likely negatively regulates ABA signaling by targeting ABI3 for post-translational destruction.,RING/U-box superfamily protein;(source:Araport11),RING/U-box superfamily protein
AT5G20960,1,1,0,2,protein_coding,aldehyde oxidase 1,Encodes aldehyde oxidase AA01.,aldehyde oxidase 1;(source:Araport11),aldehyde oxidase 1
AT5G21090,2,2,0,1,protein_coding,Leucine-rich repeat (LRR) family protein,Extracellular Leucine-rich repeat (LRR)-containing protein.,Leucine-rich repeat (LRR) family protein;(source:Araport11),Leucine-rich repeat (LRR) family protein
AT5G22060,2,2,0,1,protein_coding,DNAJ homologue 2,Co-chaperonin similar to E. coli DnaJ,DNAJ homologue 2;(source:Araport11),DNAJ homologue 2
AT5G22250,1,1,0,1,protein_coding,"Polynucleotidyl transferase, ribonuclease H-like superfamily protein","Encodes one of the homologs of the yeast CCR4-associated factor 1: AT3G44260 (CAF1a), AT5G22250 (CAF1b). Has mRNA deadenylation activity.  Also plays a role in plant defense responses.","Polynucleotidyl transferase, ribonuclease H-like superfamily protein;(source:Araport11)","Polynucleotidyl transferase, ribonuclease H-like superfamily protein"
AT5G22300,2,2,0,2,protein_coding,nitrilase 4,"encodes a nitrilase isomer. The purified enzyme shows a strong substrate specificity for beta-cyano-L-alanine, a intermediate product of the cyanide detoxification pathway. The mRNA is cell-to-cell mobile. | encodes a nitrilase isomer. The purified enzyme shows a strong substrate specificity for beta-cyano-L-alanine, a intermediate product of the cyanide detoxification pathway.The mRNA is cell-to-cell mobile.",nitrilase 4;(source:Araport11),nitrilase 4
AT5G22380,2,2,0,1,protein_coding,NAC domain containing protein 90,,NAC domain containing protein 90;(source:Araport11),NAC domain containing protein 90
AT5G22470,1,1,0,1,protein_coding,NAD+ ADP-ribosyltransferases;NAD+ ADP-ribosyltransferases,PARP3 is one of three canonical PARPs in Arabidopsis.,poly ADP-ribose polymerase 3;(source:Araport11),NAD+ ADP-ribosyltransferases;NAD+ ADP-ribosyltransferases
AT5G22520,2,2,0,1,protein_coding,,,hypothetical protein;(source:Araport11),hypothetical protein;(source:Araport11)
AT5G22570,1,1,0,1,protein_coding,WRKY DNA-binding protein 38,member of WRKY Transcription Factor; Group III,WRKY DNA-binding protein 38;(source:Araport11),WRKY DNA-binding protein 38
AT5G22580,1,0,1,1,protein_coding,Stress responsive A/B Barrel Domain,,Stress responsive A/B Barrel Domain-containing protein;(source:Araport11),Stress responsive A/B Barrel Domain
AT5G22860,1,1,0,8,protein_coding,Serine carboxypeptidase S28 family protein,,Serine carboxypeptidase S28 family protein;(source:Araport11),Serine carboxypeptidase S28 family protein
AT5G22920,1,0,1,2,protein_coding,CHY-type/CTCHY-type/RING-type Zinc finger protein,"Encodes a protein with sequence similarity to RING, zinc finger proteins. Loss of function mutations show reduced (15%) stomatal aperture under non stress conditions.",CHY-type/CTCHY-type/RING-type Zinc finger protein;(source:Araport11),CHY-type/CTCHY-type/RING-type Zinc finger protein
AT5G23240,2,2,0,1,protein_coding,DNAJ heat shock N-terminal domain-containing protein,,DNAJ heat shock N-terminal domain-containing protein;(source:Araport11),DNAJ heat shock N-terminal domain-containing protein
AT5G23660,2,2,0,1,protein_coding,homolog of Medicago truncatula MTN3,Encodes a member of the SWEET sucrose efflux transporter family proteins.,bidirectional sugar transporter SWEET12-like protein;(source:Araport11),homolog of Medicago truncatula MTN3
AT5G23760,1,1,0,2,protein_coding,Copper transport protein family,,Copper transport protein family;(source:Araport11),Copper transport protein family
AT5G24200,2,2,0,3,protein_coding,alpha/beta-Hydrolases superfamily protein,,alpha/beta-Hydrolases superfamily protein;(source:Araport11),alpha/beta-Hydrolases superfamily protein
AT5G24210,2,2,0,3,protein_coding,alpha/beta-Hydrolases superfamily protein,,alpha/beta-Hydrolases superfamily protein;(source:Araport11),alpha/beta-Hydrolases superfamily protein
AT5G24280,1,1,0,3,protein_coding,gamma-irradiation and mitomycin c induced 1,"Encodes GMI1, a structural-maintenance-of-chromosomes-hinge domain-containing protein.  Involved in somatic homologous recombination.",gamma-irradiation and mitomycin c induced 1;(source:Araport11),gamma-irradiation and mitomycin c induced 1
AT5G24380,3,3,0,1,protein_coding,YELLOW STRIPE like 2,closest Arabidopsis homolog of Zea maize metal-phytosiderophore/metal-nicotianamine transporter ZmYS1,YELLOW STRIPE like 2;(source:Araport11),YELLOW STRIPE like 2
AT5G24470,2,2,0,1,protein_coding,pseudo-response regulator 5,"Encodes a pseudo-response regulator whose mutation affects various circadian-associated biological events such as flowering time in the long-day photoperiod conditions, red light sensitivity of seedlings during early photomorphogenesis, and the period of free-running rhythms of certain clock-controlled genes including CCA1 and APRR1/TOC1 in constant white light. Acts as transcriptional repressor of CCA1 and LHY. Acts additively with EC, PRR7 and PRR9 to regulate hypocotyl growth under photoperiodic conditions.",two-component response regulator-like protein;(source:Araport11),pseudo-response regulator 5
AT5G24530,6,6,0,1,protein_coding,2-oxoglutarate (2OG) and Fe(II)-dependent oxygenase superfamily protein,Encodes a putative 2OG-Fe(II) oxygenase that is defense-associated but required for susceptibility to downy mildew. The mRNA is cell-to-cell mobile.,2-oxoglutarate (2OG) and Fe(II)-dependent oxygenase superfamily protein;(source:Araport11),2-oxoglutarate (2OG) and Fe(II)-dependent oxygenase superfamily protein
AT5G24770,3,3,0,2,protein_coding,vegetative storage protein 2,"Has acid phosphatase activity dependent on the presence of divalent cations (Mg2+, Co2+, Zn2+, Mn2+) and anti-insect activity. Insects fed with the protein show a retarded development. Induced in response to abscisic acid, jasmonic acid, salt, water deficiency and wounding.",vegetative storage protein 2;(source:Araport11),vegetative storage protein 2
AT5G24780,4,4,0,2,protein_coding,vegetative storage protein 1,encodes an acid phosphatase similar to soybean vegetative storage proteins. Gene expression is induced by wounding and jasmonic acid.,vegetative storage protein 1;(source:Araport11),vegetative storage protein 1
AT5G24810,3,3,0,2,protein_coding,ABC1 family protein,Increased tendency to retain introns in smeb mutants under normal or chilling stress condition.,ABC1 family protein;(source:Araport11),ABC1 family protein
AT5G24870,1,1,0,3,protein_coding,RING/U-box superfamily protein,"Ubiquitin E3 ligase, works with WDL7 in module which regulates microtubule disassembly to mediate stomatal closure in response to drought stress and ABA  treatment. MREL57 interacts with, ubiquitinates and degrades WDL7, effect is  enhanced by ABA.",RING/U-box superfamily protein;(source:Araport11),RING/U-box superfamily protein
AT5G25110,1,1,0,1,protein_coding,CBL-interacting protein kinase 25,salt- and anoxia-induced member of AtCIPK family. A direct target of the NAP-SAG113 PP2C regulatory module involved in the inhibition of stomatal closure through ABA.,CBL-interacting protein kinase 25;(source:Araport11),CBL-interacting protein kinase 25
AT5G25250,4,4,0,1,protein_coding,SPFH/Band 7/PHB domain-containing membrane-associated protein family,"Encodes a protein that is involved in a membrane microdomain-dependent, but clathrin-independent, endocytic pathway required  for optimal seedling development. The mRNA is cell-to-cell mobile.",SPFH/Band 7/PHB domain-containing membrane-associated protein family;(source:Araport11),SPFH/Band 7/PHB domain-containing membrane-associated protein family
AT5G25260,3,3,0,1,protein_coding,SPFH/Band 7/PHB domain-containing membrane-associated protein family,"Belongs to the group of plant flotillins, which are plasma membrane proteins. Flot2 complexes  are found in microdomains and may be involved in plant-pathogen interactions, water transport and intracellular trafficking.",SPFH/Band 7/PHB domain-containing membrane-associated protein family;(source:Araport11),SPFH/Band 7/PHB domain-containing membrane-associated protein family
AT5G25440,3,3,0,2,protein_coding,Protein kinase superfamily protein,Receptor like kinase involved in HopZ1a effector triggered immunity. Interacts with ZAR1. Localization to membrane is dependent on N-terminal myristoylation domain.,Protein kinase superfamily protein;(source:Araport11),Protein kinase superfamily protein
AT5G25460,1,0,1,1,protein_coding,"Protein of unknown function, DUF642",Encodes a DUF642 cell wall protein.,"transmembrane protein, putative (Protein of unknown function, DUF642);(source:Araport11)","Protein of unknown function, DUF642"
AT5G25820,1,1,0,1,protein_coding,Exostosin family protein,,Exostosin family protein;(source:Araport11),Exostosin family protein
AT5G25930,4,4,0,1,protein_coding,Protein kinase family protein with leucine-rich repeat domain,LRR transmembrane receptor kinase. Binds SCREW phyotocytokine signaling peptides during plant immune response.,kinase family with leucine-rich repeat domain-containing protein;(source:Araport11),Protein kinase family protein with leucine-rich repeat domain
AT5G25940,1,1,0,1,protein_coding,early nodulin-related,Acts via cytochrome c oxidase to alter respiratory ATP production and root growth.,early nodulin-like protein;(source:Araport11),early nodulin-related
AT5G26030,1,1,0,2,protein_coding,ferrochelatase 1,encodes ferrochelatase I located in plastids. Involved in heme biosynthesis in non-photosynthetic tissues and induced by oxidative stress in photosynthetic tissues to supply heme for defensive hemoproteins The mRNA is cell-to-cell mobile.,ferrochelatase 1;(source:Araport11),ferrochelatase 1
AT5G26170,3,3,0,1,protein_coding,WRKY DNA-binding protein 50,member of WRKY Transcription Factor; Group II-c.  Involved in jasmonic acid inducible defense responses.,WRKY DNA-binding protein 50;(source:Araport11),WRKY DNA-binding protein 50
AT5G26220,1,1,0,2,protein_coding,ChaC-like family protein,,ChaC-like family protein;(source:Araport11),ChaC-like family protein
AT5G26340,5,5,0,1,protein_coding,Major facilitator superfamily protein,"Encodes a protein with high affinity, hexose-specific/H+ symporter activity. The activity of the transporter appears to be negatively regulated by phosphorylation. Importantly, microarray analysis, as well as the study of the expression of this gene in mutants involved in programmed cell death (PCD) demonstrated a tight correlation between this gene's expression and PCD.",Major facilitator superfamily protein;(source:Araport11),Major facilitator superfamily protein
AT5G26690,2,2,0,1,protein_coding,Heavy metal transport/detoxification superfamily protein,,Heavy metal transport/detoxification superfamily protein;(source:Araport11),Heavy metal transport/detoxification superfamily protein
AT5G26770,1,1,0,6,protein_coding,,"NEAP2 is a member of a small family containing coiled-coil domains, a nuclear localization signal and a C-terminal predicted transmembrane domain. It localizes to the nuclear periphery. Mutants have altered nuclear morphology and chromatin structure.","myosin heavy chain, cardiac protein;(source:Araport11)","NEAP2 is a member of a small family containing coiled-coil domains, a nuclear localization signal and a C-terminal predicted transmembrane domain. It localizes to the nuclear periphery. Mutants have altered nuclear morphology and chromatin structure."
AT5G26920,4,4,0,3,protein_coding,Cam-binding protein 60-like G,Encodes a calmodulin-binding protein CBP60g (calmodulin binding protein 60-like.g).  The calmodulin-binding domain is located near the N-terminus; calmodulin binding is dependent on Ca(2+). Inducible by both bacterial pathogen and MAMP (microbe-associated molecular pattern) treatments. Bacterial growth is enhanced in cbp60g mutants.  cbp60g mutants also show defects in salicylic acid (SA) accumulation and SA signaling.,Cam-binding protein 60-like G;(source:Araport11),Cam-binding protein 60-like G
AT5G27420,2,2,0,1,protein_coding,carbon/nitrogen insensitive 1,"Encodes CNI1 (Carbon/Nitrogen Insensitive1) (also named as ATL31), a RING type ubiquitin ligase that functions in the Carbon/Nitrogen response for growth phase transition in Arabidopsis seedlings. The mRNA is cell-to-cell mobile.",carbon/nitrogen insensitive 1;(source:Araport11),carbon/nitrogen insensitive 1
AT5G27600,4,4,0,1,protein_coding,long-chain acyl-CoA synthetase 7,Encode peroxisomal long-chain acyl-CoA synthetase. Activates fatty acids for further metabolism. Interacts with PEX5.,long-chain acyl-CoA synthetase 7;(source:Araport11),long-chain acyl-CoA synthetase 7
AT5G27760,1,1,0,2,protein_coding,Hypoxia-responsive family protein,,Hypoxia-responsive family protein;(source:Araport11),Hypoxia-responsive family protein
AT5G27830,1,1,0,6,protein_coding,,Folate receptor family protein;(source:Araport11).Expression correlates with increase in bound folate in planta.,folate receptor family protein;(source:Araport11),Folate receptor family protein;(source:Araport11).Expression correlates with increase in bound folate in planta.
AT5G28540,2,2,0,1,protein_coding,heat shock protein 70 (Hsp 70) family protein,"Encodes the luminal binding protein BiP, an ER-localized member of the HSP70 family.  BiP is composed of an N-terminal ATP binding domain and a C-terminal domain that binds to hydrophobic patches on improperly/incompletely folded proteins in an ATP-dependent manner. Involved in polar nuclei fusion during proliferation of endosperm nuclei.",heat shock protein 70 (Hsp 70) family protein;(source:Araport11),heat shock protein 70 (Hsp 70) family protein
AT5G28830,1,1,0,1,protein_coding,calcium-binding EF hand family protein,,calcium-binding EF hand family protein;(source:Araport11),calcium-binding EF hand family protein
AT5G33290,2,2,0,1,protein_coding,xylogalacturonan deficient 1,Acts as a xylogalacturonan xylosyltransferase within the XGA biosynthesis pathway. Involved in pectin biosynthesis.,xylogalacturonan deficient 1;(source:Araport11),xylogalacturonan deficient 1
AT5G35200,1,1,0,2,protein_coding,ENTH/ANTH/VHS superfamily protein,,ENTH/ANTH/VHS superfamily protein;(source:Araport11),ENTH/ANTH/VHS superfamily protein
AT5G35480,1,0,1,2,protein_coding,,,hypothetical protein;(source:Araport11),hypothetical protein;(source:Araport11)
AT5G35660,2,2,0,1,protein_coding,Glycine-rich protein family,,Glycine-rich protein family;(source:Araport11),Glycine-rich protein family
AT5G35735,4,4,0,1,protein_coding,Auxin-responsive family protein,Cytochrome b561 and DOMON domain (CYBDOM) protein.,Auxin-responsive family protein;(source:Araport11),Auxin-responsive family protein
AT5G36220,2,2,0,2,protein_coding,cytochrome p450 81d1,"member of CYP81D family of cytochrome p450s. This gene was originally called CYP91A1, but was later renamed to CYP81D1. | This gene is a member of the CYP81D family of cytochrome p450s. It was originally called CYP91A1, but was later renamed to CYP81D1.",cytochrome p450 81d1;(source:Araport11),cytochrome p450 81d1
AT5G36910,1,0,1,1,protein_coding,thionin 2.2,"Encodes a thionin that is expressed at a low basal level in seedlings and shows circadian variation.  Predicted to encode a PR (pathogenesis-related) protein.  Belongs to the plant thionin (PR-13) family with the following members: At1g66100, At5g36910, At1g72260, At2g15010, At1g12663, At1g12660.",thionin 2.2;(source:Araport11),thionin 2.2
AT5G36930,1,1,0,4,protein_coding,Disease resistance protein (TIR-NBS-LRR class) family,,Disease resistance protein (TIR-NBS-LRR class) family;(source:Araport11),Disease resistance protein (TIR-NBS-LRR class) family
AT5G37540,4,4,0,1,protein_coding,Eukaryotic aspartyl protease family protein,,Eukaryotic aspartyl protease family protein;(source:Araport11),Eukaryotic aspartyl protease family protein
AT5G37600,3,3,0,1,protein_coding,glutamine synthase clone R1,"encodes a cytosolic glutamine synthetase, the enzyme has high affinity with substrate ammonium",hypothetical protein;(source:Araport11),glutamine synthase clone R1
AT5G37740,3,3,0,2,protein_coding,Calcium-dependent lipid-binding (CaLB domain) family protein,C2-domain ABA-related protein involved in ABA response; can interact with PYLs. Can directly recruit hypersensitive to ABA1  (HAB1) and SNF1-related protein kinase 2.2 (SnRK2.2) to the PM.,Calcium-dependent lipid-binding (CaLB domain) family protein;(source:Araport11),Calcium-dependent lipid-binding (CaLB domain) family protein
AT5G38900,3,3,0,2,protein_coding,Thioredoxin superfamily protein,,Thioredoxin superfamily protein;(source:Araport11),Thioredoxin superfamily protein
AT5G38980,1,1,0,1,protein_coding,,,transmembrane protein;(source:Araport11),transmembrane protein;(source:Araport11)
AT5G38990,2,2,0,1,protein_coding,Malectin/receptor-like protein kinase family protein,Involved in growth adaptation upon exposure to metal ions. Contributes together with the other MDS genes to the complex network of CrRLK1Ls that positively and negatively affect growth.,Malectin/receptor-like protein kinase family protein;(source:Araport11),Malectin/receptor-like protein kinase family protein
AT5G39020,1,1,0,1,protein_coding,Malectin/receptor-like protein kinase family protein,Involved in growth adaptation upon exposure to metal ions. Contributes together with the other MDS genes to the complex network of CrRLK1Ls that positively and negatively affect growth.,Malectin/receptor-like protein kinase family protein;(source:Araport11),Malectin/receptor-like protein kinase family protein
AT5G39030,1,1,0,2,protein_coding,Protein kinase superfamily protein,Involved in growth adaptation upon exposure to metal ions. Contributes together with the other MDS genes to the complex network of CrRLK1Ls that positively and negatively affect growth.,Protein kinase superfamily protein;(source:Araport11),Protein kinase superfamily protein
AT5G39040,1,1,0,2,protein_coding,transporter associated with antigen processing protein 2,"Encodes a member of TAP subfamily of ABC transporters that is located in the vacuole.  Mutants are hypersensitive to aluminum and the gene product may be important for intracellular movement of some substrate, possibly chelated Al, as part of a mechanism of aluminum sequestration.",transporter associated with antigen processing protein 2;(source:Araport11),transporter associated with antigen processing protein 2
AT5G39050,3,3,0,1,protein_coding,HXXXD-type acyl-transferase family protein,Encodes a malonyltransferase that may play a role in phenolic xenobiotic detoxification.,HXXXD-type acyl-transferase family protein;(source:Araport11),HXXXD-type acyl-transferase family protein
AT5G39450,1,1,0,1,protein_coding,F-box family protein,,F-box family protein;(source:Araport11),F-box family protein
AT5G39520,5,5,0,1,protein_coding,Protein of unknown function (DUF1997),Plastid localized transmembrane protein involved in ABA mediated leaf senescence and stomatal movement.,hypothetical protein (DUF1997);(source:Araport11),Protein of unknown function (DUF1997)
AT5G39610,1,0,1,1,protein_coding,NAC domain containing protein  6,"Encodes a NAC-domain transcription factor. Positively regulates aging-induced cell death and senescence in leaves.  This gene is upregulated in response to salt stress in wildtype as well as NTHK1 transgenic lines although in the latter case the induction was drastically reduced. It was also upregulated by ABA, ACC and NAA treatment, although in the latter two cases, the induction occurred relatively late when compared with NaCl or ABA treatments. Note: this protein (AtNAC6) on occasion has also been referred to as AtNAC2, not to be confused with the AtNAC2 found at locus AT3G15510.",NAC domain containing protein 6;(source:Araport11),NAC domain containing protein  6
AT5G39670,4,4,0,1,protein_coding,Calcium-binding EF-hand family protein,Calmodulin like protein involved in negative regulation of pattern triggered immunity.,Calcium-binding EF-hand family protein;(source:Araport11),Calcium-binding EF-hand family protein
AT5G39850,1,1,0,1,protein_coding,Ribosomal protein S4,,Ribosomal protein S4;(source:Araport11),Ribosomal protein S4
AT5G40450,1,0,1,2,protein_coding,,"Encodes a member of a plant gene family, APK_ORTHOMCL5144,of unknown function. RBB1 is localized to the cytosol and involved in vacuolar biogenesis and organization. RBB1 mutants have increased number of vacuolar bulbs and fewer trans-vacuolar strands.",A-kinase anchor-like protein;(source:Araport11),"Encodes a member of a plant gene family, APK_ORTHOMCL5144,of unknown function. RBB1 is localized to the cytosol and involved in vacuolar biogenesis and organization. RBB1 mutants have increased number of vacuolar bulbs and fewer trans-vacuolar strands."
AT5G40580,1,1,0,4,protein_coding,20S proteasome beta subunit PBB2,Encodes 20S proteasome beta subunit PBB2 (PBB2).,20S proteasome beta subunit PBB2;(source:Araport11),20S proteasome beta subunit PBB2
AT5G40690,2,2,0,1,protein_coding,,,histone-lysine N-methyltransferase trithorax-like protein;(source:Araport11),histone-lysine N-methyltransferase trithorax-like protein;(source:Araport11)
AT5G40720,1,1,0,3,protein_coding,Domain of unknown function (DUF23),,C3H4 type zinc finger protein (DUF23);(source:Araport11),Domain of unknown function (DUF23)
AT5G40780,4,4,0,3,protein_coding,lysine histidine transporter 1,"Encodes LHT1 (lysine histidine transporter), a high-affinity transporter for cellular amino acid uptake in both root epidermis and leaf mesophyll.",lysine histidine transporter 1;(source:Araport11),lysine histidine transporter 1
AT5G40910,1,1,0,9,protein_coding,Disease resistance protein (TIR-NBS-LRR class) family,Located in high/low density leaf shape QTL.,Disease resistance protein (TIR-NBS-LRR class) family;(source:Araport11),Disease resistance protein (TIR-NBS-LRR class) family
AT5G41740,2,2,0,3,protein_coding,Disease resistance protein (TIR-NBS-LRR class) family,,Disease resistance protein (TIR-NBS-LRR class) family;(source:Araport11),Disease resistance protein (TIR-NBS-LRR class) family
AT5G41750,4,4,0,2,protein_coding,Disease resistance protein (TIR-NBS-LRR class) family,,Disease resistance protein (TIR-NBS-LRR class) family;(source:Araport11),Disease resistance protein (TIR-NBS-LRR class) family
AT5G42020,1,1,0,3,protein_coding,Heat shock protein 70 (Hsp 70) family protein,Luminal binding protein (BiP2) involved in polar nuclei fusion during proliferation of endosperm nuclei.,Heat shock protein 70 (Hsp 70) family protein;(source:Araport11),Heat shock protein 70 (Hsp 70) family protein
AT5G42050,3,3,0,1,protein_coding,DCD (Development and Cell Death) domain protein,"Stress responsive asparagine-rich protein. Binds to PevD (Verticillium dahliae ) fungal effector protein. NRP interacts  with CRY2, leading to increased cytoplasmic accumulation of CRY2 in a blue light-independent manner (PMID:28633330).NRP also binds FyPP3 and recruits it to endosomes and thus targets it for degradation.Under ER stress NRP1 is activated by bZIP60 and inhibits cell death.",DCD (Development and Cell Death) domain protein;(source:Araport11),DCD (Development and Cell Death) domain protein
AT5G42380,4,4,0,1,protein_coding,calmodulin like 37,Stress induced calmodulin like gene; involved in drought response.,calmodulin like 37;(source:Araport11),calmodulin like 37
AT5G42440,1,1,0,1,protein_coding,Protein kinase superfamily protein,,Protein kinase superfamily protein;(source:Araport11),Protein kinase superfamily protein
AT5G42530,2,2,0,1,protein_coding,,,hypothetical protein;(source:Araport11),hypothetical protein;(source:Araport11)
AT5G42830,1,1,0,1,protein_coding,HXXXD-type acyl-transferase family protein,,HXXXD-type acyl-transferase family protein;(source:Araport11),HXXXD-type acyl-transferase family protein
AT5G42900,1,1,0,3,protein_coding,cold regulated gene 27,Acts with COR28 as a key regulator in the COP1-HY5 regulatory hub by regulating HY5 activity to ensure proper skotomorphogenic growth in the dark and photomorphogenic development in the light.,cold regulated protein 27;(source:Araport11),cold regulated gene 27
AT5G43100,1,1,0,2,protein_coding,Eukaryotic aspartyl protease family protein,,Eukaryotic aspartyl protease family protein;(source:Araport11),Eukaryotic aspartyl protease family protein
AT5G43450,1,1,0,2,protein_coding,2-oxoglutarate (2OG) and Fe(II)-dependent oxygenase superfamily protein,encodes a protein whose sequence is similar to ACC oxidase,2-oxoglutarate (2OG) and Fe(II)-dependent oxygenase superfamily protein;(source:Araport11),2-oxoglutarate (2OG) and Fe(II)-dependent oxygenase superfamily protein
AT5G43900,1,1,0,3,protein_coding,myosin 2,Encodes a member of the type XI myosin protein family that binds F-actin and co-localizes with actin filaments and peroxisomes. Homozygous mutants are reported to have pleiotropic effects in growth and fertility and may also be lethal. This protein is also involved in root hair growth and organelle trafficking. This protein interacts with RabC2a and RabD1 in a GTP-dependent manner.,myosin 2;(source:Araport11),myosin 2
AT5G43910,4,4,0,5,protein_coding,pfkB-like carbohydrate kinase family protein,,pfkB-like carbohydrate kinase family protein;(source:Araport11),pfkB-like carbohydrate kinase family protein
AT5G44070,2,2,0,2,protein_coding,phytochelatin synthase 1 (PCS1),"Phytochelatin synthase gene confers tolerance to cadmium ions. Catalyzes phytochelatin (PC) synthesis from glutathione (GSH) in the presence of Cd2+, Zn2+, Cu2+ and Fe3+, but not by Co2+ or Ni2+. The mRNA is cell-to-cell mobile. | Phytochelatin synthase gene confers tolerance to cadmium ions. Catalyzes phytochelatin (PC) synthesis from glutathione (GSH) in the presence of Cd2+, Zn2+, Cu2+ and Fe3+, but not by Co2+ or Ni2+.The mRNA is cell-to-cell mobile.",phytochelatin synthase 1 (PCS1);(source:Araport11),phytochelatin synthase 1 (PCS1)
AT5G44310,1,1,0,2,protein_coding,Late embryogenesis abundant protein (LEA) family protein,,Late embryogenesis abundant protein (LEA) family protein;(source:Araport11),Late embryogenesis abundant protein (LEA) family protein
AT5G44420,1,1,0,1,protein_coding,plant defensin 1.2,"Encodes an ethylene- and jasmonate-responsive plant defensin. mRNA levels are not responsive to salicylic acid treatment; although jasmonate and salicylic acid can act synergistically to enhance the expression of this gene. Belongs to the plant defensin (PDF) family with the following members: At1g75830/PDF1.1, At5g44420/PDF1.2a, At2g26020/PDF1.2b, At5g44430/PDF1.2c, At2g26010/PDF1.3, At1g19610/PDF1.4, At1g55010/PDF1.5, At2g02120/PDF2.1, At2g02100/PDF2.2, At2g02130/PDF2.3, At1g61070/PDF2.4, At5g63660/PDF2.5, At2g02140/PDF2.6, At5g38330/PDF3.1 and At4g30070/PDF3.2. CFA-Leu, CFA-Val, CFA-Met and CFA-Ala can induce the expression of PDF.",plant defensin 1.2;(source:Araport11),plant defensin 1.2
AT5G44430,1,1,0,1,protein_coding,plant defensin 1.2C,"Predicted to encode a PR (pathogenesis-related) protein.  Belongs to the plant defensin (PDF) family with the following members: At1g75830/PDF1.1, At5g44420/PDF1.2a, At2g26020/PDF1.2b, At5g44430/PDF1.2c, At2g26010/PDF1.3, At1g19610/PDF1.4, At1g55010/PDF1.5, At2g02120/PDF2.1, At2g02100/PDF2.2, At2g02130/PDF2.3, At1g61070/PDF2.4, At5g63660/PDF2.5, At2g02140/PDF2.6, At5g38330/PDF3.1 and At4g30070/PDF3.2.",plant defensin 1.2C;(source:Araport11),plant defensin 1.2C
AT5G44568,1,1,0,1,protein_coding,,"Secreted peptide which functions in plant growth and pathogen defense. SCOOP (SERINE RICH ENDOGENOUS PEPTIDE) family member, involved in immunity against herbivorous insects.",transmembrane protein;(source:Araport11),"Secreted peptide which functions in plant growth and pathogen defense. SCOOP (SERINE RICH ENDOGENOUS PEPTIDE) family member, involved in immunity against herbivorous insects."
AT5G44820,3,3,0,1,protein_coding,Nucleotide-diphospho-sugar transferase family protein,,Nucleotide-diphospho-sugar transferase family protein;(source:Araport11),Nucleotide-diphospho-sugar transferase family protein
AT5G44870,2,2,0,2,protein_coding,Disease resistance protein (TIR-NBS-LRR class) family,"Encodes LAZ5, a TIR-class NB-LRR R protein of unknown pathogen specificity with sequence similarity to RPS4, an R protein conferring resistance to Pseudomonas syringae expressing the effector AvrRPS4.  Overexpression of LAZ5 results in hypersensitive cell death (plants did not survive to set seeds).",Disease resistance protein (TIR-NBS-LRR class) family;(source:Araport11),Disease resistance protein (TIR-NBS-LRR class) family
AT5G45030,1,1,0,2,protein_coding,Trypsin family protein,,Trypsin family protein;(source:Araport11),Trypsin family protein
AT5G45100,1,1,0,2,protein_coding,SBP (S-ribonuclease binding protein) family protein,Encodes one of the BRGs (BOI-related gene) involved in resistance to Botrytis cinerea.,SBP (S-ribonuclease binding protein) family protein;(source:Araport11),SBP (S-ribonuclease binding protein) family protein
AT5G45110,3,3,0,2,protein_coding,NPR1-like protein 3,"Encodes NPR3, a paralog of NPR1.  Involved in negative regulation of defense responses against bacterial and oomycete pathogens.  npr3 mutants has elevated level of PR1 expression.  Interacts with TGA2, TGA3, TGA5 and TGA6 in yeast two hybrid assays. NPR3 and NPR4 are receptors for the immune signal salicylic acid. The mRNA is cell-to-cell mobile. | Encodes NPR3, a paralog of NPR1.  Involved in negative regulation of defense responses against bacterial and oomycete pathogens.  npr3 mutants has elevated level of PR1 expression.  Interacts with TGA2, TGA3, TGA5 and TGA6 in yeast two hybrid assays. NPR3 and NPR4 are receptors for the immune signal salicylic acid.The mRNA is cell-to-cell mobile.",NPR1-like protein 3;(source:Araport11),NPR1-like protein 3
AT5G45130,1,1,0,2,protein_coding,RAB homolog 1,small GTP binding protein The mRNA is cell-to-cell mobile. | small GTP binding protein. The mRNA is cell-to-cell mobile.,Ras small GTP-binding family protein;(source:Araport11),RAB homolog 1
AT5G45250,1,1,0,1,protein_coding,Disease resistance protein (TIR-NBS-LRR class) family,RPS4 belongs to the Toll/interleukin-1 receptor (TIR)-nucleotide binding site (NBS)-Leu-rich repeat (LRR) class of disease resistance (R ) genes. Confers specific resistance to Pseudomonas syringae pv. tomato carrying the avirulence gene AvrRPS4. Produces alternative transcripts with truncated open reading frames.,Disease resistance protein (TIR-NBS-LRR class) family;(source:Araport11),Disease resistance protein (TIR-NBS-LRR class) family
AT5G45380,4,4,0,1,protein_coding,solute:sodium symporters;urea transmembrane transporters,,urea-proton symporter DEGRADATION OF UREA 3 (DUR3);(source:Araport11),solute:sodium symporters;urea transmembrane transporters
AT5G45500,2,2,0,9,protein_coding,RNI-like superfamily protein,,RNI-like superfamily protein;(source:Araport11),RNI-like superfamily protein
AT5G45630,4,4,0,1,protein_coding,"Protein of unknown function, DUF584",,"senescence regulator (Protein of unknown function, DUF584);(source:Araport11)","Protein of unknown function, DUF584"
AT5G45890,1,1,0,1,protein_coding,senescence-associated gene 12,"Senescence-associated gene 12 (SAG12) encoding a cysteine protease influenced by cytokinin, auxin, and sugars.Localized to special vacuole found during senescence called senescence associated vacuoles which are different from central vacuole in the tonoplast composition and pH.",senescence-associated gene 12;(source:Araport11),senescence-associated gene 12
AT5G46260,1,1,0,1,protein_coding,disease resistance protein (TIR-NBS-LRR class) family,,disease resistance protein (TIR-NBS-LRR class) family;(source:Araport11),disease resistance protein (TIR-NBS-LRR class) family
AT5G46350,1,1,0,1,protein_coding,WRKY DNA-binding protein 8,member of WRKY Transcription Factor; Group II-c Increased triacylglycerols (TAGs) after being transiently expressed in Nicotiana benthamiana.  Activated by LEC2.,WRKY DNA-binding protein 8;(source:Araport11),WRKY DNA-binding protein 8
AT5G46450,1,1,0,3,protein_coding,Disease resistance protein (TIR-NBS-LRR class) family,,Disease resistance protein (TIR-NBS-LRR class) family;(source:Araport11),Disease resistance protein (TIR-NBS-LRR class) family
AT5G46470,1,1,0,1,protein_coding,disease resistance protein (TIR-NBS-LRR class) family,"Encodes RPS6 (RESISTANT TO P. SYRINGAE 6), a member of the TIR-NBS-LRR class resistance protein. The mRNA is cell-to-cell mobile.",disease resistance protein (TIR-NBS-LRR class) family;(source:Araport11),disease resistance protein (TIR-NBS-LRR class) family
AT5G46490,2,2,0,8,protein_coding,Disease resistance protein (TIR-NBS-LRR class) family,,Disease resistance protein (TIR-NBS-LRR class) family;(source:Araport11),Disease resistance protein (TIR-NBS-LRR class) family
AT5G46520,2,2,0,2,protein_coding,Disease resistance protein (TIR-NBS-LRR class) family,"VICTR (VARIATION IN COMPOUND TRIGGERED ROOT growth response) encodes a TIR-NB-LRR (for Toll-Interleukin1 Receptor-nucleotide binding-Leucine-rich repeat) protein. VICTR is necessary for DFPM-induced root growth arrest and inhibition of abscisic acid-induced stomatal closing (DFPM is [5-(3,4-dichlorophenyl)furan-2-yl]-piperidine-1-ylmethanethione)(PMID:21620700). DFPM-mediated root growth arrest is accession-specific and depends on EDS1 and PAD4; Col-0 has a functional copy of VICTR. Induction of the VICTR gene by DFPM treatment requires functional VICTR (Col). A close homolog to VICTR, named VICTL (At5g46510) lies in tandem with VICTR. The mRNA is cell-to-cell mobile. | VICTR (VARIATION IN COMPOUND TRIGGERED ROOT growth response) encodes a TIR-NB-LRR (for Toll-Interleukin1 Receptor-nucleotide binding-Leucine-rich repeat) protein. VICTR is necessary for DFPM-induced root growth arrest and inhibition of abscisic acid-induced stomatal closing (DFPM is [5-(3,4-dichlorophenyl)furan-2-yl]-piperidine-1-ylmethanethione)(PMID:21620700). DFPM-mediated root growth arrest is accession-specific and depends on EDS1 and PAD4; Col-0 has a functional copy of VICTR. Induction of the VICTR gene by DFPM treatment requires functional VICTR (Col). A close homolog to VICTR, named VICTL (At5g46510) lies in tandem with VICTR.The mRNA is cell-to-cell mobile.",Disease resistance protein (TIR-NBS-LRR class) family;(source:Araport11),Disease resistance protein (TIR-NBS-LRR class) family
AT5G46710,1,1,0,3,protein_coding,PLATZ transcription factor family protein,,PLATZ transcription factor family protein;(source:Araport11),PLATZ transcription factor family protein
AT5G47070,1,1,0,1,protein_coding,Protein kinase superfamily protein,"Encodes a member of the RLCK VII-4 subfamily of  receptor-like cytoplasmic kinases that has been shown to phosphorylate MAPKKK5 Ser-599 and MEKK1 Ser-603, both players in PRR-mediated resistance to bacterial   and fungal pathogens.",Protein kinase superfamily protein;(source:Araport11),Protein kinase superfamily protein
AT5G47120,2,2,0,1,protein_coding,BAX inhibitor 1,"Encodes BI-1, a homolog of mammalian Bax inhibitor 1.  Functions as an attenuator of biotic and abiotic types of cell death.  Bax-induced cell death can be downregulated by ectopically expressing AtBI in planta. The mRNA is cell-to-cell mobile.",BAX inhibitor 1;(source:Araport11),BAX inhibitor 1
AT5G47140,2,2,0,1,protein_coding,GATA transcription factor 27,Encodes a member of the GATA factor family of zinc finger transcription factors.,GATA transcription factor 27;(source:Araport11),GATA transcription factor 27
AT5G47220,2,2,0,1,protein_coding,ethylene responsive element binding factor 2,Encodes a member of the ERF (ethylene response factor) subfamily B-3 of ERF/AP2 transcription factor family (ATERF-2). The protein contains one AP2 domain. Functions as activator of GCC box–dependent transcription. Positive regulator of JA-responsive defense genes and resistance to  F. oxysporum and enhances JA inhibition of root elongation.,ethylene responsive element binding factor 2;(source:Araport11),ethylene responsive element binding factor 2
AT5G47580,1,1,0,1,protein_coding,,,transmembrane protein;(source:Araport11),transmembrane protein;(source:Araport11)
AT5G47730,1,1,0,4,protein_coding,Sec14p-like phosphatidylinositol transfer family protein,,Sec14p-like phosphatidylinositol transfer family protein;(source:Araport11),Sec14p-like phosphatidylinositol transfer family protein
AT5G47850,1,1,0,1,protein_coding,CRINKLY4 related 4,,CRINKLY4 related 4;(source:Araport11),CRINKLY4 related 4
AT5G47860,1,1,0,1,protein_coding,Protein of unknown function (DUF1350),,Gut esterase (DUF1350);(source:Araport11),Protein of unknown function (DUF1350)
AT5G47880,1,1,0,2,protein_coding,eukaryotic release factor 1-1,"Encodes a eukaryotic release factor 1 homolog.  Cosuppression of the gene's expression results affects cell elongation of the inflorescence stem, specifically the internodes, and radial cell division.  Expression of the protein is primarily observed in the vascular system and in actively growing and elongating zones.",eukaryotic release factor 1-1;(source:Araport11),eukaryotic release factor 1-1
AT5G48180,2,2,0,1,protein_coding,nitrile specifier protein 5,"Encodes a nitrile-specifier protein NSP5. NSP5 is one out of five (At3g16400/NSP1, At2g33070/NSP2, At3g16390/NSP3, At3g16410/NSP4 and At5g48180/NSP5) A. thaliana epithiospecifier protein (ESP) homologues that promote simple nitrile, but not epithionitrile or thiocyanate formation.",nitrile specifier protein 5;(source:Araport11),nitrile specifier protein 5
AT5G48250,1,1,0,1,protein_coding,B-box type zinc finger protein with CCT domain,,B-box type zinc finger protein with CCT domain-containing protein;(source:Araport11),B-box type zinc finger protein with CCT domain
AT5G48380,4,4,0,1,protein_coding,BAK1-interacting receptor-like kinase 1,"Encodes a BAK1-interacting receptor-like kinase named BIR1.  Negatively regulates multiple plant resistance signaling pathways, one of which is the SOBIR1(AT2G31880)-dependent pathway.",BAK1-interacting receptor-like kinase 1;(source:Araport11),BAK1-interacting receptor-like kinase 1
AT5G48400,3,3,0,2,protein_coding,Glutamate receptor family protein,member of Putative ligand-gated ion channel subunit family,Glutamate receptor family protein;(source:Araport11),Glutamate receptor family protein
AT5G48410,1,1,0,4,protein_coding,glutamate receptor 1.3,member of Putative ligand-gated ion channel subunit family,glutamate receptor 1.3;(source:Araport11),glutamate receptor 1.3
AT5G48490,2,0,2,1,protein_coding,Bifunctional inhibitor/lipid-transfer protein/seed storage 2S albumin superfamily protein,Encodes a protein with similarity to a lipid transfer protein that may contribute to systemic acquired resistance (SAR).,Bifunctional inhibitor/lipid-transfer protein/seed storage 2S albumin superfamily protein;(source:Araport11),Bifunctional inhibitor/lipid-transfer protein/seed storage 2S albumin superfamily protein
AT5G48540,1,1,0,1,protein_coding,receptor-like protein kinase-related family protein,,receptor-like protein kinase-related family protein;(source:Araport11),receptor-like protein kinase-related family protein
AT5G48570,5,5,0,1,protein_coding,FKBP-type peptidyl-prolyl cis-trans isomerase family protein,"Encodes one of the 36 carboxylate clamp (CC)-tetratricopeptide repeat (TPR) proteins (Prasad 2010, Pubmed ID: 20856808) with potential to interact with Hsp90/Hsp70 as co-chaperones.",FKBP-type peptidyl-prolyl cis-trans isomerase family protein;(source:Araport11),FKBP-type peptidyl-prolyl cis-trans isomerase family protein
AT5G48657,3,3,0,6,protein_coding,defense protein-related,Member of the RIN4-like/NOI family;  upregulated after spider mite feeding. Together with NOI11 modulates the response  to biotic stresses mediated by RIN4.,defense protein-like protein;(source:Araport11),defense protein-related
AT5G48850,1,1,0,1,protein_coding,Tetratricopeptide repeat (TPR)-like superfamily protein,"Homologous to the wheat sulphate deficiency-induced gene sdi1. Expression in root and leaf is induced by sulfur starvation. Knockout mutants retained higher root and leaf sulfate concentrations, indicating a role in regulation of stored sulfate pools.",Tetratricopeptide repeat (TPR)-like superfamily protein;(source:Araport11),Tetratricopeptide repeat (TPR)-like superfamily protein
AT5G49480,1,1,0,1,protein_coding,Ca2+-binding protein 1,"AtCP1 encodes a novel Ca2+-binding protein, which shares sequence similarities with calmodulins. The expression of AtCP1 is induced by NaCl. The mRNA is cell-to-cell mobile.",Ca2+-binding protein 1;(source:Araport11),Ca2+-binding protein 1
AT5G49520,1,1,0,1,protein_coding,WRKY DNA-binding protein 48,"Encodes WRKY48, a member of the WRKY Transcription Factor. WRKY48 is a stress- and pathogen-induced transcriptional activator that represses plant basal defense. The mRNA is cell-to-cell mobile.",WRKY DNA-binding protein 48;(source:Araport11),WRKY DNA-binding protein 48
AT5G49570,1,1,0,1,protein_coding,peptide-N-glycanase 1,Encodes a protein that has peptide:N-glycanase activity in enzymatic assay in heterologous systems (although the activity was not detected in wild-type plants).,peptide-N-glycanase 1;(source:Araport11),peptide-N-glycanase 1
AT5G49680,2,2,0,1,protein_coding,Golgi-body localisation protein domain ;RNA pol II promoter Fmp27 protein domain,"Conserved among eukaryotes, similar to Arabidopsis SABRE. The phenotype of the kip/sab double mutant suggests related functions for both genes, however, the KIP protein is mostly required for tip-growth. Predicted to be targeted to the secretory pathway. mRNA was detected in all organs, with most abundance in pollen and roots.",SABRE-like protein;(source:Araport11),Golgi-body localisation protein domain ;RNA pol II promoter Fmp27 protein domain
AT5G49730,1,0,1,2,protein_coding,ferric reduction oxidase 6,"Encodes a plasma membrane-located ferric chelate reductase. Its mRNA is expressed in green aerial tissues (shoot, flower and cotyledon) in a light- and cell differentiation-specific manner. | Encodes a putative ferric chelate reductase. Its mRNA is expressed in green aerial tissues (shoot, flower and cotyledon) in a light- and cell differentiation-specific manner.  However, in vitro assays in yeast have not shown ferric chelate reductase activity for this protein.  T",ferric reduction oxidase 6;(source:Araport11),ferric reduction oxidase 6
AT5G50200,3,3,0,3,protein_coding,nitrate transmembrane transporters,Wound-responsive gene 3 (WR3).  Encodes a high-affinity nitrate transporter. Up-regulated by nitrate. Involved in jasmonic acid-independent wound signal transduction.,nitrate transmembrane transporter;(source:Araport11),nitrate transmembrane transporters
AT5G50360,2,1,1,1,protein_coding,,ABA&#8208;induced transcription repressor that acts as feedback regulator in ABA signalling.,von willebrand factor A domain protein;(source:Araport11),ABA&#8208;induced transcription repressor that acts as feedback regulator in ABA signalling.
AT5G50450,1,1,0,1,protein_coding,HCP-like superfamily protein with MYND-type zinc finger,,HCP-like superfamily protein with MYND-type zinc finger;(source:Araport11),HCP-like superfamily protein with MYND-type zinc finger
AT5G51070,1,1,0,1,protein_coding,Clp ATPase,ATP-dependent Clp protease regulatory subunit The mRNA is cell-to-cell mobile.,Clp ATPase;(source:Araport11),Clp ATPase
AT5G51440,4,4,0,1,protein_coding,HSP20-like chaperones superfamily protein,,HSP20-like chaperones superfamily protein;(source:Araport11),HSP20-like chaperones superfamily protein
AT5G51640,1,1,0,1,protein_coding,Plant protein of unknown function (DUF828),"Encodes leaf-senescence-related protein. A member of the TBL (TRICHOME BIREFRINGENCE-LIKE) gene family containing a plant-specific DUF231 (domain of unknown function) domain. TBL gene family has 46 members, two of which (TBR/AT5G06700 and TBL3/AT5G01360) have been shown to be involved in the synthesis and deposition of secondary wall cellulose, presumably by influencing the esterification state of pectic polymers.  Able to transfer acetyl groups from acetyl-CoA onto the pectins homogalacturonan (HG) or rhamnogalacturonan-I  (RG-I).",trichome birefringence-like protein (DUF828);(source:Araport11),Plant protein of unknown function (DUF828)
AT5G52210,1,1,0,2,protein_coding,GTP-binding protein 1,"A member of ARF-like GTPase family. A thaliana has 21 members, in two subfamilies, ARF and ARF-like (ARL) GTPases.",GTP-binding protein 1;(source:Araport11),GTP-binding protein 1
AT5G52300,5,5,0,2,protein_coding,CAP160 protein,"Encodes a protein that is induced in expression in response to water deprivation such as cold, high-salt, and desiccation. The response appears to be via abscisic acid. The promoter region contains two ABA-responsive elements (ABREs) that are required for the dehydration-responsive expression of rd29B as cis-acting elements. Protein is a member of a gene family with other members found plants, animals and fungi. Upregulation by P. polymyxa CR1 increases drought resistance.",CAP160 protein;(source:Araport11),CAP160 protein
AT5G52320,1,1,0,2,protein_coding,"cytochrome P450, family 96, subfamily A, polypeptide 4",Cytochrome P450 enzyme involved in the wound-induced biosynthesis of cuticular wax  and cutin monomers.,"cytochrome P450, family 96, subfamily A, polypeptide 4;(source:Araport11)","cytochrome P450, family 96, subfamily A, polypeptide 4"
AT5G52390,2,2,0,1,protein_coding,PAR1 protein,,PAR1 protein;(source:Araport11),PAR1 protein
AT5G52450,1,1,0,1,protein_coding,MATE efflux family protein,,MATE efflux family protein;(source:Araport11),MATE efflux family protein
AT5G52540,1,1,0,1,protein_coding,Protein of unknown function (DUF819),,"keratin-associated protein, putative (DUF819);(source:Araport11)",Protein of unknown function (DUF819)
AT5G52640,5,5,0,1,protein_coding,heat shock protein 90.1,Encodes a cytosolic heat shock protein AtHSP90.1.  AtHSP90.1 interacts with disease resistance signaling components SGT1b and RAR1 and is required for RPS2-mediated resistance. The mRNA is cell-to-cell mobile.,heat shock-like protein;(source:Araport11),heat shock protein 90.1
AT5G52750,4,4,0,2,protein_coding,Heavy metal transport/detoxification superfamily protein,,Heavy metal transport/detoxification superfamily protein;(source:Araport11),Heavy metal transport/detoxification superfamily protein
AT5G52760,4,4,0,2,protein_coding,Copper transport protein family,,Copper transport protein family;(source:Araport11),Copper transport protein family
AT5G52810,3,3,0,1,protein_coding,NAD(P)-binding Rossmann-fold superfamily protein,SAR-DEFICIENT4 (SARD4) alias ORNITHINE CYCLODEAMINASE/m-CRYSTALLIN (ORNCD1) is involved in the biosynthesis of pipecolic acid. The reductase converts dehydropipecolic acid intermediates generated from L-Lysine by AGD2-LIKE DEFENSE RESPONSE PROTEIN1 (ALD1) to pipecolic acid (PMID:28330936).,NAD(P)-binding Rossmann-fold superfamily protein;(source:Araport11),NAD(P)-binding Rossmann-fold superfamily protein
AT5G53010,1,1,0,2,protein_coding,"calcium-transporting ATPase, putative",,calcium-transporting ATPase;(source:Araport11),"calcium-transporting ATPase, putative"
AT5G53120,1,1,0,7,protein_coding,spermidine synthase 3,"encodes a novel spermine synthase and is a paralog of previously characterized spermidine synthases, SPDS1 and SPDS2. SPDS3 forms heterodimers with SDPS2, which in turn forms heterodimers with SDPS1 in vivo. The gene does not complement speDelta3 deficiency of spermidine synthase in yeast but DOES complement speDelta4 deficiency.",spermidine synthase 3;(source:Araport11),spermidine synthase 3
AT5G53130,1,1,0,1,protein_coding,cyclic nucleotide gated channel 1,member of Cyclic nucleotide gated channel family,cyclic nucleotide gated channel 1;(source:Araport11),cyclic nucleotide gated channel 1
AT5G53330,1,1,0,1,protein_coding,Ubiquitin-associated/translation elongation factor EF1B protein,,Ubiquitin-associated/translation elongation factor EF1B protein;(source:Araport11),Ubiquitin-associated/translation elongation factor EF1B protein
AT5G53370,2,2,0,2,protein_coding,pectin methylesterase PCR fragment F,Pectin methylesterase inhibitor;  INVI-PMEI protein isoform which clustered with a PME.,pectin methylesterase PCR fragment F;(source:Araport11),pectin methylesterase PCR fragment F
AT5G53420,1,1,0,5,protein_coding,CCT motif family protein,"Member of ASML2 family of CCT domain proteins.There is a preferential accumulation of RNA isoforms CCT101.1 and CCT101.2 in response to N-treatment, each isoform has different targets.",CCT motif family protein;(source:Araport11),CCT motif family protein
AT5G53550,3,3,0,6,protein_coding,YELLOW STRIPE like 3,,YELLOW STRIPE like 3;(source:Araport11),YELLOW STRIPE like 3
AT5G53570,1,1,0,2,protein_coding,Ypt/Rab-GAP domain of gyp1p superfamily protein,,Ypt/Rab-GAP domain of gyp1p superfamily protein;(source:Araport11),Ypt/Rab-GAP domain of gyp1p superfamily protein
AT5G53870,2,2,0,2,protein_coding,early nodulin-like protein 1,,early nodulin-like protein 1;(source:Araport11),early nodulin-like protein 1
AT5G54165,1,1,0,1,protein_coding,,,Avr9/Cf-9 rapidly elicited protein;(source:Araport11),Avr9/Cf-9 rapidly elicited protein;(source:Araport11)
AT5G54190,1,0,1,2,protein_coding,protochlorophyllide oxidoreductase A,light-dependent NADPH:protochlorophyllide oxidoreductase A,protochlorophyllide oxidoreductase A;(source:Araport11),protochlorophyllide oxidoreductase A
AT5G54270,1,0,1,1,protein_coding,light-harvesting chlorophyll B-binding protein 3,Lhcb3 protein is a component of the main light harvesting chlorophyll a/b-protein complex of Photosystem II (LHC II).,light-harvesting chlorophyll B-binding protein 3;(source:Araport11),light-harvesting chlorophyll B-binding protein 3
AT5G54490,1,1,0,1,protein_coding,pinoid-binding protein 1,"Encodes a PINOID (PID)-binding protein containing putative EF-hand calcium-binding motifs.  The interaction is dependent on the presence of calcium. mRNA expression is up-regulated by auxin. Not a phosphorylation target of PID, likely acts upstream of PID to regulate the activity of this protein in response to changes in calcium levels.",pinoid-binding protein 1;(source:Araport11),pinoid-binding protein 1
AT5G54610,4,4,0,1,protein_coding,ankyrin,Induced in response to Salicylic acid. Belongs to the ankyrin repeat protein family.,ankyrin;(source:Araport11),ankyrin
AT5G54710,1,1,0,2,protein_coding,Ankyrin repeat family protein,,Ankyrin repeat family protein;(source:Araport11),Ankyrin repeat family protein
AT5G54720,1,1,0,1,protein_coding,Ankyrin repeat family protein,,Ankyrin repeat family protein;(source:Araport11),Ankyrin repeat family protein
AT5G54860,3,3,0,1,protein_coding,Major facilitator superfamily protein,,Major facilitator superfamily protein;(source:Araport11),Major facilitator superfamily protein
AT5G55200,1,1,0,1,protein_coding,Co-chaperone GrpE family protein,,Co-chaperone GrpE family protein;(source:Araport11),Co-chaperone GrpE family protein
AT5G55450,2,2,0,1,protein_coding,Bifunctional inhibitor/lipid-transfer protein/seed storage 2S albumin superfamily protein,,Bifunctional inhibitor/lipid-transfer protein/seed storage 2S albumin superfamily protein;(source:Araport11),Bifunctional inhibitor/lipid-transfer protein/seed storage 2S albumin superfamily protein
AT5G55460,4,4,0,1,protein_coding,Bifunctional inhibitor/lipid-transfer protein/seed storage 2S albumin superfamily protein,,Bifunctional inhibitor/lipid-transfer protein/seed storage 2S albumin superfamily protein;(source:Araport11),Bifunctional inhibitor/lipid-transfer protein/seed storage 2S albumin superfamily protein
AT5G55850,1,1,0,3,protein_coding,RPM1-interacting protein 4 (RIN4) family protein,Member of the RIN4-like/NOI family;  upregulated after spider mite feeding.,RPM1-interacting protein 4 (RIN4) family protein;(source:Araport11),RPM1-interacting protein 4 (RIN4) family protein
AT5G55930,2,2,0,1,protein_coding,oligopeptide transporter 1,oligopeptide transporter,oligopeptide transporter 1;(source:Araport11),oligopeptide transporter 1
AT5G56010,1,1,0,1,protein_coding,heat shock protein 81-3,"A member of heat shock protein 90 (HSP90) gene family. Expressed in all tissues and abundant in root apical meristem, pollen and tapetum. Expression is NOT heat-induced but induced by IAA and NaCl. Overexpression reduced tolerance to heat and conferred higher tolerance to calcium. The mRNA is cell-to-cell mobile.",heat shock protein 81-3;(source:Araport11),heat shock protein 81-3
AT5G56250,2,2,0,2,protein_coding,hapless 8,,hapless 8;(source:Araport11),hapless 8
AT5G56350,1,1,0,1,protein_coding,Pyruvate kinase family protein,,Pyruvate kinase family protein;(source:Araport11),Pyruvate kinase family protein
AT5G56660,1,1,0,1,protein_coding,IAA-leucine resistant (ILR)-like 2,encodes IAA-amino acid hydrolase that has a broad range of substrate specificity. It is most active on IAA-Ala among the IAA-conjugate hydrolases tested.,IAA-leucine resistant (ILR)-like 2;(source:Araport11),IAA-leucine resistant (ILR)-like 2
AT5G57010,1,1,0,1,protein_coding,calmodulin-binding family protein,,calmodulin-binding family protein;(source:Araport11),calmodulin-binding family protein
AT5G57035,1,1,0,1,protein_coding,U-box domain-containing protein kinase family protein,,U-box domain-containing protein kinase family protein;(source:Araport11),U-box domain-containing protein kinase family protein
AT5G57220,1,1,0,1,protein_coding,"cytochrome P450, family 81, subfamily F, polypeptide 2","member of CYP81F, involved in glucosinolate metabolism. Mutants had impaired resistance to fungi. The mRNA is cell-to-cell mobile.","cytochrome P450, family 81, subfamily F, polypeptide 2;(source:Araport11)","cytochrome P450, family 81, subfamily F, polypeptide 2"
AT5G57480,4,4,0,1,protein_coding,P-loop containing nucleoside triphosphate hydrolases superfamily protein,,P-loop containing nucleoside triphosphate hydrolases superfamily protein;(source:Araport11),P-loop containing nucleoside triphosphate hydrolases superfamily protein
AT5G57580,1,1,0,1,protein_coding,Calmodulin-binding protein,Required for the expression of a guardee/decoy or a negative regulator of immunity mediated by receptors carrying an N-terminal Toll-interleukin-1 receptor-like domain.,Calmodulin-binding protein;(source:Araport11),Calmodulin-binding protein
AT5G57910,1,1,0,2,protein_coding,,,ribosomal RNA small subunit methyltransferase G;(source:Araport11),ribosomal RNA small subunit methyltransferase G;(source:Araport11)
AT5G58070,1,1,0,1,protein_coding,temperature-induced lipocalin,Encodes a temperature-induced lipocalin that is involved in thermotolerance and is required for retinal-mediated de novo root organogenesis.  Peripherally associated with plasma membrane.,temperature-induced lipocalin;(source:Araport11),temperature-induced lipocalin
AT5G58120,1,1,0,1,protein_coding,Disease resistance protein (TIR-NBS-LRR class) family,"DM10 is a singleton TIR-NLR, and causal QTL responsible for  severe hybrid necrosis.",Disease resistance protein (TIR-NBS-LRR class) family;(source:Araport11),Disease resistance protein (TIR-NBS-LRR class) family
AT5G58220,1,1,0,3,protein_coding,transthyretin-like protein,"Encodes a transthyretin-like S-allantoin synthase protein that catalyzes two steps in the allantoin biosynthesis pathway by acting as a hydroxyisourate hydrolase and a 2-oxo-4-hydroxy-4-carboxy-5-ureidoimidazoline (OHCU) decarboxylase. Two alternatively spliced versions of the transcript give rise to a longer peroxisomally-targeted protein (AT5G58220.1  (called TTL1-)) and a slightly shorter cytoplasmic protein (AT5G58220.3 (called TTL2-)). Both have roughly equivalent enzymatic activity in vitro, but, allantoin biosynthesis is believed to occur in the peroxisome suggesting that the cytosolic form may participate in a different process.",transthyretin-like protein;(source:Araport11),transthyretin-like protein
AT5G58290,1,1,0,1,protein_coding,regulatory particle triple-A ATPase 3,"26S proteasome AAA-ATPase subunit RPT3 (RPT3) mRNA,",regulatory particle triple-A ATPase 3;(source:Araport11),regulatory particle triple-A ATPase 3
AT5G58350,1,1,0,1,protein_coding,with no lysine (K) kinase 4,"Encodes a member of the WNK family (9 members in all) of protein kinases, the structural design of which is clearly distinct from those of other known protein kinases, such as receptor-like kinases and mitogen-activated protein kinases. Its transcription is under the control of circadian rhythms.",with no lysine (K) kinase 4;(source:Araport11),with no lysine (K) kinase 4
AT5G58620,2,2,0,1,protein_coding,zinc finger (CCCH-type) family protein,"Involved in control of defence gene expression post-transcriptionally through release from translation arrest within TZF9-PAB2-containing RNA granules. TZF9 shows phospho-mobility shift after flg22 treatment, inferred to be caused by phosphorylation through MPK3 and/or MPK6. The major MPK3/6-targeted phospho-sites are S181, S323, S343, S352, S356, S362 and S377.",zinc finger (CCCH-type) family protein;(source:Araport11),zinc finger (CCCH-type) family protein
AT5G58787,1,1,0,3,protein_coding,RING/U-box superfamily protein,"Encodes a cytosolic protein with E3 ligase activity that is involved in positive regulation of ABA responses. | ABA-Insensitive RING Protein which plays a negative role in GA-mediated hypocotyl elongation and root growth, and it inhibits the synthesis of endogenous biologically active GA3 to some extent.",RING/U-box superfamily protein;(source:Araport11),RING/U-box superfamily protein
AT5G58860,1,1,0,1,protein_coding,"cytochrome P450, family 86, subfamily A, polypeptide 1",Encodes a member of the CYP86A subfamily of cytochrome p450 genes.  Expressed significantly only in root tissue.,"cytochrome P450, family 86, subfamily A, polypeptide 1;(source:Araport11)","cytochrome P450, family 86, subfamily A, polypeptide 1"
AT5G58940,1,1,0,4,protein_coding,calmodulin-binding receptor-like cytoplasmic kinase 1,Arabidopsis thaliana calmodulin-binding receptor-like kinase mRNA The mRNA is cell-to-cell mobile. | Arabidopsis thaliana calmodulin-binding receptor-like kinase mRNAThe mRNA is cell-to-cell mobile.,calmodulin-binding receptor-like cytoplasmic kinase 1;(source:Araport11),calmodulin-binding receptor-like cytoplasmic kinase 1
AT5G59220,2,2,0,2,protein_coding,highly ABA-induced PP2C gene 1,Encodes a member of the PP2C family (Clade A protein phosphatases type 2C). Functions as a negative regulator of osmotic stress and ABA signaling.,PP2C protein (Clade A protein phosphatases type 2C);(source:Araport11),highly ABA-induced PP2C gene 1
AT5G59310,1,1,0,1,protein_coding,lipid transfer protein 4,"Encodes a member of the lipid transfer protein family. Proteins of this family are generally small (~9 kD), basic, expressed abundantly and contain eight Cys residues. The proteins can bind fatty acids and acylCoA esters and can transfer several different phospholipids. They are localized to the cell wall. The mRNA is present in flowers and siliques, and is strongly up-regulated by abscisic acid. Predicted to be a member of PR-14 pathogenesis-related protein family with the following members:   At2g38540/LTP1, At2g38530/LTP2, At5g59320/LTP3, At5g59310/LTP4, At3g51600/LTP5, At3g08770/LTP6, At2g15050/LTP7, At2g18370/LTP8, At2g15325/LTP9, At5g01870/LTP10, At4g33355/LTP11, At3g51590/LTP12, At5g44265/LTP13, At5g62065/LTP14, At4g08530/LTP15.",lipid transfer protein 4;(source:Araport11),lipid transfer protein 4
AT5G59320,1,0,1,1,protein_coding,lipid transfer protein 3,"Predicted to encode a PR (pathogenesis-related) protein.  Belongs to the lipid transfer protein (PR-14) family with the following members:   At2g38540/LTP1, At2g38530/LTP2, At5g59320/LTP3, At5g59310/LTP4, At3g51600/LTP5, At3g08770/LTP6, At2g15050/LTP7, At2g18370/LTP8, At2g15325/LTP9, At5g01870/LTP10, At4g33355/LTP11, At3g51590/LTP12, At5g44265/LTP13, At5g62065/LTP14, At4g08530/LTP15. The mRNA is cell-to-cell mobile.",lipid transfer protein 3;(source:Araport11),lipid transfer protein 3
AT5G59450,1,1,0,1,protein_coding,GRAS family transcription factor,,GRAS family transcription factor;(source:Araport11),GRAS family transcription factor
AT5G59670,2,2,0,2,protein_coding,Leucine-rich repeat protein kinase family protein,,Leucine-rich repeat protein kinase family protein;(source:Araport11),Leucine-rich repeat protein kinase family protein
AT5G59820,3,3,0,1,protein_coding,C2H2-type zinc finger family protein,"Encodes a zinc finger protein involved in high light and cold acclimation. Overexpression of this putative transcription factor increases the expression level of 9 cold-responsive genes and represses the expression level of 15 cold-responsive genes, including CBF genes. Also, lines overexpressing this gene exhibits a small but reproducible increase in freeze tolerance. Because of the repression of the CBF genes by the overexpression of this gene, the authors speculate that this gene may be involved in negative regulatory circuit of the CBF pathway. The mRNA is cell-to-cell mobile.",C2H2-type zinc finger family protein;(source:Araport11),C2H2-type zinc finger family protein
AT5G60100,1,1,0,7,protein_coding,pseudo-response regulator 3,"Encodes pseudo-response regulator 3 (APRR3/PRR3). PRR3 transcript levels vary in a circadian pattern with peak expression at dusk under long and short day conditions. PRR3 affects the period of the circadian clock and seedlings with reduced levels of PRR3 have shorter periods, based on transcriptional assays of clock-regulated genes. PRR3 is expressed in the vasculature of cotyledons and leaves where it may help stabilize the TOC1 protein by preventing interactions between TOC1 and the F-box protein ZTL.",pseudo-response regulator 3;(source:Araport11),pseudo-response regulator 3
AT5G60800,1,1,0,2,protein_coding,Heavy metal transport/detoxification superfamily protein,,Heavy metal transport/detoxification superfamily protein;(source:Araport11),Heavy metal transport/detoxification superfamily protein
AT5G60900,4,4,0,1,protein_coding,receptor-like protein kinase 1,Encodes a receptor-like protein kinase.,receptor-like protein kinase 1;(source:Araport11),receptor-like protein kinase 1
AT5G60950,1,1,0,1,protein_coding,COBRA-like protein 5 precursor,,COBRA-like protein 5 precursor;(source:Araport11),COBRA-like protein 5 precursor
AT5G61010,4,4,0,2,protein_coding,exocyst subunit exo70 family protein E2,"A member of EXO70 gene family, putative exocyst subunits, conserved in land plants. Arabidopsis thaliana contains 23 putative EXO70 genes, which can be classified into eight clusters on the phylogenetic tree.",exocyst subunit exo70 family protein E2;(source:Araport11),exocyst subunit exo70 family protein E2
AT5G61060,1,1,0,2,protein_coding,histone deacetylase 5,Encodes a member of the histone deacetylase family. Class II RPD3-like family HDAC member which controls negative responses to salinity stress.,histone deacetylase 5;(source:Araport11),histone deacetylase 5
AT5G61190,1,1,0,11,protein_coding,putative endonuclease or glycosyl hydrolase with C2H2-type zinc finger domain,,putative endonuclease or glycosyl hydrolase with C2H2-type zinc finger domain-containing protein;(source:Araport11),putative endonuclease or glycosyl hydrolase with C2H2-type zinc finger domain
AT5G61210,2,2,0,2,protein_coding,soluble N-ethylmaleimide-sensitive factor adaptor protein 33,"membrane localized t-SNARE SNAP25 homologue, probably involved in cytokinesis and cell plate formation The mRNA is cell-to-cell mobile. | membrane localized t-SNARE SNAP25 homologue, probably involved in cytokinesis and cell plate formationThe mRNA is cell-to-cell mobile.",soluble N-ethylmaleimide-sensitive factor adaptor protein 33;(source:Araport11),soluble N-ethylmaleimide-sensitive factor adaptor protein 33
AT5G61250,2,2,0,3,protein_coding,glucuronidase 1,"Belongs to the plant glycoside hydrolase family 79. Encodes a protein with several posttranslational modification sites including O-&#946;-GlcNAc attachment sites and serine-, threonine- and  tyrosine-phosphorylation sites, suggesting that this protein is extensively modified posttranslationally. The protein is predicted  (WoLF PSORT program) to be secreted.",glucuronidase 1;(source:Araport11),glucuronidase 1
AT5G61520,1,1,0,2,protein_coding,Major facilitator superfamily protein,,Major facilitator superfamily protein;(source:Araport11),Major facilitator superfamily protein
AT5G61560,1,1,0,5,protein_coding,U-box domain-containing protein kinase family protein,Plant U-box type E3 ubiquitin ligase (PUB).,U-box domain-containing protein kinase family protein;(source:Araport11),U-box domain-containing protein kinase family protein
AT5G61600,2,2,0,1,protein_coding,ethylene response factor 104,"encodes a member of the ERF (ethylene response factor) subfamily B-3 of ERF/AP2 transcription factor family. The protein contains one AP2 domain. There are 18 members in this subfamily including ATERF-1, ATERF-2, AND ATERF-5. Involved in regulating root architecture.",ethylene response factor 104;(source:Araport11),ethylene response factor 104
AT5G61640,1,1,0,2,protein_coding,peptidemethionine sulfoxide reductase 1,ubiquitous enzyme that repairs oxidatively damaged proteins,peptidemethionine sulfoxide reductase 1;(source:Araport11),peptidemethionine sulfoxide reductase 1
AT5G61790,1,1,0,1,protein_coding,calnexin 1,Calnexin is a conserved endoplasmic reticulum (ER) chaperone protein. It functions in promoting protein folding of N-glycosylated proteins via the recognition of the GlcMan9GlcNAc2 glycan.,calnexin 1;(source:Araport11),calnexin 1
AT5G61820,1,1,0,2,protein_coding,,P1-interacting host factor required for robust virus infection.,stress up-regulated Nod 19 protein;(source:Araport11),P1-interacting host factor required for robust virus infection.
AT5G61940,1,1,0,4,protein_coding,Ubiquitin carboxyl-terminal hydrolase-related protein,,Ubiquitin carboxyl-terminal hydrolase-related protein;(source:Araport11),Ubiquitin carboxyl-terminal hydrolase-related protein
AT5G62130,1,1,0,4,protein_coding,Per1-like family protein,"Required for the efficient transport of GPI-anchored proteins from the ER to the plasma membrane/cell wall. In addition, loss of function of PGAP3A increases susceptibility to salt and osmotic stresses that may be due to the altered localization of GPI-APs in this mutant. Subcellular localization studies suggest that PGAP3A and PGAP3B cycle between the ER and the Golgi apparatus.",Per1-like family protein;(source:Araport11),Per1-like family protein
AT5G62360,1,1,0,1,protein_coding,Plant invertase/pectin methylesterase inhibitor superfamily protein,Pectin methylesterase inhibitor expressed throughout the plant.,Plant invertase/pectin methylesterase inhibitor superfamily protein;(source:Araport11),Plant invertase/pectin methylesterase inhibitor superfamily protein
AT5G62480,4,4,0,3,protein_coding,glutathione S-transferase tau 9,Encodes glutathione transferase belonging to the tau class of GSTs. Naming convention according to Wagner et al. (2002).,glutathione S-transferase tau 9;(source:Araport11),glutathione S-transferase tau 9
AT5G62620,2,2,0,2,protein_coding,Galactosyltransferase family protein,Encodes a Golgi-localized hydroxyproline-O-galactosyltransferase.  Mutants display multiple phenotypes including reduced seed coat mucilage and accelerated leaf senescence.,Galactosyltransferase family protein;(source:Araport11),Galactosyltransferase family protein
AT5G63130,1,1,0,2,protein_coding,Octicosapeptide/Phox/Bem1p family protein,,Octicosapeptide/Phox/Bem1p family protein;(source:Araport11),Octicosapeptide/Phox/Bem1p family protein
AT5G63350,2,2,0,1,protein_coding,,ABA&#8208;induced transcription repressor that acts as feedback regulator in ABA signalling.,von willebrand factor A domain protein;(source:Araport11),ABA&#8208;induced transcription repressor that acts as feedback regulator in ABA signalling.
AT5G63680,1,1,0,3,protein_coding,Pyruvate kinase family protein,,Pyruvate kinase family protein;(source:Araport11),Pyruvate kinase family protein
AT5G63790,2,2,0,2,protein_coding,NAC domain containing protein 102,"Encodes a member of the NAC family of transcription factors. ANAC102 appears to have a role in mediating response to low oxygen stress (hypoxia) in germinating seedlings.  Its expression can be induced by beta-cyclocitral, an oxidized   by-product of beta-carotene generated in the chloroplasts, mediates a protective retrograde response that lowers the levels of toxic peroxides and carbonyls, limiting damage to intracellular components. The existence of four possible isoforms has been proposed.",NAC domain containing protein 102;(source:Araport11),NAC domain containing protein 102
AT5G63970,1,1,0,2,protein_coding,Copine (Calcium-dependent phospholipid-binding protein) family,Encodes a ubiquitin ligase that is an essential upstream modulator of JA signaling in response to various stimuli.,Copine (Calcium-dependent phospholipid-binding protein) family;(source:Araport11),Copine (Calcium-dependent phospholipid-binding protein) family
AT5G64000,4,4,0,2,protein_coding,Inositol monophosphatase family protein,"3'(2'),5'-bisphosphate nucleotidase | 3 Prime(2 Prime),5 Prime-bisphosphate nucleotidase",Inositol monophosphatase family protein;(source:Araport11),Inositol monophosphatase family protein
AT5G64040,1,0,1,2,protein_coding,"photosystem I reaction center subunit PSI-N, chloroplast, putative / PSI-N, putative (PSAN)",Encodes the only subunit of photosystem I located entirely in the thylakoid lumen. May be involved in the interaction between plastocyanin and the photosystem I complex. Phosphorylation of this protein is dependent on calcium.,"photosystem I reaction center subunit PSI-N, chloroplast, putative / PSI-N, putative (PSAN);(source:Araport11)","photosystem I reaction center subunit PSI-N, chloroplast, putative / PSI-N, putative (PSAN)"
AT5G64120,1,1,0,1,protein_coding,Peroxidase superfamily protein,Encodes a cell wall bound peroxidase that is induced by hypo-osmolarity and is involved in the lignification of cell walls. Class III peroxidase cell wall-targeted protein localized to the micropylar endosperm facing the radicle. Involved in seed germination.,Peroxidase superfamily protein;(source:Araport11),Peroxidase superfamily protein
AT5G64370,2,2,0,1,protein_coding,beta-ureidopropionase,"PYD3 encodes a beta-ureidopropionase which, when expressed in E. coli, has been shown to convert beta-ureidopropionate into beta-alanine. It localizes to the cytosol and plays an important role in uracil degradation.",beta-ureidopropionase;(source:Araport11),beta-ureidopropionase
AT5G64400,1,1,0,3,protein_coding,,CHCH domain protein;(source:Araport11) involved in mechanotransduction. Loss of both At12cys-1 and  At12cys-2 lead to enhanced tolerance to drought and light stress and increased anti-oxidant capacity.,CHCH domain protein;(source:Araport11),CHCH domain protein;(source:Araport11) involved in mechanotransduction. Loss of both At12cys-1 and  At12cys-2 lead to enhanced tolerance to drought and light stress and increased anti-oxidant capacity.
AT5G64510,3,3,0,1,protein_coding,,"Encodes Tunicamycin Induced 1(TIN1), a plant-specic ER stress-inducible protein. TIN1 mutation affects pollen surface morphology. Transcriptionally induced by treatment with the N-linked glyclsylation inhibitor tunicamycin.",tunicamycin induced protein;(source:Araport11),"Encodes Tunicamycin Induced 1(TIN1), a plant-specic ER stress-inducible protein. TIN1 mutation affects pollen surface morphology. Transcriptionally induced by treatment with the N-linked glyclsylation inhibitor tunicamycin."
AT5G64760,1,1,0,3,protein_coding,regulatory particle non-ATPase subunit 5B,Encodes one of two isoforms for the 26S proteasome regulatory protein (RN) subunit RPN5. For many functions it acts redundantly with the paralogous genes RPN5a.,regulatory particle non-ATPase subunit 5B;(source:Araport11),regulatory particle non-ATPase subunit 5B
AT5G64810,2,2,0,1,protein_coding,WRKY DNA-binding protein 51,"member of WRKY Transcription Factor; Group II-c.  Involved in jasmonic acid inducible defense responses. RPW8.1 constitutively enhances the expression of transcription factor  WRKY51 and activates salicylic acid and ethylene signaling pathways; WRKY51 in turn  suppresses RPW8.1 expression, forming a feedback regulation loop.",WRKY DNA-binding protein 51;(source:Araport11),WRKY DNA-binding protein 51
AT5G65140,1,1,0,3,protein_coding,Haloacid dehalogenase-like hydrolase (HAD) superfamily protein,,Haloacid dehalogenase-like hydrolase (HAD) superfamily protein;(source:Araport11),Haloacid dehalogenase-like hydrolase (HAD) superfamily protein
AT5G65210,1,1,0,7,protein_coding,bZIP transcription factor family protein,"Encodes TGA1, a redox-controlled regulator of systemic acquired resistance.  TGA1 targets the activation sequence-1 (as-1) element of the promoter region of defense proteins. TGA1 are S-nitrosylated.",bZIP transcription factor family protein;(source:Araport11),bZIP transcription factor family protein
AT5G65380,1,1,0,1,protein_coding,MATE efflux family protein,,MATE efflux family protein;(source:Araport11),MATE efflux family protein
AT5G65730,1,0,1,1,protein_coding,xyloglucan endotransglucosylase/hydrolase 6,,xyloglucan endotransglucosylase/hydrolase 6;(source:Araport11),xyloglucan endotransglucosylase/hydrolase 6
AT5G65750,1,1,0,1,protein_coding,"2-oxoglutarate dehydrogenase, E1 component",Encodes the E1 subunit of the 2-oxoglutarate  dehydrogenase.,"2-oxoglutarate dehydrogenase, E1 component;(source:Araport11)","2-oxoglutarate dehydrogenase, E1 component"
AT5G66052,3,3,0,1,protein_coding,,,transmembrane protein;(source:Araport11),transmembrane protein;(source:Araport11)
AT5G66140,1,1,0,1,protein_coding,proteasome alpha subunit D2,Encodes alpha5 subunit of 20S proteosome complex involved in protein degradation.,proteasome alpha subunit D2;(source:Araport11),proteasome alpha subunit D2
AT5G66210,2,2,0,6,protein_coding,calcium-dependent protein kinase 28,Calcium Dependent Protein Kinase. Functions in the BIK1 innate immune response pathway. Less active as compared to other CPKs.,calcium-dependent protein kinase 28;(source:Araport11),calcium-dependent protein kinase 28
AT5G66620,1,1,0,4,protein_coding,DA1-related protein 6,,DA1-related protein 6;(source:Araport11),DA1-related protein 6
AT5G66640,1,1,0,7,protein_coding,DA1-related protein 3,,DA1-related protein 3;(source:Araport11),DA1-related protein 3
AT5G66780,2,2,0,2,protein_coding,,,late embryogenesis abundant protein;(source:Araport11),late embryogenesis abundant protein;(source:Araport11)
AT5G66790,1,1,0,1,protein_coding,Protein kinase superfamily protein,,Protein kinase superfamily protein;(source:Araport11),Protein kinase superfamily protein
AT5G66910,2,2,0,1,protein_coding,Disease resistance protein (CC-NBS-LRR class) family,RPW8 -CNL gene is required for signal transduction of TNLs; functionally redundant to NRG1.1.,Disease resistance protein (CC-NBS-LRR class) family;(source:Araport11),Disease resistance protein (CC-NBS-LRR class) family
AT5G67340,4,4,0,2,protein_coding,ARM repeat superfamily protein,Plant U-box type E3 ubiquitin ligase (PUB).,ARM repeat superfamily protein;(source:Araport11),ARM repeat superfamily protein
