gene_id,condition,direction,endpoint_shift,recovery_shift,reversibility_index,persistence_breadth
AT1G02920,cold,up,0.9459185186666677,1.0387181473333333,-0.09810530910999882,6
AT1G07050,cold,up,2.5398181226666683,0.4007632680000013,0.8422078870831813,2
AT1G09350,cold,up,1.7628536539999997,0.44933201766666553,0.7451109928228532,1
AT1G09932,cold,up,0.4003604126666671,0.3982190750000001,0.0053485249762939,4
AT1G10070,cold,up,0.5420437736666672,0.35587150066666773,0.343463539375488,6
AT1G14880,cold,up,1.2663154499999987,1.6912627886666654,-0.3355777888255782,3
AT1G15520,cold,up,0.3942261276666672,0.6062119580000003,-0.5377264860348752,4
AT1G20030,cold,up,0.6191643846666679,0.40669978633333415,0.34314731853918856,1
AT1G21250,cold,up,0.7224434283333334,0.42674008700000066,0.40931003001233757,7
AT1G21310,cold,up,1.9035763200000009,1.0531435610000006,0.4467552732532415,7
AT1G33960,cold,up,0.4148774590000013,1.0455622416666674,-1.52017124330359,3
AT1G53110,cold,up,0.4701023693333344,0.35063401366666724,0.25413263888903315,3
AT1G56300,cold,up,1.1049163333333336,0.39338709966666485,0.643966617381891,2
AT1G56600,cold,down,-0.9356973313333317,-0.5932193893333322,0.36601359278430556,2
AT1G61800,cold,up,3.2075823373333323,0.5760744976666654,0.8204022727767004,7
AT1G67920,cold,up,0.4192796519999997,0.3484302076666661,0.16897897142247598,4
AT1G73805,cold,up,0.8448697003333336,0.4703735913333338,0.4432590124278888,5
AT1G73810,cold,up,0.7290183776666659,0.39914708699999935,0.45248693417368946,6
AT1G75040,cold,up,2.9585479616666666,0.8319577780000005,0.7187952371299988,3
AT1G76790,cold,up,1.3771476346666658,0.34448172899999996,0.7498585334437432,3
AT1G76930,cold,up,1.214218787,0.5226111430000007,0.5695906301275171,5
AT1G80160,cold,up,0.36471921200000024,0.6152027476666673,-0.6867845932576397,8
AT2G14560,cold,up,1.0991180493333346,1.0114493446666675,0.07976277408950039,6
AT2G14610,cold,up,2.152705287333334,3.4951294793333343,-0.623598687613635,6
AT2G18050,cold,down,-0.926164168333333,-0.48188921199999957,0.4796935268320981,1
AT2G21660,cold,up,1.7773798966666678,0.49352900333333416,0.7223277903283885,1
AT2G23170,cold,up,0.6434863570000005,0.36255925833333347,0.4365704037244519,5
AT2G24850,cold,up,0.44099145633333237,0.5568343076666675,-0.26268729171427063,5
AT2G26010,cold,up,0.627992019333333,0.3551513280000007,0.4344652207889137,2
AT2G26400,cold,up,0.8094173749999998,0.6437986106666669,0.2046147876839597,2
AT2G26440,cold,up,0.3728001023333327,0.34941427100000055,0.06273021704383042,4
AT2G26560,cold,up,0.9282791616666666,0.5788267693333333,0.3764518334182074,6
AT2G40750,cold,up,0.9644300323333335,0.45494991666666706,0.5282706869196458,6
AT2G42530,cold,up,3.7165560583333352,0.3457580870000001,0.9069681496597544,2
AT2G43570,cold,up,1.5158020720000014,1.6659976383333337,-0.0990865292426728,8
AT3G11020,cold,up,1.1998284520000002,0.3961222243333342,0.6698509493811086,2
AT3G22231,cold,up,1.8018749253333333,0.6356791936666664,0.6472123648931567,5
AT3G22235,cold,up,1.5372370459999996,0.5988747926666687,0.6104213112577637,6
AT3G22600,cold,up,0.6937142749999987,0.9801076069999999,-0.41284047672220914,5
AT3G22840,cold,up,4.785824777666668,0.3543644530000005,0.9259554059200699,3
AT3G25010,cold,up,0.5250553600000005,0.6876975646666681,-0.30976201188893193,5
AT3G26200,cold,down,-0.5045434146666663,-0.39651730366666627,0.21410667121950056,1
AT3G26830,cold,up,0.5690698870000004,1.088731633,-0.9131773756990227,7
AT3G49110,cold,up,0.6419888783333327,0.34328135599999854,0.4652845748805007,1
AT3G49120,cold,up,0.9330886550000006,0.3548129816666652,0.6197435476625048,7
AT3G56710,cold,up,0.43422191966666723,0.3602576983333341,0.17033737354878853,7
AT3G57240,cold,up,1.3084368763333334,0.476546863666667,0.635789183042512,2
AT3G57260,cold,up,2.115106396999999,1.2901334699999998,0.3900385002712464,6
AT4G01985,cold,up,3.30383844,0.8898241390000003,0.730669596846267,7
AT4G02520,cold,up,0.7726992759999991,0.5674917426666681,0.2655723121621395,2
AT4G08150,cold,up,0.3908794783333329,0.3565872746666665,0.08773088782477045,1
AT4G10500,cold,up,0.5491845600000005,0.7757799480000003,-0.4126033477707378,4
AT4G12290,cold,up,1.249322991333333,0.35896338633333436,0.7126736730025014,7
AT4G12470,cold,up,5.590911165,0.8366193853333321,0.8503608158593713,5
AT4G12480,cold,up,2.1502622659999986,0.501561879333333,0.7667438585217989,7
AT4G12490,cold,up,0.9860018993333339,0.7044260719999995,0.2855733112925203,3
AT4G12500,cold,up,0.47161730966666626,0.4075554543333335,0.1358344022160911,1
AT4G19230,cold,up,1.1342153893333338,0.4216371060000004,0.6282565816287953,3
AT4G23140,cold,up,1.123676693666667,0.777684904,0.3079104440065068,5
AT4G23150,cold,up,0.5982061503333336,0.3845112266666666,0.3572262230129053,3
AT4G33467,cold,up,0.9716199786666682,0.702272977333334,0.2772143505148513,1
AT4G36850,cold,down,-0.5815278829999997,-0.3825556083333339,0.3421543153532087,1
AT5G03350,cold,up,1.559577068666668,0.38694710066666715,0.7518897216169762,5
AT5G10760,cold,up,1.3613167346666666,0.9729868660000003,0.2852604825736996,4
AT5G15500,cold,down,-0.7038650310000003,-0.4671761526666671,0.33627026192374243,1
AT5G15960,cold,up,4.867399964666667,0.5985500903333332,0.8770287844273501,2
AT5G17460,cold,up,2.1036381283333334,0.3959792783333329,0.8117645459073997,2
AT5G17760,cold,up,0.9783362293333324,0.3686070189999988,0.6232307381163031,5
AT5G23240,cold,up,1.621983331,0.5147226390000013,0.6826584902801315,2
AT5G24470,cold,up,2.6655879849999993,0.4758550716666674,0.8214821366451096,2
AT5G24530,cold,up,0.628501885666668,0.833462531666668,-0.3261098346309541,6
AT1G01480,cold_high_light,up,0.655915072,0.5880635570000003,0.1034455799180044,5
AT1G03130,cold_high_light,down,-0.7619607533333355,-0.5440075600000025,0.2860425453408948,1
AT1G03970,cold_high_light,up,0.709005018,0.3788203850000009,0.465701404951127,1
AT1G06680,cold_high_light,down,-0.3925243533333358,-0.8458396300000004,-1.154871724052506,1
AT1G07050,cold_high_light,up,2.387051833,0.7620042746666673,0.6807759831050693,2
AT1G07430,cold_high_light,up,0.5401420460000006,0.768872082333333,-0.4234627502657555,1
AT1G08380,cold_high_light,down,-0.5265209666666664,-0.73612799,-0.398098151077112,1
AT1G08500,cold_high_light,up,0.41990495466666555,0.363579468666666,0.13413865536478975,1
AT1G08630,cold_high_light,up,0.7194959060000001,0.5277221206666671,0.2665390917920427,2
AT1G09500,cold_high_light,up,0.9097304066666663,0.6709180323333328,0.26250895054542966,7
AT1G10070,cold_high_light,up,0.37335778966666755,0.6513689446666673,-0.7446239577543221,6
AT1G11210,cold_high_light,up,1.4275436999999993,0.6064697403333339,0.5751655516161542,1
AT1G15820,cold_high_light,down,-0.5499482099999966,-0.9160498099999987,-0.6657019576443468,1
AT1G16850,cold_high_light,up,1.6830724453333339,0.8159874436666676,0.5151798450927283,1
AT1G17665,cold_high_light,up,1.9008716249999997,0.48423359500000007,0.7452570764740623,1
AT1G18710,cold_high_light,up,0.8636114246666668,0.4894902616666661,0.4332054351230966,1
AT1G19180,cold_high_light,up,0.923610117,0.35135663166666653,0.6195833878391064,5
AT1G20620,cold_high_light,down,-0.7597714199999999,-0.5398942500000015,0.289399106378598,1
AT1G21310,cold_high_light,up,1.8932122966666665,0.3791108656666662,0.7997525864721259,7
AT1G22570,cold_high_light,up,0.4648577689999991,0.42488637133333285,0.0859862958785278,1
AT1G24330,cold_high_light,up,0.3472069813333336,0.36826855400000014,-0.0606599918751245,1
AT1G24580,cold_high_light,up,2.0379356233333334,0.404355862666665,0.8015855564636122,1
AT1G25530,cold_high_light,up,0.7062899590000002,0.5702429076666675,0.1926220946506938,2
AT1G29910,cold_high_light,down,-0.7692986700000013,-0.6220856066666691,0.19136009078675764,1
AT1G30220,cold_high_light,up,0.3906775763333332,1.2305069130000001,-2.14967376563765,6
AT1G30380,cold_high_light,down,-0.3432789766666673,-0.6226734733333359,-0.8138992354838199,1
AT1G31330,cold_high_light,down,-0.3991418533333313,-0.7534061299999966,-0.8875648436968402,1
AT1G43160,cold_high_light,up,0.3715070620000003,0.9059523863333336,-1.4385872544552947,4
AT1G51090,cold_high_light,up,1.160534830666668,0.45345633866666724,0.6092695137756619,1
AT1G52190,cold_high_light,down,-1.3479536789999997,-0.4109745966666658,0.6951122259842388,1
AT1G52230,cold_high_light,down,-0.35401052999999827,-0.60402062,-0.7062221849728678,1
AT1G52890,cold_high_light,up,0.5552733626666662,0.6566236226666673,-0.1825231801382885,5
AT1G53035,cold_high_light,up,1.1167865333333324,0.3501450833333335,0.6864708940497011,1
AT1G54575,cold_high_light,up,1.395337198,0.5865657099999995,0.5796244012983022,3
AT1G55670,cold_high_light,down,-0.3976114966666664,-0.7195812533333346,-0.8097596758792622,1
AT1G56300,cold_high_light,up,0.7679118629999984,0.46455379133333174,0.3950428249428767,2
AT1G58340,cold_high_light,up,0.7156800776666667,0.49826471266666594,0.3037884828495444,5
AT1G61520,cold_high_light,down,-0.45044811666666895,-0.8376186466666677,-0.8595230297888103,1
AT1G61800,cold_high_light,up,4.792476364333331,0.7365519249999988,0.8463107861143393,7
AT1G62305,cold_high_light,up,0.7941807526666675,0.4313877510000008,0.456814145203715,2
AT1G62930,cold_high_light,up,0.4176421253333338,0.4349226453333337,-0.04137638171965485,1
AT1G64720,cold_high_light,down,-0.7357502066666655,-0.4188986466666673,0.430650996940255,1
AT1G66100,cold_high_light,down,-0.4593436053333342,-0.4436617216666665,0.034139767016649114,1
AT1G66390,cold_high_light,up,1.1377947616666657,0.4047526280000002,0.6442656956803791,1
AT1G67870,cold_high_light,down,-0.3775526933333335,-0.3948063166666653,-0.04569858363610968,1
AT1G67970,cold_high_light,up,1.040759842,0.3857767480000005,0.6293316359529555,6
AT1G68050,cold_high_light,up,2.300412552,0.7429885763333326,0.6770194217174779,1
AT1G68500,cold_high_light,up,1.1416002113333326,0.4495716019999998,0.6061917319768867,1
AT1G68600,cold_high_light,down,-0.8542566439999995,-0.34872333000000033,0.5917815419413928,1
AT1G70640,cold_high_light,up,0.5378188336666669,0.36566234199999936,0.32010126996290333,1
AT1G72660,cold_high_light,up,0.5300829393333331,0.4237481179999998,0.20060034655532755,1
AT1G73010,cold_high_light,up,0.7867880486666676,0.41964453333333385,0.4666358569573019,2
AT1G73810,cold_high_light,up,0.35953292533333236,0.38471651166666554,-0.07004528531005838,6
AT1G76790,cold_high_light,up,1.1566975506666664,0.4283578246666675,0.6296717111402353,3
AT1G76980,cold_high_light,up,0.7903786830000001,0.35727939833333267,0.5479642783668894,3
AT1G79040,cold_high_light,down,-0.3482546833333391,-0.7764374000000043,-1.22951028990706,1
AT1G80160,cold_high_light,up,0.42362226366666667,1.2698449716666667,-1.9975878998320602,8
AT2G05070,cold_high_light,down,-0.42437051000000103,-0.7977791666666683,-0.8799118880024588,1
AT2G05100,cold_high_light,down,-0.41567349666666864,-0.8075707033333366,-0.9428005629642848,1
AT2G05440,cold_high_light,up,0.8121479883333329,0.9484823516666667,-0.16786886785635624,6
AT2G16595,cold_high_light,up,0.5814734110000002,0.366335337333334,0.36998780958303545,5
AT2G17280,cold_high_light,up,1.987003783666668,0.47030327300000163,0.7633103284120883,2
AT2G19900,cold_high_light,up,0.4310563283333333,1.2134585096666664,-1.8150810692386035,7
AT2G20260,cold_high_light,down,-0.3640896999999992,-0.350561936666665,0.037155028920988986,1
AT2G21130,cold_high_light,up,1.6417504876666653,0.4055094446666656,0.7530017821142876,1
AT2G23170,cold_high_light,up,1.0595901929999991,0.46444496300000093,0.5616749135012036,5
AT2G25080,cold_high_light,down,-0.6644076400000003,-0.3578260433333327,0.4614359893072083,1
AT2G26560,cold_high_light,up,0.45686620866666594,0.419540574,0.08169926765999691,6
AT2G28400,cold_high_light,up,0.3441275053333337,0.42534977233333304,-0.23602375788394103,3
AT2G30520,cold_high_light,down,-0.5668492366666698,-0.46869459333333374,0.17315828792595678,1
AT2G30570,cold_high_light,down,-0.36768421999999923,-0.7230004866666668,-0.9663625669512506,1
AT2G32120,cold_high_light,up,0.5401215996666666,0.34545258900000064,0.3604170075531232,1
AT2G34420,cold_high_light,down,-0.8128224766666641,-0.35726808999999804,0.5604598786870008,1
AT2G34850,cold_high_light,up,1.012701638666666,0.5435080729999999,0.46330878488990246,1
AT2G36270,cold_high_light,up,0.8301374886666659,0.3837276763333328,0.5377540689679476,1
AT2G36750,cold_high_light,up,1.4494352916666662,0.45412442133333286,0.6866887235709933,1
AT2G36830,cold_high_light,down,-0.4218330100000003,-0.5125141866666691,-0.214969370620542,1
AT2G37580,cold_high_light,up,0.6540220466666673,0.44472244866666877,0.3200191783545049,1
AT2G37770,cold_high_light,up,1.8621265830000002,0.726988760666667,0.6095921902927548,5
AT2G38465,cold_high_light,up,0.8802817386666666,0.46066717833333204,0.4766821142614076,1
AT2G40080,cold_high_light,up,1.4315694406666672,0.5286730123333347,0.6307038992903222,1
AT2G41190,cold_high_light,up,0.5089945123333335,0.4989398283333344,0.019754012580423308,1
AT2G42530,cold_high_light,up,3.593217838333336,0.5583395350000018,0.8446129457993062,2
AT2G42540,cold_high_light,up,3.4298088366666697,0.43162231666666706,0.874155576237261,1
AT2G42560,cold_high_light,up,0.47639527966666684,1.782878402333334,-2.7424350711048433,4
AT2G43570,cold_high_light,up,1.6499202246666673,0.6958542770000014,0.5782497440804543,8
AT2G45570,cold_high_light,up,0.7456302219999995,0.8543652953333338,-0.14582975599040893,6
AT2G45960,cold_high_light,down,-0.358688936666665,-0.5570060499999983,-0.5528944248359471,1
AT2G46440,cold_high_light,down,-0.390935208666666,-0.3823987046666666,0.02183610943898917,3
AT3G01410,cold_high_light,up,1.0279290333333346,0.38708124700000024,0.6234358263577926,1
AT3G02480,cold_high_light,up,0.419864018666666,2.01032836,-3.7880462974275932,2
AT3G03170,cold_high_light,up,0.6912590109999996,0.4364363676666674,0.36863554655829633,1
AT3G03620,cold_high_light,up,0.39091587133333294,0.6282596526666666,-0.6071479792411683,1
AT3G05800,cold_high_light,up,1.633822545666666,0.42530142966666684,0.7396893372571705,1
AT3G06160,cold_high_light,up,0.9467355186666655,0.3428177193333326,0.6378949425958584,1
AT3G07650,cold_high_light,up,1.7803441933333337,0.5483282909999998,0.692009953438629,1
AT3G08940,cold_high_light,down,-0.9474840166666674,-0.66786572,0.295116637059894,1
AT3G11020,cold_high_light,up,1.090548909333334,0.5632681260000005,0.4835003536482071,2
AT3G11050,cold_high_light,up,1.5493253460000016,0.5394854760000003,0.6517932935178357,2
AT3G13784,cold_high_light,up,1.1232899306666662,0.8201119899999991,0.2699017701393732,3
AT3G14360,cold_high_light,up,1.2355060830000006,0.4791169780000004,0.6122099400460822,2
AT3G15353,cold_high_light,down,-0.6895483633333335,-0.5221210066666657,0.24280727149769477,1
AT3G15670,cold_high_light,up,1.1752441463333336,1.302987406000001,-0.10869508269002326,4
AT3G15720,cold_high_light,up,0.6109134676666663,0.3585796686666658,0.4130434379909297,1
AT3G16240,cold_high_light,down,-0.914161,-0.584043883333333,0.36111485467731286,1
AT3G16360,cold_high_light,up,0.37811780366666614,0.652618976666667,-0.7259673317101736,1
AT3G22840,cold_high_light,up,6.756858687666667,0.6251618306666673,0.907477444835752,3
AT3G24460,cold_high_light,up,1.0672257436666657,0.4013308269999998,0.6239494508245762,1
AT3G26520,cold_high_light,down,-0.598971116666668,-0.6205563599999984,-0.036037202350347464,1
AT3G27690,cold_high_light,down,-1.6403893833333338,-0.6526894533333341,0.6021130958510326,1
AT3G27880,cold_high_light,up,0.7026812186666662,0.35779428533333313,0.4908156418179984,1
AT3G29575,cold_high_light,up,0.5118474189999995,0.49019776233333356,0.04229709062314524,2
AT3G45590,cold_high_light,up,0.3962561483333342,0.3534407970000002,0.10804968330060427,1
AT3G46640,cold_high_light,up,1.267069223000001,0.509679193000002,0.5977495280066465,1
AT3G47470,cold_high_light,down,-0.4218757800000006,-0.8868796966666643,-1.102229468273014,1
AT3G50970,cold_high_light,up,1.4574107353333332,1.1874128886666675,0.18525858230686965,2
AT3G51860,cold_high_light,up,1.2098252413333341,0.5975023343333321,0.5061250882194921,6
AT3G53420,cold_high_light,down,-0.5676591533333326,-0.5662398566666678,0.0025002620997665037,1
AT3G54890,cold_high_light,down,-0.5590546766666691,-0.9150354533333367,-0.6367548497924786,1
AT3G55646,cold_high_light,down,-0.8406887516666668,-0.37179260333333364,0.5577523755417755,1
AT3G59350,cold_high_light,up,1.2179433850000008,0.3578348980000001,0.7061974288730999,1
AT3G61470,cold_high_light,down,-0.4102550133333338,-0.7851830866666685,-0.9138902905464414,1
AT3G62090,cold_high_light,up,0.4528467246666672,0.49823073300000065,-0.10021935869524023,1
AT3G62740,cold_high_light,up,0.839462578,0.3884107840000004,0.537310186089081,1
AT4G01130,cold_high_light,up,0.7735232533333312,0.4579961726666655,0.40790897921551805,1
AT4G01985,cold_high_light,up,3.1195099219999998,2.1519274986666668,0.31017129213456407,7
AT4G02280,cold_high_light,up,0.8232375366666673,0.7047625259999997,0.1439135187474314,1
AT4G02360,cold_high_light,up,0.7178117606666672,0.721613282666667,-0.005295987344187791,3
AT4G05180,cold_high_light,down,-0.8864012399999979,-0.6492301233333322,0.2675663186873094,1
AT4G06744,cold_high_light,up,0.44475187033333174,0.34607090633333204,0.22187869367708446,1
AT4G08570,cold_high_light,up,0.3503832609999997,0.9954933836666666,-1.8411556557396942,2
AT4G10340,cold_high_light,down,-0.43018355333333247,-0.9487668233333331,-1.2054930179959031,1
AT4G12290,cold_high_light,up,1.5471827866666672,0.4091817546666672,0.7355310838558189,7
AT4G12470,cold_high_light,up,6.211545915,0.7345368999999993,0.8817465233209986,5
AT4G12580,cold_high_light,up,0.8188028186666676,0.7658166320000008,0.06471177853655785,3
AT4G13800,cold_high_light,up,0.4976966383333332,0.3899892223333339,0.2164117812020705,1
AT4G14020,cold_high_light,up,0.7433593886666676,0.45812959033333467,0.3837037678974333,2
AT4G15560,cold_high_light,down,-0.44210224333333414,-0.44693189999999916,-0.010924298031719237,1
AT4G15910,cold_high_light,up,1.4505350676666655,0.34707743133333224,0.7607245498093046,2
AT4G16146,cold_high_light,up,1.5736183643333366,0.47149828700000107,0.7003731669083875,1
AT4G17340,cold_high_light,down,-1.0800901603333326,-0.3585677099999991,0.6680205753477658,1
AT4G19230,cold_high_light,up,1.4012049590000002,0.8571387389999998,0.3882845378939316,3
AT4G19390,cold_high_light,up,1.5869560326666674,0.4017648059999992,0.7468330579235474,1
AT4G23670,cold_high_light,down,-0.6301208666666671,-0.5396379100000015,0.1435961915454721,1
AT4G24000,cold_high_light,up,0.49747434399999957,1.0158219273333327,-1.0419584237560873,7
AT4G25433,cold_high_light,up,0.5912554086666666,0.4596389776666663,0.2226050351011707,1
AT4G25480,cold_high_light,up,0.39693245000000044,0.4709503056666673,-0.186474690256911,1
AT4G26270,cold_high_light,up,0.7322004666666659,0.36425839933333215,0.5025154777739842,5
AT4G27657,cold_high_light,up,0.6309400590000003,0.43215524533333305,0.3150613292516701,1
AT4G30650,cold_high_light,up,1.984582081666666,0.34884127166666623,0.8242243166008498,1
AT4G33980,cold_high_light,up,0.8216509663333333,0.4055347866666654,0.5064391045794192,1
AT4G36010,cold_high_light,up,1.381599986666667,0.34454905800000013,0.7506159081317884,1
AT4G39952,cold_high_light,up,0.7699733833333333,0.345411264,0.5513984360022142,1
AT5G03210,cold_high_light,up,0.8115716833333337,0.5858823623333338,0.27808920103401813,2
AT5G04340,cold_high_light,up,0.5569545166666661,0.6773512136666664,-0.21616971116522432,2
AT5G06760,cold_high_light,up,0.9446186596666664,1.8143985639999984,-0.9207735792983984,4
AT5G09530,cold_high_light,up,0.8094549113333338,0.6480308010000009,0.19942322675815904,4
AT5G10140,cold_high_light,up,0.39740057900000014,0.3942551596666668,0.007914984274175807,1
AT5G10410,cold_high_light,up,0.7173040410000002,0.41110544066666677,0.4268742162757917,1
AT5G13170,cold_high_light,up,1.0235281329999992,1.0363461953333335,-0.01252340988006262,2
AT5G13330,cold_high_light,up,0.35536400899999965,0.4289347179999998,-0.20702915077705653,4
AT5G13370,cold_high_light,up,1.5616497603333324,0.3431141326666669,0.7802873977367182,7
AT5G15960,cold_high_light,up,4.737856928000001,1.305162346666667,0.7245247447314502,2
AT5G17460,cold_high_light,up,1.3516748966666672,0.8725218779999997,0.35448836095742786,2
AT5G22580,cold_high_light,down,-0.4552733166666645,-0.4067342966666665,0.10661512156122388,1
AT5G23240,cold_high_light,up,1.5746260299999983,0.5655155626666675,0.6408572245775284,2
AT5G24470,cold_high_light,up,2.293008845,0.509852941666666,0.7776489424458954,2
AT5G25110,cold_high_light,up,1.1595661640000001,0.43544867833333356,0.6244727624414077,1
AT5G25460,cold_high_light,down,-0.6578186433333357,-0.39881065999999876,0.39373767520615877,1
AT5G26220,cold_high_light,up,0.8539481006666669,0.34768692733333406,0.5928477069485849,1
AT5G35660,cold_high_light,up,0.4396455810000002,1.1158455206666666,-1.5380569460714453,2
AT5G40450,cold_high_light,down,-0.9410645533333337,-0.4193661966666653,0.5543704253005459,1
AT5G42900,cold_high_light,up,1.2390955860000004,0.49846137333333385,0.5977216132756575,1
AT5G48250,cold_high_light,up,1.880735340666666,0.4358939856666666,0.7682321503502163,1
AT5G49730,cold_high_light,down,-1.154109166666668,-0.36815304333333465,0.6810067418521204,1
AT5G50360,cold_high_light,up,0.4997003120000003,1.3668372313333337,-1.7353139441972827,2
AT5G50450,cold_high_light,up,1.2296342520000003,0.5129878249999997,0.5828126744471984,1
AT5G52300,cold_high_light,up,0.3967900879999995,2.2883154523333333,-4.767068083448033,5
AT5G53870,cold_high_light,up,0.9513957520000007,0.5032274436666677,0.471064020825408,2
AT5G54270,cold_high_light,down,-0.40131317333333527,-0.9038974800000013,-1.2523493871187075,1
AT5G58860,cold_high_light,up,0.39654721999999953,0.39924348700000056,-0.006799359228898405,1
AT5G60100,cold_high_light,up,1.958984592666667,0.4647167379999999,0.7627767264022203,1
AT5G61940,cold_high_light,up,0.8979368820000015,0.34407208300000036,0.6168193000006432,1
AT5G62360,cold_high_light,up,0.6684654713333318,0.3779793516666645,0.43455665568972335,1
AT5G64040,cold_high_light,down,-0.5734094900000013,-0.6667906733333329,-0.16285252504860237,1
AT5G66052,cold_high_light,up,1.194877543333333,0.34841538800000027,0.7084091253166991,3
AT5G66780,cold_high_light,up,0.5024564150000002,1.2967327039999996,-1.580786442939532,2
AT1G01480,drought,up,3.116782953,1.1515515073333336,0.6305320182064877,5
AT1G01560,drought,up,0.9170124389999996,1.5414121786666675,-0.6809065102187433,4
AT1G01680,drought,up,0.5227858906666656,1.204190439333333,-1.3034103651835909,3
AT1G01720,drought,up,2.933255101666668,0.6673939510000002,0.7724732667742439,1
AT1G02120,drought,up,0.9781861806666647,0.35319756400000024,0.6389260337339002,1
AT1G02220,drought,up,0.5194451139999998,0.5908720516666675,-0.13750622682085267,2
AT1G02310,drought,up,2.5380154153333336,0.8205892253333333,0.676680756004959,1
AT1G02390,drought,up,3.435880358666667,0.4929186450000005,0.8565378902799505,2
AT1G02470,drought,up,1.598515609333333,0.6954323149999988,0.5649511891284993,2
AT1G02850,drought,up,2.6021825806666667,1.322445845999999,0.49179359825658553,4
AT1G02920,drought,up,1.1446447303333347,2.6973792376666657,-1.356520906605804,6
AT1G02930,drought,up,2.0264139053333334,1.811863845333333,0.10587672115520164,4
AT1G03210,drought,up,0.6162827333333336,0.4547022646666665,0.2621856169695279,1
AT1G03290,drought,up,1.8438718643333338,0.7551194983333342,0.5904707301305052,2
AT1G03370,drought,up,0.8517447296666667,0.4946316199999998,0.4192724618400918,1
AT1G03400,drought,up,1.181303570333334,0.5320660549999996,0.5495941362050875,1
AT1G04810,drought,up,0.9585116113333356,0.4047809680000025,0.5776984199107064,1
AT1G05300,drought,up,0.393028848666666,0.37388529566666673,0.0487077553338463,1
AT1G05340,drought,up,6.4722522546666665,0.7187862919999999,0.8889434058319133,3
AT1G05570,drought,up,0.5184141960000002,0.7480461850000015,-0.44295081186395846,1
AT1G05680,drought,up,2.011088628333333,1.6373459776666657,0.18584096464033129,5
AT1G06050,drought,up,0.5637541856666655,0.3669388559999991,0.3491155093312932,1
AT1G06080,drought,down,-1.7903045926666659,-0.5544010719999992,0.6903314250151051,1
AT1G06650,drought,up,0.926656484333332,0.3472818069999981,0.6252313420653994,1
AT1G07000,drought,up,0.9669026206666658,1.103263904666667,-0.14102897343062537,4
AT1G07350,drought,up,1.423927856333334,0.3793732453333334,0.7335727061971853,1
AT1G07390,drought,up,1.137940983,0.4611016466666662,0.5947930045976153,1
AT1G07400,drought,up,1.097722132666667,0.48680769500000043,0.5565292158067257,1
AT1G07520,drought,up,0.937980281333334,0.4686108643333329,0.5004043542714938,2
AT1G07620,drought,up,0.9530918553333327,0.9184961906666667,0.036298353063322186,3
AT1G07630,drought,up,1.1688938726666684,0.503420105,0.5693192369538929,1
AT1G07870,drought,up,1.3499757353333335,0.4276186596666669,0.6832397438898559,2
AT1G07890,drought,up,1.023691753333333,0.7709600333333331,0.24688263745122285,1
AT1G07900,drought,up,1.686877976666667,0.597314674666666,0.6459052267390545,3
AT1G08050,drought,up,0.34930010466666594,0.9188023510000001,-1.6304096068817535,4
AT1G08450,drought,up,0.8289699466666676,1.164364459999998,-0.4045918850037564,4
AT1G08830,drought,down,-0.9159953243333323,-0.4158932130000004,0.5459657904884063,3
AT1G08940,drought,up,1.1162670619999995,0.4857454170000004,0.564848383029687,1
AT1G09070,drought,up,0.41677370266666713,0.7883511793333344,-0.8915569151536715,2
AT1G09080,drought,up,0.9594409266666668,1.9654798426666673,-1.0485678565904277,2
AT1G09100,drought,up,1.3411063016666667,0.47901618066666884,0.6428201253909782,1
AT1G09500,drought,up,5.162425012333332,1.1282676893333328,0.7814461834045364,7
AT1G09560,drought,up,1.2703578479999997,0.7430837266666668,0.41505952213657915,3
AT1G09932,drought,up,0.6577126813333329,1.4280499413333336,-1.1712367449542742,4
AT1G09970,drought,up,1.1048388583333342,0.6472487613333335,0.4141690831641115,2
AT1G10050,drought,up,1.1896258853333341,0.47761809299999936,0.5985140379942469,1
AT1G10070,drought,up,4.380464296,1.0815782316666676,0.7530905039782414,6
AT1G10170,drought,up,0.7214199356666668,0.3492668866666655,0.5158618865392087,1
AT1G10410,drought,up,1.4250295016666676,0.4032925669999994,0.7169935313421079,1
AT1G10920,drought,up,0.8381866936666666,0.5249126930000001,0.37375205671214173,1
AT1G11310,drought,up,0.5267845999999992,0.4673286733333324,0.11286572664931138,2
AT1G11330,drought,up,0.9617990543333335,1.0210401953333346,-0.06159409362391588,4
AT1G12200,drought,up,1.0798704666666676,0.44644606399999986,0.5865744292664242,1
AT1G12210,drought,up,0.6990217729999992,0.4472712073333316,0.36014695877959146,1
AT1G12220,drought,up,0.6034485589999994,0.36946525033333266,0.38774358671832865,1
AT1G12520,drought,down,-0.6934865293333345,-0.4244409486666658,0.3879607884024925,3
AT1G13000,drought,up,0.8413482396666687,0.4617056646666686,0.45123119904596176,1
AT1G13060,drought,up,1.0026753133333308,0.39091492999999744,0.610128099493718,1
AT1G13210,drought,up,0.3814819329999999,0.6743301783333351,-0.7676595403361743,2
AT1G13470,drought,up,0.4869532063333324,1.4695151946666662,-2.0177749639063762,2
AT1G13650,drought,down,-0.8189622476666649,-0.8349747553333309,-0.01955219268322539,1
AT1G13750,drought,up,0.8878455813333339,0.6926009086666669,0.2199083678193856,2
AT1G13990,drought,up,3.5010070030000016,0.452613512000001,0.8707190498013406,1
AT1G14000,drought,up,0.8475589330000002,0.38200213100000013,0.5492913635540668,1
AT1G14010,drought,up,0.9308794080000009,0.44138525666666695,0.5258405622969087,1
AT1G14200,drought,up,0.8486087256666668,0.3860533186666659,0.5450750069021709,1
AT1G14360,drought,up,0.366412196333334,0.5709912726666673,-0.55833042235096,2
AT1G14370,drought,up,0.942180056333334,0.9362161383333332,0.00632991322615184,4
AT1G14790,drought,up,0.7886844219999993,0.4028884106666659,0.4891639806388033,1
AT1G14870,drought,up,0.6935356666666666,1.0997890979999996,-0.5857715051424892,3
AT1G15670,drought,up,0.5905283606666671,0.4588890446666669,0.2229178558865288,1
AT1G15790,drought,up,1.126378181333334,0.945367257,0.16070173173903712,4
AT1G16090,drought,up,0.7737606280000007,0.3586493586666668,0.5364853861927613,1
AT1G16110,drought,up,0.7769930743333333,0.39920676233333374,0.48621580356317007,1
AT1G16470,drought,up,1.1794043756666674,0.3769376623333329,0.680399979760745,1
AT1G16510,drought,up,1.050496522333333,0.48127790699999995,0.5418567346315444,2
AT1G16670,drought,up,0.5718317289999995,0.45494321466666676,0.20441068308284238,1
AT1G17020,drought,up,4.053047481,1.1756561776666663,0.7099327892954763,3
AT1G17100,drought,up,0.9130693103333343,0.35596919900000046,0.6101400025480577,1
AT1G17170,drought,up,0.7417135313333327,0.39009185066666596,0.4740666926145707,1
AT1G17290,drought,up,0.7304957633333355,0.46712243666666886,0.36054052588185337,1
AT1G17380,drought,up,0.5175305699999999,0.5167412339999995,0.0015251968593863463,2
AT1G17430,drought,up,0.6420942956666664,0.4404393329999996,0.31405817498704736,2
AT1G17745,drought,up,3.1036645823333338,0.9596479133333347,0.6908016675526607,3
AT1G18210,drought,up,0.5290376273333344,0.48752944800000186,0.07845978657994235,1
AT1G18890,drought,up,0.8898053406666673,0.5497382969999993,0.38218139195689715,2
AT1G18900,drought,up,0.6190868466666668,0.36617099000000053,0.40853049621137094,1
AT1G19020,drought,up,0.8394887669999997,1.3511024310000002,-0.6094347942597313,4
AT1G19180,drought,up,1.9749530903333339,1.0827390039999996,0.45176469795682384,5
AT1G19250,drought,up,1.0211569709999995,1.3530555459999998,-0.32502209202467514,4
AT1G19960,drought,up,1.4018743293333333,0.8553453859999998,0.389855875022148,3
AT1G20100,drought,up,0.9267467956666682,0.4824470989999998,0.4794186489169948,1
AT1G20510,drought,up,1.1137250346666665,0.6249610503333347,0.43885516543104097,1
AT1G21240,drought,up,2.120664697999999,2.624081035333333,-0.23738610719936393,4
AT1G21250,drought,up,2.0359331029999996,2.0813197829999996,-0.022292814991377474,7
AT1G21310,drought,up,3.0510134833333336,1.4260587273333343,0.532595075333683,7
AT1G21370,drought,up,0.7447549970000011,0.34736676533333366,0.5335824979589454,1
AT1G21390,drought,up,0.7386726410000009,0.4608123563333333,0.3761616029131736,2
AT1G21520,drought,up,0.7545902516666665,0.8569644290000005,-0.13566856596307697,2
AT1G21550,drought,up,0.8067990763333341,0.48267509533333364,0.4017406446138352,2
AT1G21720,drought,up,0.8830240866666657,0.3554895566666634,0.5974180523108904,1
AT1G21750,drought,up,1.1077244333333347,0.5664052733333342,0.48867673557680524,2
AT1G22070,drought,up,1.2309809343333349,0.3893820583333323,0.6836814872813519,1
AT1G22280,drought,up,0.7560020433333321,0.6128913236666662,0.18929938209646657,2
AT1G22510,drought,up,0.557633663999999,0.35811567999999916,0.3577940086486604,1
AT1G22930,drought,up,1.8382136466666648,0.38562057999999944,0.7902199340651905,1
AT1G22990,drought,up,6.81232324,0.7139184203333335,0.8952019164120971,1
AT1G23330,drought,up,1.7416247719999998,0.3703833600000008,0.7873345820783946,1
AT1G23550,drought,up,0.5219027020000002,0.3921139330000001,0.24868384183992998,1
AT1G23710,drought,up,1.1237403463333342,0.6456844210000012,0.42541493405766495,2
AT1G23730,drought,up,0.5433577226666673,0.7119871633333332,-0.3103470027794466,1
AT1G24140,drought,up,0.7712067599999992,0.8201659206666676,-0.06348383235990873,4
AT1G24145,drought,up,1.6634387200000011,1.5154391410000008,0.08897206564964433,4
AT1G24147,drought,up,0.5623216409999996,1.257963344666666,-1.2370886214330614,2
AT1G24150,drought,up,0.6158723256666674,0.8251894973333336,-0.3398710462271304,3
AT1G24575,drought,up,0.7221737349999993,0.35101179466666643,0.5139510374651513,2
AT1G25580,drought,up,0.6944609613333332,0.37462527566666637,0.4605524334335468,1
AT1G26420,drought,up,0.5328814513333326,0.7452865589999997,-0.39859729989701154,3
AT1G26690,drought,up,1.3624523076666666,0.5300071696666677,0.6109902954516206,2
AT1G27100,drought,up,0.5582156123333331,0.34491448933333224,0.38211242804264334,1
AT1G27350,drought,up,1.1261736776666655,0.40940320333333347,0.6364653059716495,1
AT1G27730,drought,up,2.891791684666667,1.277709154,0.5581600290315241,4
AT1G27760,drought,up,0.9896322510000015,0.4047911776666666,0.5909680820753022,1
AT1G27770,drought,up,0.5588123833333327,0.7200137406666673,-0.288471340545039,2
AT1G27980,drought,up,1.0035338766666664,0.6515426836666665,0.3507516798228798,2
AT1G28370,drought,up,1.4640656996666666,0.486328331666666,0.667823423650051,1
AT1G28380,drought,up,0.8937731516666663,0.5152387449999996,0.4235240295155359,2
AT1G29240,drought,up,2.0140815396666643,0.6582290013333321,0.6731865178396548,1
AT1G29640,drought,up,2.489170473333333,0.4103222923333325,0.8351570144635951,1
AT1G29690,drought,up,0.6566239419999995,0.4365510056666668,0.335158257652038,2
AT1G30190,drought,up,7.146836557666667,0.8032944376666671,0.8876013980192475,5
AT1G30220,drought,up,6.479214133666668,0.8302353836666665,0.8718617155508601,6
AT1G30250,drought,down,-0.5021798543333329,-0.541830056666667,-0.07895617872997218,2
AT1G30270,drought,up,0.9165583806666664,0.36889148966666596,0.5975253759631223,1
AT1G30410,drought,up,0.887639860000002,0.7397456306666683,0.16661512849742155,2
AT1G30420,drought,up,0.3787884063333342,0.5591932999999996,-0.47626825597167,2
AT1G30640,drought,up,1.6680275206666666,0.4202515859999991,0.7480547648086552,1
AT1G30700,drought,up,0.3680285546666662,1.041339139999999,-1.8295063706216195,3
AT1G30755,drought,up,0.8799777643333346,0.45605854900000065,0.4817385535354889,1
AT1G30900,drought,up,0.8457511696666664,1.3435069933333343,-0.5885369616016576,4
AT1G31130,drought,up,1.0637599113333351,0.5298897493333339,0.5018709168414132,2
AT1G31173,drought,down,-0.4332614823333323,-0.37637995200000063,0.13128683867071644,1
AT1G31280,drought,up,1.1026287076666677,0.5453298696666664,0.5054274699407486,2
AT1G31540,drought,up,0.9320383083333308,0.7919367513333313,0.15031738046317955,2
AT1G31550,drought,up,0.37701087233333297,0.6971090183333315,-0.8490422146685064,2
AT1G31580,drought,up,0.3440357166666672,1.009100363333335,-1.9331267494852646,2
AT1G32230,drought,up,1.0442491900000004,0.381549396666669,0.6346184413447629,1
AT1G32350,drought,up,2.443289394333334,2.282470899333333,0.0658204858470649,4
AT1G32700,drought,up,0.6656502666666668,0.4977479900000006,0.2522379770197636,1
AT1G32870,drought,up,1.6464110093333337,0.6220843116666677,0.6221573421581026,2
AT1G32900,drought,up,2.0578013120000005,0.502464075333334,0.7558247861913434,1
AT1G32920,drought,up,0.5563171813333332,0.7282429580000009,-0.3090427231720776,1
AT1G32940,drought,up,0.9530114826666667,1.0713301983333325,-0.12415245547261677,4
AT1G32950,drought,up,0.593345362,0.5103224989999999,0.1399233369249797,1
AT1G32960,drought,up,0.4740793746666667,1.115794262,-1.3536022059270856,3
AT1G33110,drought,up,1.676036745666666,0.390269125333333,0.7671476318509364,1
AT1G33560,drought,up,0.7798225766666658,0.6325954669999989,0.18879564925650894,2
AT1G33960,drought,up,0.3481980553333335,2.9861282220000014,-7.575947442157169,3
AT1G34260,drought,up,0.8920660203333313,0.38186967999999766,0.5719266609243703,2
AT1G34420,drought,up,0.7413516163333336,0.8017630406666676,-0.0814882209768748,2
AT1G34750,drought,up,0.6262852629999998,0.8594097863333339,-0.3722337680702128,2
AT1G35230,drought,up,0.8269816576666669,1.2331270996666666,-0.49111783584891255,3
AT1G35320,drought,up,0.6943958176666669,0.3496286959999999,0.4964994213605225,1
AT1G35710,drought,up,1.3288865693333332,2.118349256,-0.5940783095299995,4
AT1G42990,drought,up,1.2954584726666667,0.8535429800000003,0.3411267145885388,2
AT1G43160,drought,up,6.5634917343333345,0.7868838693333335,0.880112004222207,4
AT1G43910,drought,up,0.8869459339999999,2.1446710026666658,-1.4180402891013943,4
AT1G44350,drought,up,0.9012238969999995,0.3833124683333331,0.5746756498476058,1
AT1G45145,drought,up,2.403763449666667,1.4956946246666645,0.3777696283408942,4
AT1G45150,drought,up,1.581600589333335,0.3729752156666679,0.7641786313294927,1
AT1G48210,drought,up,0.7368186590000008,0.6291291626666666,0.14615468136961773,2
AT1G49050,drought,up,1.289811066666668,0.8284157959999989,0.3577231445680483,2
AT1G50420,drought,up,1.1383189076666662,0.4769466989999991,0.5810078390267208,1
AT1G50430,drought,up,0.37537770999999864,0.3511394833333341,0.06457023424929687,1
AT1G50740,drought,up,1.3517086286666666,0.5687478203333329,0.5792378562424736,2
AT1G51660,drought,up,0.7039557036666668,0.6656335299999991,0.05443833108682894,3
AT1G51760,drought,up,0.9566979873333352,0.9029365120000019,0.05619482432819378,3
AT1G52000,drought,up,2.4580028453333327,0.5337594426666676,0.7828483218886251,1
AT1G52030,drought,up,1.169975660333333,0.4011932429999998,0.6570926587603562,1
AT1G52040,drought,up,2.233824188333333,0.6718005073333337,0.6992599010960807,2
AT1G52400,drought,up,1.3318185433333305,0.4524893033333317,0.6602470317008631,2
AT1G52410,drought,up,0.9881677576666679,0.34584975633333315,0.6500090661225597,1
AT1G52780,drought,up,0.9084107296666684,0.6608660183333317,0.27250306854496376,3
AT1G52890,drought,up,3.6266869936666675,1.6011984786666664,0.5584955411197986,5
AT1G53110,drought,up,1.4277415363333334,0.44785037266666716,0.68632251617697,3
AT1G53280,drought,up,1.3005433149999988,0.36165218566666546,0.7219222293517646,1
AT1G53310,drought,up,0.8342693199999989,0.3745908766666677,0.550995262936592,1
AT1G53625,drought,up,0.3681728759999996,1.3845603690000003,-2.7606256714033486,3
AT1G53750,drought,up,1.2372897966666674,0.4129796766666658,0.6662223532601192,1
AT1G53790,drought,up,0.8618803976666669,0.34431142366666734,0.6005113649193003,1
AT1G53850,drought,up,0.8942443256666657,0.34512214433333277,0.6140628076381232,1
AT1G54030,drought,up,0.48970476300000065,0.47313277066666615,0.03384078241716937,1
AT1G54150,drought,up,0.8101577793333323,0.41640350866666775,0.48602171170988384,1
AT1G54160,drought,up,2.9708007613333347,0.4577777486666683,0.8459076237542057,1
AT1G54260,drought,up,1.0044990623333323,0.3965085119999996,0.6052674145071302,1
AT1G54575,drought,up,3.7488319489999995,0.724324594333333,0.8067865926808091,3
AT1G55210,drought,up,0.6882636743333332,0.38075791933333214,0.44678481004806436,1
AT1G55730,drought,up,1.240663763999999,0.4019699723333332,0.6760041003878843,2
AT1G55910,drought,up,0.7544429800000012,0.7703548556666648,-0.02109089233842898,2
AT1G56120,drought,up,0.3601166106666662,0.9594404416666658,-1.6642493382643493,3
AT1G56440,drought,up,0.9717308666666673,0.4481539656666662,0.5388085517917418,1
AT1G56450,drought,up,1.0236422466666664,0.36613195999999704,0.6423242971924523,1
AT1G56510,drought,up,0.8313192323333336,0.642590267000001,0.22702345620419628,2
AT1G56660,drought,up,1.3647664966666655,0.7208570366666658,0.4718092520388636,2
AT1G57630,drought,up,1.06287165,1.5544129033333336,-0.462465297040648,4
AT1G58225,drought,up,0.865249235666667,1.3465371143333336,-0.5562418998218916,3
AT1G58340,drought,up,1.0228883879999993,0.5592370536666653,0.45327656445478615,5
AT1G59660,drought,up,0.6235960316666658,1.0205280566666675,-0.6365210887233099,2
AT1G59710,drought,up,0.48967759666666666,0.46530507499999985,0.04977258880654423,1
AT1G59960,drought,up,0.34321319200000033,0.3892093790000013,-0.13401637254083432,1
AT1G60730,drought,up,0.5637462993333324,0.9274599573333333,-0.6451725863746096,4
AT1G61140,drought,up,0.7762190770000021,0.4509176813333351,0.4190845153199786,1
AT1G61250,drought,up,1.0793488466666652,0.5691510986666657,0.4726903165511638,2
AT1G61260,drought,up,0.7699495406666674,0.574446184000001,0.253917102797916,1
AT1G61380,drought,up,0.4293491520000021,0.43285058400000054,-0.008155208840376238,2
AT1G61610,drought,up,0.3438422463333328,0.34733058133333294,-0.010145161152240734,1
AT1G61800,drought,up,4.251762908666666,2.0871825579999985,0.5091018472018869,7
AT1G61820,drought,up,0.4567006470000008,0.6908379266666671,-0.5126712239290212,1
AT1G62300,drought,up,1.0064685063333343,0.4065714346666667,0.5960415729769357,3
AT1G62305,drought,up,1.8863956789999996,0.36704611499999995,0.8054246417726235,2
AT1G62540,drought,up,2.4166432293333333,0.5177751463333324,0.7857461374320576,1
AT1G63530,drought,up,0.819858750999999,1.0879721349999993,-0.3270238729207644,3
AT1G63720,drought,up,1.664253561333334,0.6119304753333337,0.6323093490374874,4
AT1G63840,drought,up,1.6597861123333342,0.5565611513333328,0.6646789925534942,3
AT1G63860,drought,up,0.3535211726666674,0.6170966519999999,-0.7455719761991624,2
AT1G63880,drought,up,0.5240660606666658,0.3955223773333323,0.24528145014735891,1
AT1G63900,drought,up,1.183659170333332,0.3449343899999988,0.7085863915514958,1
AT1G64110,drought,up,8.533179222666668,0.7001085773333333,0.9179545443656408,1
AT1G64280,drought,up,0.6997267983333337,0.5271733730000001,0.246601138822088,2
AT1G64360,drought,up,1.4104386203333323,0.5362018903333317,0.6198332330076088,1
AT1G64385,drought,up,0.6981681586666664,0.3610389336666664,0.48287682675737587,1
AT1G64520,drought,up,1.0241158236666692,0.36267872366666687,0.6458616151753631,1
AT1G64610,drought,up,0.8398788473333338,0.514915177333334,0.38691731674369356,2
AT1G64710,drought,up,1.2854780639999994,0.4271548726666641,0.6677073809120524,1
AT1G64950,drought,up,2.045075377,0.3608194633333319,0.8235666678151335,1
AT1G65040,drought,up,0.8260278833333334,0.5647046613333337,0.31636126004059584,1
AT1G65080,drought,up,0.7402847369999996,0.35178234500000016,0.5248012995302369,1
AT1G65520,drought,up,0.6689324443333327,0.3438805633333333,0.4859263199947651,1
AT1G65690,drought,up,1.0059425023333333,0.8973849973333339,0.10791621265449558,4
AT1G65790,drought,up,0.8353705536666673,1.3462670736666666,-0.6115807143997789,3
AT1G65800,drought,up,0.6197048233333309,0.5650806866666667,0.08814541150873478,2
AT1G65820,drought,up,1.4682695679999984,0.5304988116666642,0.6386911346332114,1
AT1G66500,drought,up,1.4004335533333334,0.34988978733333465,0.7501560952317077,1
AT1G66700,drought,up,0.5912889410000011,0.7456410926666672,-0.26104352874522285,3
AT1G66725,drought,up,0.6534710163333335,0.38468102266666726,0.4113265729440666,2
AT1G66880,drought,up,0.860039330666666,1.4493690159999986,-0.6852357378545806,4
AT1G67360,drought,up,3.2131830693333328,0.6200812150000008,0.8070196432571598,2
AT1G67800,drought,up,0.561135274333334,0.5885380756666665,-0.0488345726721402,1
AT1G67850,drought,up,0.9562979316666675,0.5807901603333336,0.39266818310365537,1
AT1G67920,drought,up,5.248130207333334,1.1569999360000005,0.7795405429569378,4
AT1G67970,drought,up,1.405749142666667,0.8339505559999996,0.4067572010621906,6
AT1G68300,drought,up,1.4308621149999983,0.4547485333333334,0.6821856358022771,2
AT1G68440,drought,up,0.41053514433333316,0.4399548186666662,-0.07166176815655478,1
AT1G68570,drought,up,2.7004074093333337,0.6296596319999992,0.7668279127720778,1
AT1G68620,drought,up,0.9528370773333341,1.2403834133333334,-0.30177912136326945,3
AT1G69270,drought,up,1.7809227346666683,0.5188171179999994,0.7086807260635564,1
AT1G69310,drought,up,1.141928066666667,0.3530962313333337,0.6907894274251132,1
AT1G69480,drought,up,4.187723042666668,0.605668594,0.85537042735894,1
AT1G69550,drought,up,0.4416432293333319,0.3633570629999987,0.1772611038360251,1
AT1G69680,drought,up,0.5347247560000001,0.35944905466666643,0.3277867713559416,2
AT1G69720,drought,up,0.8732159093333323,0.67330588,0.22893539524028605,3
AT1G69730,drought,up,0.5685452766666668,0.7194432206666672,-0.26541060174609554,2
AT1G69790,drought,up,1.2278019833333333,0.34925531733333415,0.7155442635911465,1
AT1G69840,drought,up,1.170904560666667,0.6612849363333311,0.43523583514200215,2
AT1G70000,drought,up,0.7115103303333328,0.4178497099999996,0.41272854070264475,1
AT1G70250,drought,up,0.4147252476666665,0.43888726766666686,-0.05826030639788882,1
AT1G70260,drought,up,0.8304967056666657,0.4473609119999997,0.4613333093947807,1
AT1G70520,drought,up,0.5269197716666643,0.5255795253333329,0.002543549142390633,1
AT1G70530,drought,up,0.5783985543333348,0.4423926756666656,0.23514214834687863,1
AT1G70700,drought,up,0.6865618316666673,0.458865158666665,0.33164773003366044,1
AT1G71040,drought,up,0.9614416386666687,0.795987287333336,0.17208985410990252,3
AT1G71100,drought,up,0.7628652556666671,0.5689123033333354,0.25424273932076824,1
AT1G71110,drought,up,1.3167256886666676,0.3726095786666681,0.7170180684756162,1
AT1G72120,drought,up,2.272346585,0.7391494760000006,0.674719745271604,5
AT1G72280,drought,up,0.6334927186666679,0.738230154,-0.165333289944952,3
AT1G72330,drought,up,0.6590213173333348,0.6548256246666666,0.006366550756879419,2
AT1G72520,drought,up,0.551253861666666,0.6513874133333335,-0.18164689379938825,3
AT1G72680,drought,up,1.7607394213333327,0.6142077583333334,0.6511648737504723,3
AT1G72700,drought,up,1.7012631926666657,0.3788219339999994,0.7773290249075392,1
AT1G72770,drought,up,3.2995265520000014,0.3714927843333342,0.8874102758445285,1
AT1G72830,drought,up,1.3168571753333325,0.5954548089999996,0.5478212670639291,1
AT1G72900,drought,up,0.720326772,0.7939324796666654,-0.10218377343146345,4
AT1G72910,drought,up,0.38798683499999953,0.8186039406666668,-1.1098755597381746,2
AT1G73010,drought,up,3.3495921529999997,0.6372178043333339,0.8097625695227935,2
AT1G73260,drought,up,1.653981270666666,1.8373585513333337,-0.11087022804844371,5
AT1G73330,drought,up,2.137535400666666,0.3586323956666666,0.8322215409602973,2
AT1G73500,drought,up,2.1265533523333335,0.6444445569999999,0.6969534969377131,3
AT1G73805,drought,up,0.7202377496666665,1.6210173020000012,-1.2506697305858028,5
AT1G73810,drought,up,2.2367157179999992,1.233023862333333,0.4487346548287039,6
AT1G74020,drought,up,1.6208952146666675,0.4452744163333344,0.7252910537928241,1
AT1G74210,drought,up,0.6917071246666682,0.3632362543333345,0.47486986705771306,1
AT1G74300,drought,up,0.879996570666667,0.39287343433333266,0.5535511757327646,1
AT1G74360,drought,up,0.9891055193333349,1.0669853896666677,-0.07873767642690388,4
AT1G74440,drought,up,0.4366700036666664,0.588423360666666,-0.34752411598173594,2
AT1G74590,drought,up,0.5277773093333336,0.49283463066666666,0.06620723939573125,1
AT1G74710,drought,up,0.531238828666666,0.9630787013333322,-0.812892148246247,3
AT1G75040,drought,up,0.7649959893333333,2.154928494000001,-1.816914760400174,3
AT1G75170,drought,up,1.7937193576666663,0.6091370733333346,0.6604055864537686,1
AT1G75510,drought,up,0.9573459273333338,0.37762209800000157,0.6055531368354388,1
AT1G76040,drought,up,0.49861260900000026,0.8207645416666667,-0.6460966426676671,4
AT1G76150,drought,up,1.1032780506666686,0.38373222666666784,0.6521890139708724,1
AT1G76350,drought,up,0.8914858999999984,0.40018578299999863,0.5511025098658326,1
AT1G76520,drought,up,0.639518519666666,0.6821766390000015,-0.06670349336493042,2
AT1G76600,drought,up,0.5099827593333339,0.5161013236666676,-0.011997590548614046,2
AT1G76650,drought,up,0.47572499899999965,0.5250558553333331,-0.10369616151564376,2
AT1G76680,drought,up,0.6164953149999999,0.4784470609999989,0.22392425480151623,1
AT1G76700,drought,up,0.9222996246666666,0.359714910000001,0.609980422435922,1
AT1G76930,drought,up,1.5167076723333341,0.8660324839999998,0.4290050088111721,5
AT1G76960,drought,up,3.3542246909999998,0.7615631746666667,0.7729540371251573,3
AT1G76970,drought,up,1.220904903,1.067453140333332,0.1256869083657599,2
AT1G76980,drought,up,1.9818447186666672,0.6396826766666663,0.6772286594193777,3
AT1G77450,drought,up,4.5604500030000015,0.7267739286666677,0.8406354793521311,3
AT1G77500,drought,up,0.8707445883333333,0.49728178700000036,0.42890051380987293,3
AT1G77510,drought,up,0.7415962076666673,0.8151775709999995,-0.09922025297951031,3
AT1G77920,drought,up,1.2233754889999995,0.43968526699999977,0.6405966353311499,1
AT1G78190,drought,up,0.38500982733333355,0.4056566136666655,-0.0536266476010141,1
AT1G78410,drought,up,0.35429653966666663,0.7108659460000002,-1.0064151534440762,3
AT1G79110,drought,up,1.4685657893333337,0.617450561000001,0.5795553965067529,1
AT1G79380,drought,up,0.8037597493333326,0.3885549133333317,0.516578288903353,1
AT1G79450,drought,up,0.7661457896666661,0.42447870099999996,0.44595570878920876,1
AT1G79610,drought,up,1.3976714653333326,0.36591317300000004,0.738198008562239,1
AT1G80120,drought,up,1.6745276106666678,0.45128967900000116,0.7304973198857363,1
AT1G80130,drought,up,2.587760376666667,0.7867643070000003,0.6959670941351057,2
AT1G80160,drought,up,6.646994738666667,2.3704908660000004,0.643374042074915,8
AT1G80670,drought,up,0.6083559940000001,0.3867083926666677,0.3643386496054354,2
AT1G80840,drought,up,1.0605887466666646,1.0274412759999985,0.03125383969125228,4
AT2G01020,drought,up,0.8822187480000006,0.348309581333333,0.6051890961023503,1
AT2G01180,drought,up,0.4758254183333328,0.3845325876666674,0.19186202995719637,1
AT2G01340,drought,up,0.8680574820000002,0.36344061566666586,0.581317339919356,1
AT2G01540,drought,up,2.019156602,0.5313523250000003,0.736844420846957,3
AT2G01650,drought,up,0.7556712273333339,0.43093917000000026,0.4297266398236057,1
AT2G01680,drought,up,1.079978392666666,0.40202472566666536,0.6277474360630566,1
AT2G02220,drought,up,0.5959436399999989,0.3589357806666671,0.3977018016893883,1
AT2G02350,drought,up,0.837739369666668,0.43607129300000125,0.47946663510214194,1
AT2G02390,drought,up,2.3879149,0.5703562493333347,0.7611488377021582,2
AT2G02800,drought,up,0.49848795166666804,0.3485988113333338,0.30068758900227743,1
AT2G02850,drought,down,-0.5998836546666677,-0.6206372720000015,-0.034596070707853865,2
AT2G03120,drought,up,0.45185150899999904,0.35588126499999895,0.21239332410860734,1
AT2G03510,drought,up,0.7226053686666649,0.5067718376666672,0.2986879704454021,1
AT2G03760,drought,up,1.5558482526666673,0.6439063800000024,0.5861380575538968,2
AT2G04050,drought,up,0.9802111106666658,2.069362748333333,-1.1111398614181267,4
AT2G04070,drought,up,1.150931714666667,1.2426731863333336,-0.07971061227836329,5
AT2G04160,drought,up,1.6248628423333322,0.5267652923333319,0.6758093799616418,1
AT2G04400,drought,up,0.5918406556666671,0.44494374533333314,0.24820347998544445,1
AT2G05320,drought,up,0.7201388236666677,0.37820844266666676,0.4748117581816017,1
AT2G05380,drought,up,0.6778243023333346,0.9580214023333316,-0.41337718201523566,2
AT2G05440,drought,up,3.6458618049999982,0.6361349563333336,0.8255186317098122,6
AT2G05840,drought,up,1.0855866770000002,0.5052330569999999,0.5345990626964927,1
AT2G05940,drought,up,1.0049967163333342,0.4114990943333332,0.5905468270238124,2
AT2G06050,drought,up,0.6752569220000009,0.37806422300000087,0.4401179600199635,1
AT2G07180,drought,up,0.38420223766666695,0.4686530829999995,-0.21980831201353368,1
AT2G13790,drought,up,0.4691551696666654,0.9609705599999998,-1.0483000553585908,3
AT2G13810,drought,up,1.097006351,1.2174229620000006,-0.10976838091250074,5
AT2G14560,drought,up,1.4844436376666668,2.5236602149999996,-0.7000714280852272,6
AT2G14610,drought,up,0.6853323356666676,4.176207326,-5.093696603323889,6
AT2G15390,drought,up,0.6672573256666672,1.0233714913333323,-0.5336983978570276,3
AT2G15480,drought,up,3.0694835046666666,0.5899537803333326,0.8078003092584141,2
AT2G16595,drought,up,1.0688667716666664,0.5063856046666668,0.5262406708769999,5
AT2G16870,drought,up,0.5388124146666673,0.5068926580000008,0.05924094508181188,1
AT2G17040,drought,up,0.41583101799999955,1.5138576253333333,-2.6405596499617903,4
AT2G17120,drought,up,1.0266248786666683,0.5814976410000021,0.43358313919372027,2
AT2G17130,drought,up,0.38114714633333335,0.5099729283333332,-0.33799487478606194,1
AT2G17200,drought,up,1.1092320499999975,0.40391626666666447,0.6358595420438262,1
AT2G17220,drought,up,0.9701124286666651,0.5591460060000006,0.4236276234822617,2
AT2G17280,drought,up,1.173873342666667,0.42116695933333403,0.6412160119620941,2
AT2G17290,drought,up,1.1041468996666675,0.6406900616666666,0.41974200909309667,2
AT2G17500,drought,up,2.256283762333335,1.5393936040000007,0.31773049573869316,5
AT2G17520,drought,up,1.1089980449999999,0.37355951766666884,0.6631558375139707,1
AT2G17710,drought,up,0.5057107546666666,0.6159823706666661,-0.21805274058821178,1
AT2G17720,drought,up,0.4461800243333318,0.5074384619999979,-0.13729533893453993,2
AT2G17760,drought,up,1.2792709593333313,0.3461127096666665,0.7294453476478222,1
AT2G17790,drought,up,1.2518974769999982,0.3673813490000004,0.7065403870927356,2
AT2G18193,drought,up,0.5393329273333327,1.7416168816666655,-2.229205548932238,3
AT2G18230,drought,up,1.447119651666668,0.4023394626666672,0.7219722210231287,1
AT2G18660,drought,up,1.6004641206666665,2.402674428000001,-0.5012360458284919,4
AT2G18690,drought,up,0.9093635740000003,2.281221499,-1.5085912436162734,3
AT2G19130,drought,up,0.8770286113333352,0.8602947363333353,0.019080192805294716,3
AT2G19710,drought,up,0.7166835983333328,0.48175325466666674,0.3278020373467496,1
AT2G19900,drought,up,9.523396852333331,0.769481083333333,0.9192009851878847,7
AT2G20142,drought,up,0.7168558480000016,1.2184552250000005,-0.6997213992177655,3
AT2G20560,drought,up,2.7171416530000014,0.5351721070000002,0.8030385694433282,3
AT2G20960,drought,up,1.0284463063333344,0.3507523673333335,0.6589492663123537,1
AT2G21500,drought,up,0.6819273313333332,0.39868913266666706,0.41534953308421707,1
AT2G22470,drought,up,2.2158610633333327,0.4828413816666668,0.7820976280253213,2
AT2G22500,drought,up,0.637720041999998,0.7022064169999993,-0.10112019499616332,2
AT2G23130,drought,down,-0.6247343983333344,-0.38094550100000113,0.3902280680937579,1
AT2G23170,drought,up,1.2925141766666668,0.7208143589999993,0.4423160905987541,5
AT2G23200,drought,up,0.4346706473333324,0.5421189706666674,-0.247194799079536,1
AT2G23320,drought,up,0.9448684326666683,0.8710202703333341,0.0781570849233636,3
AT2G23420,drought,up,0.7173257496666654,0.3851898836666674,0.46301957814052885,1
AT2G23450,drought,up,1.3126098089999996,0.6300684693333327,0.5199879926134752,1
AT2G23680,drought,up,0.37867258400000026,0.8931191396666662,-1.3585524207547741,3
AT2G23810,drought,up,1.1440011116666646,0.8212908626666646,0.28208910438019774,2
AT2G24180,drought,up,1.3336484473333332,0.49890220500000027,0.625911756582052,2
AT2G24360,drought,up,1.0406368393333363,0.35743312933333193,0.6565246243230112,1
AT2G24850,drought,up,1.0403142900000004,3.5228735880000004,-2.386355086980492,5
AT2G25000,drought,up,0.520266866,0.6685789523333332,-0.2850692520044764,2
AT2G25110,drought,up,0.39446008533333377,0.5127180829999993,-0.2997971203264662,1
AT2G25460,drought,up,0.4095813286666674,0.41744000833333406,-0.019187104285855572,1
AT2G25510,drought,up,0.8511388133333355,1.1852228600000014,-0.3925141721105214,3
AT2G25520,drought,up,1.158020561999999,0.49073018200000007,0.5762336195892173,1
AT2G26440,drought,up,0.4266189760000003,1.3359631199999997,-2.131513587431232,4
AT2G26560,drought,up,0.38620167633333313,1.7079102426666664,-3.4223273676123513,6
AT2G26600,drought,up,1.5161024419999993,0.39431405133333186,0.7399159579129997,2
AT2G26650,drought,up,0.6344888080000004,0.3510470400000001,0.4467246142504063,1
AT2G26740,drought,up,1.4833692763333346,0.5958726563333325,0.598297830593984,2
AT2G26780,drought,up,1.1027540956666684,0.38351991566666754,0.6522162854132851,1
AT2G27150,drought,up,2.348723336000001,0.6412728350000005,0.726969615718077,1
AT2G28110,drought,up,0.8108671016666662,0.42007660666666524,0.4819414848583268,1
AT2G28190,drought,down,-2.1879717910000025,-0.6623914653333358,0.6972577671896799,4
AT2G28400,drought,up,3.506292998,0.4882970256666672,0.8607369589634428,3
AT2G28890,drought,up,0.9364382006666663,0.47554314566666633,0.4921788268268861,1
AT2G28940,drought,up,0.7993506123333329,0.5164559406666669,0.35390561701189716,1
AT2G29120,drought,up,0.9557935323333338,1.2001645680000008,-0.25567345603406166,4
AT2G29340,drought,up,0.5231396520000011,0.4134471123333334,0.20968118024949,1
AT2G29350,drought,up,4.010113337333334,3.422768277666667,0.14646595002655038,5
AT2G29400,drought,up,1.3568008053333322,0.46465371766666763,0.6575372627726929,1
AT2G29460,drought,up,4.623061954333333,2.6476002543333337,0.4273059109987355,4
AT2G29990,drought,up,1.5259480040000009,0.6201038663333334,0.5936271323086753,2
AT2G30140,drought,up,1.9800348303333335,1.1818315706666676,0.4031258680092463,3
AT2G30250,drought,up,1.345511026333333,1.1552687266666686,0.1413903683755724,4
AT2G30550,drought,up,2.7480740519999998,0.7480027966666647,0.7278083550469532,3
AT2G30870,drought,up,1.5796184633333343,0.4401247633333316,0.7213727406018199,1
AT2G31650,drought,up,0.3957491503333337,0.3671936733333343,0.0721554979358705,1
AT2G31865,drought,up,0.8804799760000002,1.625483526000001,-0.8461334389278612,3
AT2G31870,drought,up,0.6749593633333344,0.48298156200000086,0.2844286808397436,1
AT2G31880,drought,up,1.0743559776666665,1.6660969170000008,-0.5507866588302541,4
AT2G32140,drought,up,0.7618213269999998,0.9827709426666678,-0.29002813105371095,3
AT2G32160,drought,up,0.9790257010000012,0.8056360433333332,0.17710429612783762,4
AT2G32520,drought,up,0.9224045479999994,0.41768997333333147,0.547172686605908,1
AT2G32530,drought,up,1.1002079229999984,0.3491772509999995,0.6826261257527773,1
AT2G32680,drought,up,1.1526264360000011,2.6993569336666674,-1.34191829144084,3
AT2G32800,drought,up,1.9447942880000006,0.49398594833333576,0.7459957840367044,1
AT2G33080,drought,up,2.327361529333333,1.0409983496666668,0.5527130888148442,4
AT2G33380,drought,up,3.932955134666665,0.35957926666666573,0.9085727514414828,1
AT2G33490,drought,up,0.8952709053333345,0.49238815900000166,0.450012106875436,2
AT2G33530,drought,up,0.748762661333334,0.4963849093333348,0.3370597454079588,1
AT2G33580,drought,up,1.0742805036666665,0.7342290460000012,0.3165387964372649,2
AT2G33585,drought,up,0.8511086423333332,0.3442965323333329,0.5954728747796094,1
AT2G34250,drought,up,0.5650818333333323,0.362136109999998,0.35914395289650025,1
AT2G34500,drought,up,2.1343576660000005,1.4298536149999999,0.33007778509789865,3
AT2G34810,drought,up,2.422832087999999,0.5055528049999998,0.7913380760045473,1
AT2G35810,drought,up,0.9222105589999998,0.41543604266666634,0.5495214855085319,1
AT2G35940,drought,up,1.9811155530000004,0.48513282633333255,0.7551213882508283,2
AT2G36050,drought,down,-0.7396437440000012,-0.363164859666667,0.5090002955981652,1
AT2G36360,drought,up,0.8648430789999999,0.3690257473333336,0.5733032311942297,1
AT2G36770,drought,up,2.7097731076666673,0.6175698440000001,0.7720953675963751,1
AT2G36780,drought,up,4.811423355000001,1.6584346443333333,0.6553130909567751,6
AT2G36800,drought,up,0.8981842163333322,0.603763835333333,0.32779509553387043,3
AT2G36970,drought,up,1.094436725333333,0.42507919333333355,0.61160002812966,2
AT2G37110,drought,up,1.1706518296666673,0.5240024586666667,0.5523840262429933,2
AT2G37710,drought,up,1.1601124940000016,0.965591174,0.1676745324320258,3
AT2G37760,drought,up,2.886594767666667,0.8899521700000008,0.691694802481964,3
AT2G37770,drought,up,5.226438902333332,1.397965434333333,0.7325204674813639,5
AT2G37870,drought,up,9.775135368,0.8451301219999996,0.9135428727906288,4
AT2G37940,drought,up,0.47444753533333284,0.36977509233333095,0.22061963695619602,1
AT2G37970,drought,up,2.1546626986666677,0.7415758633333329,0.6558273999024398,2
AT2G38250,drought,up,0.6733015406666674,0.704332473,-0.046087719185385234,3
AT2G38340,drought,up,0.7334671646666662,0.3702060290000002,0.49526570944965853,1
AT2G38380,drought,up,1.963190060333333,0.41872887299999917,0.7867099668745763,2
AT2G38470,drought,up,1.773874157333334,1.3418773826666675,0.24353293207455462,5
AT2G38790,drought,up,1.608655256333333,0.6106676143333338,0.6203862748534132,1
AT2G38860,drought,up,0.3568924546666654,0.7044367509999994,-0.9738067919030047,2
AT2G39030,drought,up,2.098080580333333,1.4265665596666661,0.32006112013103893,3
AT2G39050,drought,up,3.394454719999999,0.4971148766666671,0.8535508888253288,2
AT2G39210,drought,up,1.5212966219999995,1.4924889623333328,0.018936254278139497,4
AT2G39270,drought,up,1.2508834596666674,0.3863013816666676,0.6911771606848105,1
AT2G39310,drought,up,0.818445907000001,0.38323088700000163,0.5317578306369353,1
AT2G39330,drought,up,0.5681118230000006,0.6915337690000003,-0.21724938824235585,5
AT2G39420,drought,up,1.4416839579999978,0.49500082866666606,0.6566509421708729,1
AT2G39740,drought,up,0.611972411,0.3907543959999984,0.36148364047738357,1
AT2G40000,drought,up,0.8608219996666655,0.4314448843333327,0.498798956694415,1
AT2G40140,drought,up,0.6727835410000003,0.7341464006666678,-0.09120743289210087,2
AT2G40270,drought,up,0.5878387660000008,0.6447525889999994,-0.09681876441608916,2
AT2G40600,drought,up,0.9081234086666647,0.4788868363333325,0.47266326166346795,2
AT2G40750,drought,up,0.8901288293333334,1.3993256146666662,-0.5720484142893096,6
AT2G40830,drought,up,1.1527500830000008,0.34684013233333566,0.6991194037213222,1
AT2G40950,drought,up,1.3835977236666643,0.4189931913333318,0.697171233974742,1
AT2G41100,drought,up,0.41966555466666833,1.7445982050000008,-3.1571155545174516,3
AT2G41160,drought,up,1.0420936683333313,0.3489891316666647,0.6651077131820413,1
AT2G41380,drought,up,1.4385108070000001,0.41722493666666605,0.709960512888475,1
AT2G41410,drought,up,1.9957181096666652,0.8875589470000005,0.5552683804887429,2
AT2G41730,drought,up,0.44299433066666705,0.7209396866666671,-0.6274241830176857,2
AT2G42360,drought,up,0.5635488126666672,0.5586418136666671,0.008707318496122163,3
AT2G42560,drought,up,7.374774775666668,1.005423546666667,0.8636672200506925,4
AT2G43320,drought,up,1.027907420000001,0.36353023800000006,0.6463395137278027,1
AT2G43510,drought,up,0.569652475999999,1.002387670666665,-0.759647702587475,3
AT2G43570,drought,up,4.760614774333335,3.1559280560000014,0.33707552372961114,8
AT2G43820,drought,up,0.636996194666664,0.6831456706666659,-0.07244858978184565,2
AT2G43850,drought,up,0.8167828703333351,0.6078478033333345,0.2558024593668726,2
AT2G44180,drought,up,0.4812031300000008,0.5015616866666672,-0.042307614804306004,1
AT2G44280,drought,up,0.9680283383333332,0.35279721566666744,0.6355507357624645,1
AT2G44290,drought,up,0.34367480899999947,1.100545073666665,-2.2022861287650173,4
AT2G45010,drought,up,0.5098792016666653,0.34567866866666463,0.3220381071894499,1
AT2G45070,drought,up,0.3863833599999982,0.37403933666666767,0.03194760595624657,1
AT2G45220,drought,up,0.8401235100000006,2.2876090823333346,-1.7229437756519075,4
AT2G45500,drought,up,1.1393029679999982,0.4704525199999994,0.5870698723572534,1
AT2G45510,drought,up,1.227376863,0.5791292246666666,0.5281569645600639,3
AT2G45570,drought,up,5.347714068,1.6860116450000002,0.68472292580322,6
AT2G45910,drought,up,1.2783151893333322,0.44939249333333287,0.6484493831543218,1
AT2G46270,drought,up,5.2622232339999995,1.138569416666667,0.7836333872515704,5
AT2G46400,drought,up,0.4981851870000007,1.4222971639999997,-1.8549567532605056,4
AT2G46420,drought,up,0.8331582926666652,0.4819194806666651,0.42157512574927436,2
AT2G46430,drought,up,1.6634493130000019,1.5196831116666667,0.0864265596852214,5
AT2G46440,drought,up,0.8028196716666667,1.1485001786666675,-0.4305830053744977,3
AT2G46450,drought,up,0.5891492393333326,0.5912321760000001,-0.00353549920394447,2
AT2G46500,drought,up,0.8078499433333342,0.3625933539999995,0.5511624937375448,1
AT2G46600,drought,up,1.2124542783333343,0.6832329450000003,0.43648766208389567,2
AT2G46620,drought,up,1.2044406519999997,0.5004311473333329,0.5845115768034264,2
AT2G46680,drought,up,5.197344373999998,0.4209346036666659,0.9190096762161049,1
AT2G47000,drought,up,1.1937600799999997,1.451511480333333,-0.21591558023395585,4
AT2G47010,drought,up,0.7399886916666665,0.40850485333333353,0.4479579783668537,1
AT2G47130,drought,up,0.992133025666667,1.3084494759999998,-0.3188246355581028,4
AT2G47190,drought,up,1.0771715626666665,0.44523623533333323,0.5866617252398514,1
AT2G47470,drought,up,0.8832441833333338,0.3794546766666649,0.5703853092645165,1
AT2G47730,drought,up,0.615444066666667,0.5485516733333338,0.10868963884180727,1
AT2G47770,drought,up,8.498240730333334,0.546964224666667,0.9356379464852824,2
AT2G47800,drought,up,0.6659165579999993,0.9389507183333343,-0.4100125714749616,3
AT2G47880,drought,up,0.8549737890000007,0.8394939246666668,0.018105659533071194,2
AT3G01290,drought,up,0.7800783199999985,2.0948464236666675,-1.685430898357323,3
AT3G01420,drought,up,1.9557924190000007,3.0338592580000014,-0.5512174137331087,6
AT3G01435,drought,up,0.5954995229999991,0.3837983756666654,0.35550179161660556,1
AT3G01720,drought,up,0.875971165666666,0.3818164899999985,0.5641220796241466,1
AT3G01830,drought,up,0.3833087753333331,0.8206979743333331,-1.1410884048235985,3
AT3G02150,drought,up,0.6749495353333339,0.45880272233333397,0.3202414427817224,1
AT3G02190,drought,up,0.5849413120000007,0.3990797113333331,0.31774401440578603,1
AT3G02480,drought,up,9.256392436666667,0.5624963883333329,0.9392315751323207,2
AT3G02710,drought,up,0.8330293886666631,0.3501828249999992,0.5796272859466607,1
AT3G02770,drought,up,0.6238366309999996,0.41072154666666805,0.3416200231648977,1
AT3G03020,drought,up,0.6863212686666662,0.3823483483333341,0.44290179280596687,1
AT3G03470,drought,up,3.4636160396666646,0.37403228366666674,0.8920110429726895,1
AT3G03560,drought,up,1.1355235313333338,0.5997634423333338,0.4718176895646623,2
AT3G04060,drought,up,1.5093028483333333,0.6408145413333326,0.5754234863858104,2
AT3G04070,drought,up,2.018050598333332,0.41500206599999956,0.7943549748738998,1
AT3G04120,drought,up,0.4450781766666676,0.4160768500000014,0.0651600734142177,1
AT3G04480,drought,up,0.3979794316666663,0.5099964979999996,-0.2814644612768704,2
AT3G04640,drought,up,0.4935571913333341,0.616539120333333,-0.24917462689129488,3
AT3G04880,drought,up,1.0098842063333358,0.3901548950000002,0.6136637323831753,1
AT3G05165,drought,up,1.6719051673333336,0.3687442453333336,0.7794466740470241,1
AT3G05200,drought,up,1.3574556940000013,0.48539504866666583,0.6424229160390811,2
AT3G05500,drought,up,0.525333152,0.39806177266666687,0.24226793768639432,1
AT3G05630,drought,up,1.3461735679999984,0.3921830936666657,0.7086682557217865,2
AT3G05650,drought,up,1.4700118023333326,0.35034795566666777,0.7616699708733192,1
AT3G05690,drought,up,0.6477884203333337,0.39221488666666726,0.3945324208406743,1
AT3G05700,drought,up,0.6591157250000004,0.36219077366666586,0.4504898609926722,1
AT3G05970,drought,up,1.1521660010000012,0.4312179433333334,0.6257327998230586,2
AT3G06760,drought,up,0.4475310916666668,0.37727459933333307,0.15698684100737892,1
AT3G06860,drought,up,1.4720641946666682,0.40095653800000086,0.7276229260567044,1
AT3G07090,drought,up,0.9336006839999982,0.3538844069999989,0.6209467140878835,1
AT3G07520,drought,up,0.6787783656666662,0.7445993506666673,-0.09696977442018895,2
AT3G07700,drought,up,2.106187662,0.4425840919999988,0.7898648349408103,2
AT3G07720,drought,up,0.9145461679999993,0.7453462786666663,0.1850096750209479,3
AT3G07780,drought,up,1.1133102706666662,0.35869196066666653,0.6778149181612448,1
AT3G08590,drought,up,2.0552273166666666,0.3451793733333357,0.8320480802614207,1
AT3G08690,drought,up,1.501691699666667,0.4565013553333337,0.6960086045393579,1
AT3G08710,drought,up,0.8386165479999983,0.3543271980000009,0.5774860407357456,1
AT3G08720,drought,up,1.3864714559999998,0.7314496543333329,0.47243799995451696,2
AT3G08860,drought,up,4.928637505333334,0.857127478333334,0.8260924084179803,2
AT3G08870,drought,up,1.140686679999999,0.49433255999999837,0.5666359845632643,1
AT3G08970,drought,up,1.1797610796666662,0.8587151619999993,0.2721279106421923,3
AT3G09010,drought,up,0.42597894866666763,0.8227377983333337,-0.9314048285919723,2
AT3G09350,drought,up,0.930428908333333,0.40332533966666695,0.5665167579658084,1
AT3G09405,drought,up,0.39020280100000004,0.3573619739999998,0.08416348349073033,1
AT3G09490,drought,up,0.48133603533333247,0.36371684199999965,0.24435983325428723,1
AT3G09600,drought,up,1.1501924330000008,0.5176742156666672,0.5499238207328158,1
AT3G09830,drought,up,1.442425672333334,0.9427322623333314,0.346425760151423,2
AT3G09840,drought,up,1.183503946666665,0.38551034666666517,0.6742635732204749,1
AT3G10320,drought,up,1.3493448360000002,0.4757719790000001,0.647405195242471,1
AT3G10500,drought,up,1.3920903713333326,0.6687198573333326,0.5196289902552531,2
AT3G10640,drought,up,1.0086143959999987,0.4201806363333329,0.5834080516799074,1
AT3G10800,drought,up,1.4291441093333344,0.34923433500000023,0.7556339261245595,1
AT3G11010,drought,up,1.1476798313333347,2.058304038666668,-0.7934479481750598,4
AT3G11050,drought,up,1.849243987666667,0.3878927213333334,0.7902425402378799,2
AT3G11080,drought,up,1.206823615666667,0.5945497436666676,0.507343296942172,1
AT3G11230,drought,up,0.8575615000000001,0.4725248043333332,0.4489901839887481,1
AT3G11270,drought,up,1.1825611143333328,0.48810015533333395,0.5872516444035962,1
AT3G11580,drought,up,0.4790657903333333,0.38867147666666657,0.18868872603858955,1
AT3G11820,drought,up,0.7395484916666657,0.6075292133333328,0.17851334945705977,2
AT3G11840,drought,up,0.44254538233333385,0.5294950630000006,-0.19647630308155506,2
AT3G12500,drought,up,1.013150757000001,0.5265881966666672,0.4802469494017594,1
AT3G12580,drought,up,5.185109919333333,1.2040731876666664,0.7677825144695335,5
AT3G12740,drought,up,1.006959694333334,0.49959051399999943,0.5038624516835727,1
AT3G12830,drought,up,1.097656292,0.3715713306666659,0.6614866298541967,1
AT3G13050,drought,up,0.759142086999999,0.4040538276666661,0.46774940477425186,1
AT3G13080,drought,up,0.7286805066666684,1.5651053090000016,-1.1478621901929813,3
AT3G13100,drought,up,0.4320164696666673,1.2045488073333344,-1.7882011263661615,4
AT3G13235,drought,up,0.45810208900000227,0.3955184873333355,0.13661496677144913,1
AT3G13330,drought,up,1.4555867566666674,0.7496179133333332,0.4850063660581948,3
AT3G13380,drought,up,0.6689877016666683,0.8959522700000013,-0.33926568121938505,4
AT3G13784,drought,up,5.608902185666666,0.4683052666666656,0.9165067866821779,3
AT3G13810,drought,up,0.6862389809999989,0.44231519300000066,0.35545020722161313,1
AT3G13910,drought,up,1.315410164000001,0.4715652436666664,0.6415070701349195,1
AT3G13950,drought,up,1.101630867999999,1.6292862203333334,-0.4789765498231615,4
AT3G14050,drought,up,1.9799342830000004,0.7405202016666657,0.6259874845216438,4
AT3G14060,drought,up,0.70690995,0.4145642436666668,0.4135543803469356,1
AT3G14280,drought,up,4.302444967333334,0.699644584333333,0.8373844198716214,1
AT3G14620,drought,up,1.115363692999999,1.4730158800000002,-0.32065969983120235,3
AT3G14990,drought,up,1.3997041953333333,0.6369397699999979,0.5449468736868981,3
AT3G15450,drought,down,-0.6576582663333337,-0.6103551893333332,0.07192652996476578,1
AT3G15500,drought,up,0.3612067656666671,0.6753852830000007,-0.8698024156703292,1
AT3G15980,drought,up,0.5406997899999997,0.43269966333333265,0.19974138822333753,1
AT3G16030,drought,up,1.6939649216666668,0.46156116200000064,0.7275261393571967,1
AT3G16410,drought,down,-0.5867745266666669,-0.37992159466666653,0.3525254124017363,2
AT3G16470,drought,up,0.9676897033333329,0.39488724000000097,0.5919278270299244,1
AT3G16565,drought,up,1.371597855000001,0.5507592730000006,0.5984542619454591,1
AT3G16720,drought,up,0.5954056610000009,0.7003418790000007,-0.17624323192318392,2
AT3G16990,drought,up,2.770223387999999,0.8807677156666669,0.6820589561542366,5
AT3G17611,drought,up,0.8649443309999993,0.3515468420000003,0.5935613086294677,1
AT3G17700,drought,up,1.091669652666667,0.6359800706666654,0.41742442953037084,2
AT3G17790,drought,up,3.5568722553333343,0.5066231666666674,0.8575649811693367,1
AT3G18485,drought,up,0.44711076599999977,0.3759972083333336,0.15905132033136105,1
AT3G18690,drought,up,0.359381329333333,0.3560610699999991,0.009238819778125684,1
AT3G18830,drought,up,0.8159204146666656,0.7535198099999985,0.07647878830456789,2
AT3G19010,drought,up,0.791852995666666,0.8780268156666668,-0.1088255275557184,4
AT3G19150,drought,up,0.4316604816666674,0.34586522900000016,0.19875632889859762,1
AT3G19240,drought,up,0.984939918666667,0.37258564066666544,0.6217173924973596,1
AT3G19520,drought,up,1.412991442000001,0.40650305800000197,0.7123103184371575,1
AT3G19580,drought,up,2.429108041666666,0.718379177000001,0.7042621552118757,1
AT3G19970,drought,up,0.5791058813333336,0.6691384823333326,-0.15546828982760097,2
AT3G20250,drought,up,3.532029685666668,0.688964068999999,0.8049381997563938,2
AT3G20510,drought,up,0.6002442939999995,0.46713773333333375,0.22175397916679873,1
AT3G20600,drought,up,0.6437675826666664,0.4741151849999987,0.26353050733607897,1
AT3G21150,drought,up,0.563701867999999,0.3440671626666667,0.3896291955046931,1
AT3G21220,drought,up,0.8404389539999997,0.3640387020000002,0.5668469431748873,2
AT3G21230,drought,up,1.3024866893333318,0.4218903163333332,0.6760885774968843,1
AT3G21630,drought,up,0.8651094506666652,0.3872658006666665,0.5523505142982381,1
AT3G21690,drought,up,1.2150836989999991,0.5125116256666669,0.5782087883423517,1
AT3G21750,drought,up,1.303472214000001,0.4143613740000003,0.6821095459116553,1
AT3G21810,drought,up,0.7087493883333318,0.5662182723333329,0.20110227725934227,1
AT3G22160,drought,up,0.4094833826666662,0.9697612503333328,-1.3682554442575574,3
AT3G22231,drought,up,0.9682809843333331,1.622679428333333,-0.6758352736324331,5
AT3G22235,drought,up,1.3691291093333344,1.907417579333334,-0.3931612192966276,6
AT3G22370,drought,up,2.408127494999997,0.9315300173333334,0.613172467293583,3
AT3G22550,drought,up,1.7709858209999982,0.4440602439999992,0.7492581596450852,1
AT3G22600,drought,up,2.662000987,2.3351945469999995,0.1227672121821044,5
AT3G22620,drought,up,2.388783067666666,0.7272993803333332,0.6955356096676664,1
AT3G22630,drought,up,0.7360305220000019,0.41563714399999974,0.43529903777550316,1
AT3G22840,drought,up,4.993392504666667,0.48468817733333314,0.9029340920265413,3
AT3G22910,drought,up,0.588041146666666,1.0078736926666654,-0.7139509681930194,3
AT3G23010,drought,up,0.5337608866666663,0.8557780973333324,-0.6032986281135393,1
AT3G23120,drought,up,1.6724299599999997,2.010927974333333,-0.202398917999133,4
AT3G23790,drought,up,1.2418101396666659,0.43054255299999955,0.6532943811236971,1
AT3G24090,drought,up,0.8362028076666661,0.34602468466666725,0.5861952608934525,1
AT3G24180,drought,up,0.4617920470000012,0.3716567203333341,0.19518596574415858,1
AT3G24500,drought,up,2.4930753633333316,0.5408265656666664,0.7830685050196149,4
AT3G24900,drought,up,0.6421312773333341,1.1652484093333335,-0.8146576104693406,2
AT3G24982,drought,up,0.9826581036666662,0.8803431373333321,0.10412061524914773,2
AT3G25010,drought,up,1.7222738150000003,2.418403999666668,-0.4041925149205545,5
AT3G25020,drought,up,0.7067459363333333,1.1825672516666677,-0.6732565280841114,3
AT3G25190,drought,up,0.6153603926666662,0.43510687100000034,0.2929235027388367,1
AT3G25610,drought,up,0.7697911316666657,1.022816095333333,-0.3286930093866447,3
AT3G25780,drought,up,0.5878085860000004,0.6063012373333336,-0.031460328708661,2
AT3G25882,drought,up,0.6178273806666663,0.806749704333332,-0.3057849645038542,3
AT3G26090,drought,up,0.6432920170000003,0.40110035833333413,0.3764878970457767,1
AT3G26170,drought,up,1.6540165113333325,0.583225957999999,0.6473880677709498,1
AT3G26210,drought,up,1.1647704599999997,1.5250697146666674,-0.3093306939348959,4
AT3G26340,drought,up,0.9450658513333323,0.4891459203333337,0.4824213364145691,1
AT3G26440,drought,up,0.911645568,1.4084639606666673,-0.5449688015887633,4
AT3G26600,drought,up,1.1979702623333326,0.6806054773333328,0.43186780278861736,2
AT3G26830,drought,up,2.893141386,3.0865068570000016,-0.06683581795749882,7
AT3G26840,drought,up,1.4658952906666682,0.6897427186666674,0.5294734057348788,1
AT3G26910,drought,up,1.1850860569999995,0.3455020416666663,0.7084582679663858,2
AT3G27000,drought,up,1.084452740333333,0.3560700256666678,0.6716592504001411,1
AT3G27210,drought,up,2.5616554946666676,0.4069575840000006,0.8411349282339953,1
AT3G28210,drought,up,1.3427164876666664,1.504965561333333,-0.12083643506055286,4
AT3G28270,drought,up,4.161616559666668,0.3934678293333329,0.9054531277228366,1
AT3G28450,drought,up,1.0034570693333347,0.45909432600000066,0.5424873270313313,2
AT3G28480,drought,up,0.6657593613333326,0.6073210800000002,0.0877768826506572,2
AT3G28540,drought,up,1.4702451866666664,1.3885448989999993,0.055569158401325924,4
AT3G28580,drought,up,0.43181119533333323,1.130946477666667,-1.6190763229138647,3
AT3G28940,drought,up,1.0365806366666668,0.5064763433333326,0.5113970631730022,2
AT3G29000,drought,up,0.8596781390000006,0.6327118450000002,0.2640131040949969,3
AT3G29240,drought,up,0.6542345600000008,0.43180996333333255,0.33997683746127383,1
AT3G29250,drought,up,0.6256030669999997,0.8273705309999992,-0.32251674367190986,3
AT3G29575,drought,up,4.43533789,0.4085100620000004,0.9078965183416949,2
AT3G41979,drought,up,1.2488942663333331,0.39838866633333225,0.6810068897962245,1
AT3G44300,drought,up,1.091579776333334,1.739455764333333,-0.5935214283432806,5
AT3G44400,drought,up,0.7770411700000004,0.7157144789999998,0.07892334842438342,3
AT3G44480,drought,up,1.1963395833333337,0.4008581566666667,0.6649294546037132,1
AT3G44630,drought,up,0.5862461369999998,0.4760966936666655,0.1878894143286003,1
AT3G44670,drought,up,1.2588513633333331,0.37962077666666794,0.6984387611405815,1
AT3G44720,drought,up,0.4629465310000018,0.6211689826666689,-0.3417726261494902,3
AT3G44860,drought,up,2.1214570100000003,0.7258307126666663,0.6578621630109458,1
AT3G45040,drought,up,1.205557306666667,0.5018452410000007,0.5837234462229015,1
AT3G45140,drought,up,0.7859234533333339,0.5101007000000006,0.3509537120485301,2
AT3G45290,drought,up,0.46232647266666493,0.4580820836666666,0.009180501768624727,2
AT3G45310,drought,up,0.45747904600000133,0.37165429800000105,0.187603670048748,1
AT3G45620,drought,up,1.253609475333331,0.6826064879999993,0.4554871342062117,1
AT3G45640,drought,up,0.7574711993333345,0.6953353426666666,0.08203065241471208,2
AT3G45730,drought,up,1.1511233773333336,1.1608502446666664,-0.008449891232220397,3
AT3G46230,drought,up,4.763963153333334,1.0425860249999999,0.7811515346690906,3
AT3G46510,drought,up,0.5392310600000005,0.37790375933333387,0.2991802821348357,1
AT3G46620,drought,up,0.6999901206666683,0.3866635683333337,0.44761567782545764,1
AT3G46900,drought,up,0.9716994603333333,0.5591860706666658,0.42452775421441347,1
AT3G46930,drought,up,0.8158155393333333,0.43181325533333315,0.47069743769994676,1
AT3G47420,drought,up,2.001810371666666,0.4498249766666689,0.7752909151468959,1
AT3G47480,drought,up,0.45863668899999954,1.361533557333333,-1.9686538168195575,2
AT3G47780,drought,up,0.6895603390000007,0.4209990863333344,0.38946737142123544,2
AT3G48020,drought,up,5.421972850333333,1.0073978120000002,0.814200874883011,3
AT3G48080,drought,up,0.8319344390000012,1.0321640949999997,-0.24067960961043733,3
AT3G48090,drought,up,0.3463754646666679,1.1401059179999997,-2.2915319770041247,3
AT3G48210,drought,up,0.6132353000000004,0.36494806466666674,0.4048808594895523,1
AT3G48320,drought,up,0.8970387946666669,0.3712734516666689,0.586112157161908,1
AT3G48850,drought,up,0.6137048449999996,0.9116392776666671,-0.4854686012242053,4
AT3G49120,drought,up,3.6670371316666657,1.2919274483333307,0.6476917462392451,7
AT3G49130,drought,up,1.826404836,0.6403557819999999,0.6493900096090197,4
AT3G49530,drought,up,0.8919144810000015,0.5638991570000007,0.36776544274988654,2
AT3G49580,drought,up,1.275874333,0.5503214590000001,0.5686711106523998,2
AT3G50480,drought,up,0.8657292953333338,2.8181598553333354,-2.255243724019126,5
AT3G50770,drought,up,0.5250299153333327,0.6824646373333332,-0.29985857453483944,2
AT3G50910,drought,up,2.040817711333335,0.5576973169999997,0.7267285000992876,2
AT3G50930,drought,up,1.2787536830000024,1.513760321666667,-0.18377787825043113,4
AT3G50950,drought,up,1.071261766666666,0.7286241033333347,0.3198449473273757,2
AT3G51000,drought,up,2.005395964,0.39802674800000126,0.8015221157590795,2
AT3G51430,drought,up,1.8958738039999998,0.7784551159999991,0.5893950776905196,3
AT3G51440,drought,up,2.169906401666667,1.0009561023333333,0.5387100099965065,4
AT3G51450,drought,up,0.8410696103333342,0.4946417213333332,0.4118896756508704,1
AT3G51580,drought,up,0.4825071440000013,0.39027205633333395,0.191157973127683,1
AT3G51660,drought,up,1.0922640286666656,0.5302833493333328,0.5145099212132314,4
AT3G51860,drought,up,3.182033375999999,2.409135314666666,0.2428943917316514,6
AT3G51890,drought,up,1.7310248313333334,0.7159017453333334,0.5864289567805303,3
AT3G51920,drought,up,0.8039058106666648,0.3750854539999988,0.5334211433439607,1
AT3G51980,drought,up,1.0067462946666659,0.41052055033333446,0.5922303836546445,1
AT3G52400,drought,up,0.7330287246666671,1.2647754639999995,-0.7254105077193742,3
AT3G52470,drought,up,1.2471876250000022,0.3445916466666681,0.7237050466511263,1
AT3G52800,drought,up,1.7115527860000004,0.36491413933333305,0.7867935232157468,1
AT3G53230,drought,up,3.2267969880000003,1.1597425226666669,0.640590180609569,4
AT3G53810,drought,up,0.889495984999999,0.37652488833333386,0.576698608332297,1
AT3G53980,drought,up,6.196689673666666,0.48139346466666666,0.922314414628122,2
AT3G54010,drought,up,1.1810023213333345,0.367977731333335,0.6884191295086588,1
AT3G54150,drought,up,0.35621195299999986,0.7725490219999998,-1.1687902820038159,3
AT3G54620,drought,up,1.3606054786666686,0.40227238666666665,0.7043431082896452,1
AT3G54830,drought,down,-1.3161255903333338,-0.3665519243333337,0.7214916820814209,1
AT3G54950,drought,up,1.0223029013333322,0.35860499466666695,0.6492184515969204,1
AT3G54960,drought,up,0.5205031120000001,0.5454816069999993,-0.04798913671048166,2
AT3G55450,drought,up,0.46635831800000194,0.39438464866666667,0.15433126537122255,1
AT3G55470,drought,up,1.0268267949999998,0.5724171830000007,0.4425377426969066,3
AT3G55880,drought,up,3.6185843303333325,0.8592894759999998,0.7625343511281815,3
AT3G55950,drought,up,0.433194793666666,0.429594829,0.008310267619319744,1
AT3G55960,drought,up,0.6189820489999995,0.400005495666667,0.3537688268781002,1
AT3G55970,drought,up,0.44423102066666686,1.3510659626666666,-2.0413588871823793,5
AT3G55980,drought,up,0.7915306706666669,0.712647320666667,0.09965924622170408,2
AT3G56200,drought,up,0.7074267816666664,0.5029657446666667,0.28902077543388804,1
AT3G56400,drought,up,1.4877627756666634,1.5555247216666643,-0.04554620340573923,5
AT3G56710,drought,up,1.9245073973333335,1.4215807803333336,0.2613274532988925,7
AT3G57260,drought,up,2.829952747000001,3.0272610300000027,-0.0697214054931361,6
AT3G57280,drought,up,0.8637852153333352,0.3860865973333336,0.5530293984201355,1
AT3G57630,drought,up,1.2716846083333353,0.49350085800000176,0.6119314059743304,1
AT3G58270,drought,up,1.0247856203333336,0.39561714299999995,0.6139513131816614,2
AT3G59140,drought,up,0.49045691633333277,0.44335594800000067,0.09603487434831182,1
AT3G59380,drought,up,0.8375623686666671,0.396572303000001,0.5265160926089448,1
AT3G59660,drought,up,0.806430481333333,0.5740682459999995,0.2881367219021177,2
AT3G59700,drought,up,0.9269911259999999,0.3692928963333326,0.6016219724488143,1
AT3G60140,drought,up,0.7785288273333335,0.954947108666667,-0.22660468712200754,4
AT3G60420,drought,up,2.100562741,1.4268671746666675,0.32072146819695146,4
AT3G60450,drought,up,0.42443552200000134,0.5969724826666667,-0.40650923809026707,1
AT3G60820,drought,up,0.9910098933333344,0.3753794966666675,0.6212151874649293,1
AT3G61280,drought,up,0.9545052653333332,1.2510183223333335,-0.31064580549637055,4
AT3G61630,drought,up,1.4027576616666666,0.5044774616666663,0.6403673453707759,2
AT3G61860,drought,up,1.0430375623333337,0.4334302123333309,0.5844538797205701,1
AT3G61960,drought,up,1.5632973220000004,0.41696652833333303,0.7332775266320497,1
AT3G62200,drought,up,0.7721356219999995,0.5226932836666647,0.32305508414082085,1
AT3G62260,drought,up,1.5646341289999999,0.44811097133333266,0.7136001554435396,2
AT3G62590,drought,up,2.236868829333331,0.6105327293333334,0.7270592171847222,1
AT3G63010,drought,up,1.4254671400000012,0.5720810430000007,0.5986711815749044,2
AT3G63030,drought,up,1.3060687889999985,0.3559992360000006,0.7274268867012939,1
AT3G63310,drought,up,0.9717477063333337,0.3667876263333323,0.6225485031322369,1
AT3G63380,drought,up,0.6783002683333335,1.4753514006666677,-1.1750712325262471,5
AT3G63500,drought,up,1.3017289086666661,0.3861088106666646,0.7033876960893894,1
AT4G00290,drought,up,0.35646566866666873,0.3425523893333349,0.03903119025564328,1
AT4G00490,drought,up,0.665569244666667,0.37071562466666563,0.44300968285827436,2
AT4G00700,drought,up,2.6661111443333345,2.2857431183333334,0.142667730416435,4
AT4G01010,drought,up,1.4895052996666678,0.9385683886666669,0.3698791210231299,3
AT4G01480,drought,up,0.9177593653333327,0.44987828833333143,0.5098080114170946,1
AT4G01610,drought,up,2.3679043130000004,0.47549148866666613,0.7991931151710073,1
AT4G01700,drought,up,0.41651821566666847,0.7037849440000015,-0.6896858709373399,2
AT4G01870,drought,up,2.1483522823333345,0.7914549600000012,0.6315990787412209,3
AT4G01985,drought,up,9.210989677999999,1.2466408373333335,0.8646572321852803,7
AT4G02360,drought,up,7.435485308666667,0.5103158476666665,0.9313675131505066,3
AT4G02380,drought,up,4.259227025333334,1.927458445,0.5474628533450494,4
AT4G02410,drought,up,1.7806766610000002,0.4651568043333336,0.738775256327497,1
AT4G02420,drought,up,0.8390372619999997,0.5508007736666674,0.3435324048019842,2
AT4G02660,drought,up,0.49709729666666647,0.42474873433333293,0.14554205548586518,1
AT4G03320,drought,up,2.082240940666667,1.0461046476666667,0.4976063397678957,3
AT4G03420,drought,up,1.519868343333334,0.44100463433333204,0.7098402396051406,1
AT4G03430,drought,up,1.063958249999997,0.35990719666666493,0.6617280831586523,1
AT4G04220,drought,up,0.4174791726666669,0.42823529433333274,-0.025764450949638196,1
AT4G04490,drought,up,2.282694321666667,2.4972346996666666,-0.09398559236059123,5
AT4G04500,drought,up,0.8604155313333335,1.6613183126666673,-0.9308325479576405,4
AT4G04620,drought,up,1.4250793239999995,0.4532278803333334,0.6819630509681485,2
AT4G04920,drought,up,0.7308411753333317,0.3516280343333307,0.5188721623778854,1
AT4G05020,drought,up,1.738031871333333,1.049866187666665,0.3959453765014912,4
AT4G05050,drought,up,1.1512828299999995,0.41356495999999865,0.6407790082303244,1
AT4G07990,drought,up,0.8925596119999994,0.36356671500000104,0.592669542614257,1
AT4G08230,drought,up,0.970222075333333,0.4900398646666657,0.49491989810857906,1
AT4G08470,drought,up,1.1374788313333344,0.9412700353333339,0.1724944593210651,3
AT4G08555,drought,up,0.4042146423333346,0.7531826276666669,-0.8633234642835048,2
AT4G08570,drought,up,8.820223940000002,0.5217322373333335,0.9408481869754733,2
AT4G08850,drought,up,0.6474602389999973,1.2236069690000004,-0.889856542989979,3
AT4G08870,drought,up,0.8508350433333334,0.42984558999999933,0.49479562064582494,1
AT4G09570,drought,up,0.38183811266666545,0.38453103433333347,-0.007052521938842871,1
AT4G09750,drought,up,2.4317455283333347,0.6902520609999998,0.7161495506180355,2
AT4G10040,drought,up,0.578746492999997,0.34279465833333234,0.4076946254025351,1
AT4G10500,drought,up,1.0542774280000007,1.806900350666666,-0.7138755916404433,4
AT4G10970,drought,up,0.798595954333333,0.42955448733333235,0.46211286821265707,1
AT4G11260,drought,up,0.8731678566666652,0.37973817333333315,0.5651028946679384,1
AT4G11350,drought,up,1.8869188166666673,0.45738990033333327,0.7575995870657888,2
AT4G11650,drought,up,1.478757663333333,0.8991395536666662,0.3919628780554374,3
AT4G11670,drought,up,0.8928181253333349,0.4679520760000013,0.4758707706283508,1
AT4G11740,drought,up,1.2408973243333339,0.39758383833333255,0.6795997295369038,1
AT4G11840,drought,up,0.7639959853333327,0.7539385203333335,0.013164290379891308,3
AT4G11850,drought,up,0.5839382326666644,0.8609334199999985,-0.47435699845920887,3
AT4G11890,drought,up,1.4312245870000009,2.298458878000001,-0.6059386478385027,4
AT4G11910,drought,up,3.9383858016666675,0.7211038150000002,0.8169037135227231,3
AT4G12020,drought,up,1.1969954606666686,0.3428412253333324,0.7135818500578219,1
AT4G12120,drought,up,1.2247635023333325,0.48192616599999916,0.6065149189358863,2
AT4G12290,drought,up,2.978200742666669,0.9674753590000016,0.6751477007108231,7
AT4G12480,drought,up,0.8595424256666648,1.3610242169999998,-0.5834287829880922,7
AT4G12720,drought,up,1.2496945099999994,0.8963987529999979,0.2827056966106074,3
AT4G12735,drought,up,0.638187933333334,0.5431841869999992,0.14886484273859368,2
AT4G12830,drought,down,-0.7746798993333339,-0.3779788253333347,0.5120838611423739,1
AT4G13180,drought,up,1.6856936753333338,0.7032648300000011,0.582803898305583,1
AT4G13810,drought,up,0.8966870736666657,0.5786126253333332,0.354721795010032,2
AT4G14220,drought,up,1.34964845,0.5873017623333361,0.564848340815465,2
AT4G14365,drought,up,1.1466397166666669,2.2445108059999983,-0.9574682207283836,4
AT4G14370,drought,up,0.4694622026666666,1.1440056799999994,-1.4368429950308066,3
AT4G14400,drought,up,0.9687086099999966,1.538800256666665,-0.5885068438347734,5
AT4G14746,drought,up,1.3300772336666657,0.494548565333333,0.6281805651465852,2
AT4G14800,drought,up,1.1198182073333314,0.5718247706666659,0.48935928446066657,1
AT4G15233,drought,up,0.5063296373333337,0.708680192000001,-0.3996419323434808,2
AT4G15420,drought,up,0.9959452390000001,0.424630387333333,0.5736408281245542,1
AT4G15440,drought,up,1.249314414999998,0.45376223333333243,0.6367910048221663,2
AT4G15610,drought,up,1.296074090666668,1.3202903206666674,-0.018684294497040232,4
AT4G15910,drought,up,4.092775213666664,0.3528608196666667,0.9137844613385099,2
AT4G16260,drought,up,0.7513616949999999,1.5448816856666658,-1.0561091894186405,4
AT4G16660,drought,up,0.5805111133333334,0.6611975333333326,-0.13899203330784227,2
AT4G16670,drought,up,1.2358886793333346,0.5909364120000014,0.5218530423640053,1
AT4G16690,drought,up,1.0887386900000005,0.4130531046666661,0.6206131843567846,2
AT4G16760,drought,up,1.8436627766666671,0.41875756333333314,0.7728665086516284,1
AT4G16960,drought,up,1.1820450333333339,0.4150071346666664,0.6489075094741883,1
AT4G17030,drought,up,4.689929215000001,0.3443929066666671,0.9265675683195429,1
AT4G17230,drought,up,1.9072717720000014,0.35104418966666806,0.8159443269594682,2
AT4G17250,drought,up,1.649498627999999,0.46444001366666754,0.7184356471822008,1
AT4G17670,drought,up,0.8211654663333343,1.0225032516666666,-0.2451854024406861,3
AT4G17720,drought,up,0.6545818069999996,0.46591784066666797,0.2882206078992533,2
AT4G17900,drought,up,0.9169722753333343,0.49903173700000103,0.4557831785932732,2
AT4G18010,drought,up,0.7502257686666667,0.5000081870000024,0.3335230434851121,2
AT4G18210,drought,up,1.0661076079999994,0.35202265933333265,0.669805696262011,1
AT4G18880,drought,up,1.3422264816666658,0.7102159796666667,0.47086725722712663,2
AT4G19006,drought,up,0.7574535426666671,0.347417149,0.5413353698539793,1
AT4G19520,drought,up,2.2542009606666635,0.4502707276666644,0.8002526236465182,2
AT4G19660,drought,up,0.3426627276666654,0.5878906413333329,-0.7156538889902835,2
AT4G19700,drought,up,0.42420194366666664,0.4908654986666656,-0.1571505175666581,1
AT4G19810,drought,up,2.07402129,0.3846572653333329,0.8145355270999495,2
AT4G19880,drought,up,0.715487632666667,0.5345605636666662,0.2528723918339083,2
AT4G19990,drought,up,1.0424298109999999,0.3850002593333324,0.630670328811872,1
AT4G20110,drought,up,2.050034625666667,1.273847841666666,0.378621304382889,4
AT4G20320,drought,up,1.918043614000001,0.7302673666666664,0.619264462321728,1
AT4G20830,drought,up,0.8355091370000025,0.8729082816666676,-0.04476210134691194,3
AT4G20860,drought,up,1.3968544410000003,0.7562095680000009,0.4586339522544419,3
AT4G21380,drought,up,1.0639425563333322,0.8908917496666664,0.16265051683152076,5
AT4G21450,drought,up,0.7369571143333342,0.3535095770000023,0.5203118741586559,1
AT4G21534,drought,up,0.9537440393333334,0.3649655083333334,0.6173339037710326,1
AT4G21570,drought,up,2.415860691999999,0.38317539566666525,0.8413917669443726,1
AT4G21680,drought,up,1.5126208559999994,0.5157829976666659,0.6590136942639999,1
AT4G21910,drought,up,2.275172541666665,0.37715238866666567,0.8342313025673276,1
AT4G21940,drought,up,0.630282086666667,0.4349535273333336,0.30990656955896556,1
AT4G21980,drought,up,1.9554790390000019,0.37301273900000176,0.8092473856478901,1
AT4G21990,drought,up,0.5015725629999999,0.42576107266666696,0.1511476024124807,1
AT4G22305,drought,up,0.5740458659999987,0.6645788276666664,-0.15771032774351146,2
AT4G22530,drought,up,0.5119402636666663,0.5206858023333334,-0.017083123339486805,1
AT4G22920,drought,up,1.8021907636666672,0.4294860630000006,0.7616866806451804,1
AT4G23010,drought,up,1.304248080999999,0.45480222266666637,0.6512916297964124,2
AT4G23140,drought,up,1.198516181333332,3.0535463536666665,-1.5477723214964358,5
AT4G23150,drought,up,0.3593219200000002,1.2695741136666667,-2.5332498325364234,3
AT4G23160,drought,up,0.4062839443333335,0.6411615376666671,-0.5781119254386029,2
AT4G23170,drought,up,0.7864295663333349,1.0861842093333314,-0.38115891852537853,3
AT4G23180,drought,up,0.7023528573333326,0.9038087426666657,-0.2868300217332542,2
AT4G23190,drought,up,0.3690757749999998,0.8972024999999997,-1.43094388950345,2
AT4G23200,drought,up,0.5304330136666664,0.5615760193333328,-0.05871241959731632,2
AT4G23220,drought,up,1.171703086,1.5104460260000003,-0.2891030535358685,4
AT4G23230,drought,up,0.8500212739999995,0.9723943239999997,-0.14396469093548858,3
AT4G23250,drought,up,0.9406207120000012,0.5431675800000022,0.4225434619177283,2
AT4G23270,drought,up,0.4688193649999999,0.431588785333334,0.07941348512057711,1
AT4G23320,drought,up,0.4674429740000008,0.6265365726666667,-0.340348678910009,3
AT4G23460,drought,up,0.630142455333333,0.37787804199999897,0.4003291814386496,1
AT4G23470,drought,up,0.5973291993333341,0.7214534666666665,-0.20779876066976932,3
AT4G23570,drought,up,0.6092331236666659,0.7002429746666667,-0.14938427912825647,2
AT4G23700,drought,up,0.41884221666666566,0.5729278676666665,-0.36788471856128435,1
AT4G23810,drought,up,0.5214401540000004,1.1145281310000001,-1.137403731665819,3
AT4G23850,drought,up,1.1203674233333327,0.3836581333333342,0.6575604347796287,1
AT4G23885,drought,up,0.9893867656666666,0.3428533256666668,0.6534688581207713,1
AT4G24000,drought,up,8.379246210333331,1.9996199786666664,0.7613603982419416,7
AT4G24120,drought,up,0.6481557353333365,0.4777489110000026,0.2629103085012374,1
AT4G24690,drought,up,1.6195164166666665,0.4314714999999989,0.7335800393502243,2
AT4G24920,drought,up,0.5110038603333358,0.5589737800000023,-0.09387388900619076,2
AT4G25000,drought,up,1.5491675053333331,0.6210986476666669,0.5990758613717335,3
AT4G25070,drought,up,0.5490130869999996,0.625601910666667,-0.13950272858735602,3
AT4G25390,drought,up,0.9619175666666662,0.39662572299999965,0.5876718164380477,1
AT4G25640,drought,up,1.1345598133333326,0.42690729666666805,0.6237242923205468,1
AT4G25800,drought,up,1.1573150943333337,0.5822955459999983,0.4968565182886281,1
AT4G25900,drought,up,0.41614257466666693,0.48808049966666545,-0.172868457541556,1
AT4G25940,drought,up,0.5278375220000004,0.608026938666665,-0.15192064475223965,2
AT4G26060,drought,up,1.2399716363333333,0.6453282476666677,0.4795620893596082,3
AT4G26070,drought,up,0.9564806140000002,0.6125653439999983,0.359563241498172,2
AT4G26270,drought,up,1.9729918113333325,0.8925642209999989,0.5476087554581329,5
AT4G26750,drought,up,1.2658798366666657,0.34774157099999936,0.7252965400604865,1
AT4G26910,drought,up,0.6855571586666667,0.5610934949999997,0.18155111079101716,2
AT4G27280,drought,up,0.37653152066666706,0.5232724626666672,-0.38971755071179226,3
AT4G27300,drought,up,0.5388557293333331,0.6335229433333325,-0.1756819290334366,2
AT4G27740,drought,up,0.3454286843333332,0.4105197779999994,-0.1884356934407172,1
AT4G27745,drought,up,1.1632372666666662,0.3715919739999993,0.6805535855425086,2
AT4G27830,drought,up,1.4413489126666672,0.3469560919999992,0.7592837591571848,1
AT4G27860,drought,up,0.5741572443333336,0.37588475733333393,0.34532785043967906,1
AT4G27900,drought,up,0.7367447056666672,0.46703858066666726,0.36607813117020993,1
AT4G28300,drought,up,1.1532805970000002,0.3494665829999999,0.6969804365832057,1
AT4G28390,drought,up,1.1853362296666656,0.8180285776666665,0.3098763395625658,2
AT4G28400,drought,up,0.8404526076666672,0.39137066866666625,0.5343334471253278,1
AT4G28490,drought,up,1.018025043333333,0.7391354093333327,0.2739516437501659,2
AT4G28570,drought,up,1.670646322333333,0.4430554269999991,0.7347999866415776,1
AT4G28710,drought,up,0.9270313183333325,0.40807824699999884,0.5598010132670985,1
AT4G29040,drought,up,1.4224243333333355,0.43506246666666826,0.6941401686744666,1
AT4G29660,drought,up,0.760765557,0.3820977619999999,0.4977457135326121,1
AT4G29810,drought,up,0.7745467766666643,0.48563052699999787,0.37301330064279004,1
AT4G29900,drought,up,0.6067268206666689,0.6628625273333348,-0.09252221058067644,2
AT4G30460,drought,up,4.884236295,0.382112085666666,0.921766257284105,2
AT4G31300,drought,up,0.9917750399999967,0.3623367266666637,0.6346583528996002,1
AT4G32340,drought,down,-0.8104462109999986,-0.6817481536666676,0.15879901168830457,1
AT4G32940,drought,up,2.673934530000002,0.3501511766666692,0.8690502057031781,1
AT4G33040,drought,up,2.314245906666666,0.5536595786666663,0.7607602644681212,1
AT4G33050,drought,up,1.3313549963333333,1.4761191836666665,-0.10873447557715732,4
AT4G33060,drought,up,1.064118429333334,0.4273636060000001,0.5983871773861282,1
AT4G33300,drought,up,1.4069476863333321,0.7603908930000003,0.4595457241330225,2
AT4G33920,drought,up,1.1284631259999998,0.3580404246666671,0.6827185431075689,1
AT4G34131,drought,up,0.9882613003333338,0.4446565600000003,0.550061750014879,1
AT4G34135,drought,up,0.9710831533333346,1.220265312333333,-0.25660228801689855,3
AT4G34150,drought,up,0.7762865526666669,0.8286893916666678,-0.0675045043869289,2
AT4G34230,drought,up,2.8248066373333334,0.42037690333333444,0.851183830504527,1
AT4G34390,drought,up,0.9421821013333318,0.7765270576666659,0.17582062260813347,3
AT4G34480,drought,up,1.1046474256666663,0.3934297863333338,0.6438413043004243,1
AT4G34630,drought,up,1.485651022999999,0.4265210066666647,0.7129063285633634,1
AT4G34710,drought,up,2.7579432733333356,0.34457920999999914,0.8750593555234623,1
AT4G35110,drought,up,0.7057681410000001,0.3673665960000001,0.47947976869644493,1
AT4G35600,drought,up,0.5964372966666671,0.5932347289999997,0.005369495979821726,2
AT4G36090,drought,up,0.784347948333334,0.6097467160000019,0.22260685796953184,2
AT4G36150,drought,up,0.7288898983333336,0.7061716706666674,0.03116825698725323,2
AT4G36648,drought,up,1.6699865113333345,0.6739135596666674,0.5964556868614419,2
AT4G36760,drought,up,2.0437441723333336,0.3454810586666657,0.8309567981435605,1
AT4G37010,drought,up,0.38518003566666614,0.3546518449999998,0.07925693919683152,1
AT4G37150,drought,up,1.374331205333334,0.541760183000001,0.6058008572477979,2
AT4G37370,drought,up,1.9676265746666672,1.4068805283333328,0.2849860098216703,4
AT4G37530,drought,up,0.7010001883333343,0.5713448040000007,0.18495770256723654,2
AT4G37640,drought,up,0.8883239849999995,0.5955395909999979,0.32959190446715436,1
AT4G37990,drought,up,0.3808357606666659,1.713204658333333,-3.498539358106261,5
AT4G38060,drought,up,1.8342476839999993,0.3484384063333321,0.8100374287656278,1
AT4G38560,drought,up,0.6681296923333333,1.3370134143333336,-1.0011285678144817,4
AT4G38790,drought,up,0.805050416666667,0.38180702999999916,0.5257352557112118,1
AT4G39030,drought,up,0.9803436030000006,0.8535752653333333,0.12931010849536517,4
AT4G39270,drought,up,0.7668335209999997,0.43969090233333485,0.4266149166771558,1
AT4G39670,drought,up,2.5347801766666676,1.3312572419999995,0.47480367163410064,4
AT4G39890,drought,up,0.5899700786666671,0.4075317199999997,0.3092332395550944,1
AT4G39955,drought,up,2.0712577540000003,0.5099292480000006,0.7538069576250332,1
AT5G01300,drought,up,8.272512334000002,0.9116893559999997,0.889792928775342,2
AT5G01820,drought,up,1.4729643233333327,0.34649445666666523,0.7647638498924775,1
AT5G01850,drought,up,0.691768604,0.5887318473333325,0.148946853139735,1
AT5G01960,drought,up,0.8309547079999966,0.41168840366666615,0.5045597555400483,1
AT5G02020,drought,up,2.4806217953333336,0.37780471433333407,0.8476975752434012,1
AT5G02160,drought,down,-0.39292390666666854,-0.5019974566666665,-0.27759458803439263,1
AT5G02290,drought,up,1.0711367313333326,0.6104122506666663,0.4301266749513524,2
AT5G02490,drought,up,0.9852403160000005,1.7326544416666678,-0.7586109840704762,5
AT5G03160,drought,up,0.4687913253333331,0.43639656733333254,0.06910272492129921,2
AT5G03210,drought,up,6.192448257333335,0.6126977066666672,0.9010572747311878,2
AT5G03290,drought,up,0.5207758646666658,0.3995691113333315,0.232742647186454,1
AT5G03320,drought,up,0.597780377666667,0.4552021616666666,0.23851270688497672,1
AT5G03350,drought,up,1.0060572076666698,1.725448275333335,-0.715059801952153,5
AT5G03630,drought,up,1.319247941333332,0.7622553546666655,0.4222046282700488,2
AT5G04290,drought,up,0.888494720333334,0.36150313299999937,0.5931285524528775,1
AT5G04340,drought,up,3.817178478999999,0.5619218949999993,0.8527912964794855,2
AT5G04560,drought,up,0.5947243633333343,0.3697436466666648,0.3782940981359647,1
AT5G04720,drought,up,0.9363714503333362,0.7590320206666679,0.18939004345288168,2
AT5G04830,drought,up,1.5628783839999993,0.46028640033333446,0.7054880245030412,1
AT5G04860,drought,up,0.4175834809999994,0.34236968933333234,0.18011677925225966,1
AT5G04930,drought,up,0.570908313666667,0.7205182303333348,-0.2620559432841254,2
AT5G05190,drought,up,0.5741849290000003,0.5986930340000018,-0.0426832955067018,3
AT5G05340,drought,up,0.48451720033333334,0.5277270749999996,-0.08918130179266948,1
AT5G05410,drought,up,3.243185387333333,0.4595536039999999,0.8583017776921282,2
AT5G05460,drought,up,0.8290124383333328,0.8527877869999996,-0.028679121768625526,2
AT5G05600,drought,up,2.0118478483333346,1.3268032183333345,0.3405051880874135,5
AT5G05890,drought,down,-0.5360376153333339,-0.40151592700000105,0.250955687596067,1
AT5G06320,drought,up,1.080815430666668,0.9726976386666664,0.10003353850463848,4
AT5G06750,drought,up,1.0439498106666676,0.46513495966666696,0.5544470098906085,2
AT5G06760,drought,up,8.702365166,0.6798312966666655,0.9218797092860737,4
AT5G07010,drought,up,1.9581937453333342,0.895148600333334,0.5428702586418706,2
AT5G07770,drought,up,0.4012242860000006,0.7151053696666665,-0.7823082864596722,2
AT5G07990,drought,up,2.331691299,0.37114366066666715,0.8408264160758155,1
AT5G08240,drought,up,0.7404735863333336,0.9927133093333342,-0.34064648308258727,3
AT5G08300,drought,up,0.3612933440000017,0.36596597400000164,-0.01293306416406037,1
AT5G08380,drought,up,1.5168694040000013,0.43466536333333394,0.7134457573030898,2
AT5G08660,drought,up,0.8106060373333328,0.5012996653333346,0.3815742268803347,2
AT5G08790,drought,up,0.7850033729999977,1.006468231333332,-0.28211962642526744,4
AT5G09310,drought,up,0.7419686153333345,0.3520453810000008,0.5255252395792482,1
AT5G09330,drought,up,0.7949078660000009,0.5721980060000007,0.28017065816782327,2
AT5G09390,drought,up,0.9349021266666675,0.36551990500000286,0.6090286944760301,1
AT5G09530,drought,up,2.6290088396666675,0.6209002579999998,0.7638272459826633,4
AT5G10300,drought,up,2.928388897333333,0.8810531133333335,0.6991338431396037,3
AT5G10380,drought,up,0.5843365996666661,0.8753811659999995,-0.49807690721299913,2
AT5G10650,drought,up,1.6315679716666667,0.4380915529999996,0.7314904676925695,1
AT5G10740,drought,up,0.868768422333333,0.5233731319999997,0.3975688819417178,1
AT5G10760,drought,up,1.1640343216666684,2.4668740593333327,-1.1192451231173783,4
AT5G11650,drought,up,0.8847660819999978,0.39723887499999844,0.55102384338463,1
AT5G11670,drought,up,0.7771458200000012,0.38873112333333104,0.4997964174428289,1
AT5G11970,drought,up,1.5374574830000025,0.5002957559999999,0.6745953878192552,1
AT5G12010,drought,up,1.3075070390000008,0.5345686329999992,0.5911542981758289,1
AT5G12890,drought,up,0.9292946683333341,0.5003765506666671,0.46155232810699376,2
AT5G12930,drought,up,0.8848534609999996,0.37644941233333373,0.5745629881947946,1
AT5G13080,drought,up,0.47041698699999923,0.7988269893333331,-0.6981253045892546,2
AT5G13170,drought,up,8.317482064333335,0.44167977599999997,0.9468974176819699,2
AT5G13190,drought,up,1.0494500299999991,0.6464223799999989,0.3840370084128738,2
AT5G13200,drought,up,2.622922134333332,0.5800288163333329,0.7788615953402067,1
AT5G13210,drought,up,2.301305265333335,1.337138501000001,0.41896517548430423,4
AT5G13320,drought,up,1.5157326380000011,1.392586715666667,0.08124514788823467,4
AT5G13330,drought,up,3.6850570856666662,0.9014854460000006,0.7553673050259105,4
AT5G13370,drought,up,2.1545498823333302,0.6271173959999992,0.70893345234558,7
AT5G13490,drought,up,1.5960404089999987,0.5109411789999996,0.6798695220253662,1
AT5G13820,drought,up,1.8002405283333331,0.392329870666666,0.7820680822968218,1
AT5G14930,drought,up,0.4643852603333336,0.7588150806666665,-0.6340205977295501,2
AT5G15860,drought,up,2.4644477369999995,0.5175997433333324,0.7899733333507764,1
AT5G15870,drought,up,1.0040988783333331,0.551429647,0.4508213693901364,2
AT5G16880,drought,up,1.2532390086666663,0.47839834866666564,0.6182704612940204,2
AT5G16970,drought,up,1.0868763470000005,0.3587239936666684,0.6699495810569256,1
AT5G16980,drought,up,0.736308166333334,0.38027944666666613,0.4835322164625975,1
AT5G17060,drought,up,0.8053644956666659,0.3595359249999994,0.5535736589649607,1
AT5G17380,drought,up,1.5548640150000015,0.46726140566666885,0.6994840698871867,1
AT5G17760,drought,up,1.435307185,1.4555065683333313,-0.014073212720196349,5
AT5G17860,drought,up,1.395750919666665,0.5370001649999994,0.6152607478644927,2
AT5G18270,drought,up,0.989923810333333,0.8654518810000003,0.12573889832129592,3
AT5G18310,drought,up,0.7695544673333341,0.7397092300000008,0.03878248856998168,2
AT5G18470,drought,up,0.8343196126666657,1.2372531119999994,-0.4829486125172957,4
AT5G18490,drought,up,0.725564314333333,0.3503628283333322,0.5171167856356682,1
AT5G18780,drought,up,1.0956229073333343,0.5730444513333346,0.476969267895208,2
AT5G19240,drought,up,0.36050762433333183,1.4649110410000006,-3.063467572174056,2
AT5G19550,drought,up,0.9121887766666656,0.41134379333333193,0.5490584801575056,1
AT5G19875,drought,up,2.0901829309999984,0.7383070903333326,0.646773935724321,1
AT5G19930,drought,up,0.6068234986666665,0.3876914349999998,0.36111334539310236,1
AT5G20000,drought,up,1.5134171706666653,0.6218209496666649,0.5891278612936903,2
AT5G20010,drought,up,0.7533439033333327,0.5838125033333323,0.22503852390637535,2
AT5G20230,drought,up,0.5795470866666665,1.9323897496666662,-2.3343101779374544,3
AT5G20250,drought,down,-2.1485342349999996,-0.4558078409999986,0.7878517206871508,1
AT5G20320,drought,up,0.6788782193333347,0.3840162313333355,0.43433708668626403,1
AT5G20910,drought,up,1.5000595693333336,0.4257839876666667,0.7161552805160288,1
AT5G20960,drought,up,0.48632887000000036,0.7962096496666673,-0.6371835989639412,1
AT5G21090,drought,up,0.8229429800000005,0.5281638566666658,0.35820115183841117,2
AT5G22060,drought,up,0.8456580936666676,0.7068598003333335,0.16413050897617742,2
AT5G22250,drought,up,0.5654766663333319,0.40825803766666535,0.2780284988346289,1
AT5G22300,drought,up,0.7075847966666666,0.5102092310000002,0.27894263217140225,2
AT5G22380,drought,up,0.5890268866666668,1.0100585236666655,-0.7147918822222838,2
AT5G22470,drought,up,7.887766224666668,0.3435874836666668,0.9564404580612191,1
AT5G22860,drought,up,2.838965151666665,0.3763905369999989,0.8674198107789269,1
AT5G22920,drought,down,-0.796305722333333,-0.3513874176666665,0.5587280013045341,1
AT5G23660,drought,up,1.5473273203333333,0.48591061966666604,0.6859677889213585,2
AT5G23760,drought,up,0.5911394776666672,0.34928473666666804,0.409133123632079,1
AT5G24200,drought,up,0.48294930800000024,0.9716874043333341,-1.0119863270066713,2
AT5G24380,drought,up,2.8848461776666676,0.38256691933333364,0.867387411399951,3
AT5G24530,drought,up,1.7408894803333341,2.3261167679999977,-0.3361656752355169,6
AT5G24770,drought,up,4.128030033666667,0.6561598516666649,0.8410477040343043,3
AT5G24780,drought,up,1.7879768213333334,0.5404135609999985,0.6977513608946002,4
AT5G24810,drought,up,1.000711133666666,0.915085440333332,0.08556484529116448,3
AT5G24870,drought,up,1.3352312603333347,0.35699947100000085,0.7326309819087987,1
AT5G25250,drought,up,1.1709419689999994,2.1172148616666666,-0.8081296236010718,4
AT5G25260,drought,up,0.7046793816666677,1.8500656963333348,-1.6254006353324324,3
AT5G25440,drought,up,0.3638457829999995,1.233684207333333,-2.390678867187351,3
AT5G25820,drought,up,0.5933501320000003,0.41158359599999983,0.30633942119018587,1
AT5G25930,drought,up,0.7482596386666671,0.9061482706666677,-0.21100781579151362,4
AT5G25940,drought,up,0.679673755333333,0.38712710333333433,0.4304221690250858,1
AT5G26030,drought,up,0.8909109589999993,0.35712590966666546,0.5991452276358565,1
AT5G26170,drought,up,0.467474656666667,0.7840485959999999,-0.6772002178485284,3
AT5G26340,drought,up,2.197859433333333,0.9176658156666662,0.582472927181285,5
AT5G26690,drought,up,0.35848806533333466,0.8829379790000003,-1.462949437881604,2
AT5G26770,drought,up,2.0736988736666664,0.3918329243333334,0.8110463725909715,1
AT5G26920,drought,up,1.674751243666667,1.6653811109999994,0.00559493996622018,4
AT5G27420,drought,up,0.9303136563333334,1.0101400473333335,-0.0858058897196261,2
AT5G27600,drought,up,1.7439473050000007,0.8655872773333311,0.5036620230143188,4
AT5G27760,drought,up,0.754115502333331,0.37073043199999844,0.5083903846918536,1
AT5G27830,drought,up,0.6015905950000002,0.5564908523333338,0.07496749956116977,1
AT5G28540,drought,up,0.38238072333333406,0.6940635833333335,-0.8151113300978174,2
AT5G28830,drought,up,1.3045495153333322,0.37886233899999855,0.7095837800352152,1
AT5G33290,drought,up,1.3783499083333322,0.6524473979999996,0.5266460322916672,2
AT5G35200,drought,up,0.5545006443333342,0.4308605063333335,0.22297564351552912,1
AT5G35480,drought,down,-0.4457042533333331,-0.35449289733333433,0.20464546909267123,1
AT5G35660,drought,up,8.387860485666666,0.7078065373333333,0.9156153659752869,2
AT5G35735,drought,up,0.5811021019999991,0.8050178173333329,-0.38532938456542376,4
AT5G36220,drought,up,1.174595291666665,0.6202115569999993,0.47197850919360973,2
AT5G37540,drought,up,3.7604249723333334,0.6485557566666662,0.8275312600468561,4
AT5G37600,drought,up,0.8593361500000007,1.4302672133333338,-0.6643861815115455,3
AT5G37740,drought,up,0.5747314283333331,0.44223753200000004,0.23053184461749876,3
AT5G38900,drought,up,0.504830195666667,1.356250842333333,-1.6865485741048034,3
AT5G38980,drought,up,0.5069504999999985,0.3939270066666669,0.2229477894455809,1
AT5G38990,drought,up,0.47247569433333325,0.6805312660000027,-0.4403519041550643,2
AT5G39030,drought,up,0.7906749876666668,0.36454886466666725,0.5389396776765703,1
AT5G39040,drought,up,0.6390065923333346,0.3765660936666677,0.41070076868591376,1
AT5G39050,drought,up,1.6347958313333324,0.763292853666667,0.5330959138523563,3
AT5G39450,drought,up,0.6208429459999998,0.38861359033333276,0.37405491543857716,1
AT5G39520,drought,up,5.128996416666666,1.5949999396666659,0.6890229959054532,5
AT5G39670,drought,up,1.480642897666666,1.9430450676666666,-0.3122982393179996,4
AT5G39850,drought,up,0.8564386483333344,0.3701163543333337,0.5678425360023212,1
AT5G40580,drought,up,1.0365649266666672,0.3767265393333332,0.6365625252778027,1
AT5G40690,drought,up,0.8497223609999986,0.5358944383333331,0.36932995654879097,2
AT5G40720,drought,up,0.7498737280000007,0.443808515333334,0.40815566839896866,1
AT5G40780,drought,up,1.1917004963333344,1.3136104163333346,-0.10229912664725482,4
AT5G40910,drought,up,1.1519222506666669,0.3888185079999982,0.6624611532809856,1
AT5G41750,drought,up,1.235654685,1.6044277999999998,-0.298443504869647,4
AT5G42050,drought,up,3.2091370093333325,0.8467260159999999,0.7361514907162224,3
AT5G42380,drought,up,0.689532977666667,0.8219294083333337,-0.19200884505145388,4
AT5G42440,drought,up,0.6330804206666656,0.4404998613333335,0.30419604373569953,1
AT5G42530,drought,up,0.5927878033333336,1.236492953333336,-1.0858947272200155,2
AT5G43100,drought,up,0.8716031683333334,0.3463675283333316,0.6026086860197508,1
AT5G43450,drought,up,2.236734275999998,0.7375732756666658,0.6702454629587541,1
AT5G43900,drought,up,0.7005882400000001,0.38946343333333466,0.44409082097447905,1
AT5G43910,drought,up,0.43207090966666595,1.0218764389999988,-1.3650665113935951,4
AT5G44070,drought,up,0.46185955866666717,0.5549113339999998,-0.20147201370468948,2
AT5G44820,drought,up,0.8845624589999996,0.7357400603333328,0.1682440817519104,3
AT5G44870,drought,up,0.5096565496666656,0.4425814136666659,0.1316085038912368,2
AT5G45030,drought,up,0.6544986453333337,0.417538027333336,0.3620490579920368,1
AT5G45100,drought,up,0.8597192023333324,0.46853601599999983,0.4550127358696149,1
AT5G45110,drought,up,0.5568203773333327,0.677302941999999,-0.21637599766673254,3
AT5G45130,drought,up,1.420989490000002,0.4287027543333348,0.6983068788683763,1
AT5G45250,drought,up,0.8543277336666666,0.3532545700000007,0.5865116440925114,1
AT5G45380,drought,up,1.5526277743333337,1.3213007413333342,0.14899065753176188,4
AT5G45500,drought,up,0.5617383720000007,0.62849602,-0.11884117469546718,2
AT5G45630,drought,up,6.642994288333332,0.8370569763333329,0.8739940243809328,4
AT5G46260,drought,up,0.35800485100000046,0.3525150083333344,0.015334548264727466,1
AT5G46350,drought,up,0.4516538153333327,0.4493350956666662,0.005133842752895301,1
AT5G46470,drought,up,1.0632873399999987,0.36911873999999933,0.6528513731763234,1
AT5G46490,drought,up,0.4313382990000001,0.7207447473333346,-0.6709500385295821,2
AT5G46520,drought,up,1.0481458946666669,0.45225925133333345,0.5685149809443639,2
AT5G47070,drought,up,0.8688805723333317,0.39654507033333175,0.543613837206152,1
AT5G47120,drought,up,1.6679373569999996,0.6965730336666667,0.5823745833479363,2
AT5G47140,drought,up,0.6827346176666671,0.4998356890000002,0.2678916872440823,2
AT5G47220,drought,up,0.6033497766666667,0.9226712583333327,-0.5292477001165479,2
AT5G47580,drought,up,1.185158904333334,0.36552237966666645,0.691583653187606,1
AT5G47730,drought,up,1.2064620303333315,0.3525243166666643,0.7078032231405857,1
AT5G47860,drought,up,1.468215868333333,0.34307164700000037,0.7663343283508826,1
AT5G47880,drought,up,1.467684784666666,0.35411381133333286,0.7587262503278198,1
AT5G48180,drought,up,2.1377419516666656,0.5564717350000006,0.7396918114620177,2
AT5G48380,drought,up,1.3515971036666663,1.1948575613333325,0.11596617209975113,4
AT5G48400,drought,up,0.48865505133333276,1.0276039499999996,-1.102923007131725,3
AT5G48410,drought,up,0.3731398320000001,0.34917443800000036,0.06422630859736178,1
AT5G48490,drought,down,-1.5763941590000012,-0.40188569800000096,0.7450601452019205,2
AT5G48570,drought,up,1.4385097683333337,1.1232197226666676,0.2191782444633401,5
AT5G48657,drought,up,0.6118530460000002,1.235398856999999,-1.0191104139734861,3
AT5G48850,drought,up,0.4410393749999999,0.3509433900000003,0.20428104633514776,1
AT5G49520,drought,up,0.41563229533333246,0.45793819066666686,-0.101786833718986,1
AT5G49570,drought,up,0.8870799529999989,0.5604625333333306,0.3681938911617685,1
AT5G49680,drought,up,0.6150182863333322,0.5191879263333332,0.1558170905312889,2
AT5G50200,drought,up,0.7983782700000006,0.8400044339999999,-0.052138398005245445,3
AT5G51070,drought,up,2.6592117999999996,0.47822509000000046,0.8201628429897909,1
AT5G51440,drought,up,0.7201605870000005,1.3105899343333336,-0.8198579011285614,4
AT5G51640,drought,up,1.2723955693333338,0.41329493099999937,0.6751836135231566,1
AT5G52210,drought,up,0.6083010146666661,0.3511172913333329,0.42279022578034575,1
AT5G52300,drought,up,9.768338897,1.1794897896666665,0.8792538012753729,5
AT5G52320,drought,up,0.67824521,0.37593871800000045,0.4457185801577568,1
AT5G52390,drought,up,1.8265415709999995,0.7726408643333325,0.5769924557970366,2
AT5G52450,drought,up,2.187450933000002,0.3691699400000008,0.8312328133030628,1
AT5G52540,drought,up,0.3796996693333341,0.4043359733333318,-0.06488365934912044,1
AT5G52640,drought,up,2.5388625283333335,1.6527428403333326,0.3490223192910349,5
AT5G52750,drought,up,1.2844679206666676,1.3912252080000007,-0.0831140160183399,4
AT5G52760,drought,up,1.1546123763333327,1.7723121169999994,-0.5349845137017124,4
AT5G52810,drought,up,0.7702607456666675,0.6359754900000025,0.17433739992869535,3
AT5G53010,drought,up,0.958726951666665,0.39264396400000035,0.590452773526996,1
AT5G53120,drought,up,2.0882144580000013,0.374080424333334,0.8208611079670373,1
AT5G53130,drought,up,1.5591670806666666,0.3476212799999985,0.7770468063939864,1
AT5G53370,drought,up,1.5374275353333307,0.42463456333333305,0.7238019005290759,2
AT5G53420,drought,up,2.0018282193333334,0.48097065299999997,0.7597343026964736,1
AT5G53550,drought,up,1.0169159883333343,0.8485518790000022,0.16556344011197133,3
AT5G53570,drought,up,0.8292642079999997,0.36420346200000075,0.5608113090056325,1
AT5G54165,drought,up,5.092477367999999,0.5486473456666667,0.8922631744788411,1
AT5G54610,drought,up,1.455483279,1.301988410333335,0.10545972659481517,4
AT5G54860,drought,up,1.0264773173333337,0.8055808400000002,0.2151985958220649,3
AT5G55200,drought,up,0.597689025666666,0.36164921933333183,0.3949207634690196,1
AT5G55450,drought,up,1.1874275613333332,1.5367870449999987,-0.2942154073587262,2
AT5G55460,drought,up,0.7695201306666668,1.0532133593333333,-0.3686625175365996,4
AT5G55850,drought,up,1.1110525503333317,0.4005790969999996,0.6394598105374762,1
AT5G55930,drought,up,0.9899345806666684,1.1149406780000017,-0.12627712959491566,2
AT5G56010,drought,up,0.5069249733333336,0.4066886966666683,0.19773394868978766,1
AT5G56250,drought,up,0.4685878506666672,0.40733135433333345,0.13072574597523856,2
AT5G56350,drought,up,1.134519747333334,0.3814451139999999,0.6637827460504067,1
AT5G56660,drought,up,0.7453809466666685,0.3566131583333343,0.5215692594127841,1
AT5G57035,drought,up,0.8443775106666651,0.49097919566666537,0.4185311789284625,1
AT5G57480,drought,up,2.4222516069999998,0.9082364640000007,0.6250445406351213,4
AT5G57580,drought,up,0.7054326873333334,0.44404786466666657,0.37053120355784763,1
AT5G57910,drought,up,2.2537680013333334,0.42293297666666607,0.8123440494245823,1
AT5G58070,drought,up,1.7114466133333348,0.37871082333333383,0.7787188800498254,1
AT5G58220,drought,up,0.8925788933333347,0.35331523066666826,0.6041635834035768,1
AT5G58290,drought,up,1.276768323333334,0.4870862566666663,0.6185006725456647,1
AT5G58350,drought,up,1.3574026876666654,0.5933200806666665,0.562900467151302,1
AT5G58620,drought,up,0.6431732579999991,0.4777622113333333,0.25717960846355037,2
AT5G58787,drought,up,0.9617509560000004,0.41487452999999963,0.5686258200090633,1
AT5G58940,drought,up,0.4642549256666664,0.39486151166666783,0.14947264996779552,1
AT5G59220,drought,up,8.208841031999999,1.2940721910000006,0.8423562856248036,2
AT5G59310,drought,up,8.412195716,0.4403496449999995,0.94765342368789,1
AT5G59450,drought,up,0.3675538826666678,0.3491024989999989,0.05020048634175989,1
AT5G59670,drought,up,0.8220898600000011,1.3016518456666661,-0.5833449711527454,2
AT5G59820,drought,up,0.7000824773333347,0.9146906626666675,-0.30654700307711047,3
AT5G60900,drought,up,1.7437799089999997,1.6276346136666655,0.0666054785548823,4
AT5G61010,drought,up,0.8023741430000015,0.9543383056666688,-0.18939314532057017,4
AT5G61060,drought,up,0.9149335719999989,0.43653979633333506,0.5228726874902175,1
AT5G61190,drought,up,0.597588368666667,0.3478309546666658,0.41794222761941857,1
AT5G61210,drought,up,0.817821568333331,0.6541213766666658,0.2001661462662031,2
AT5G61250,drought,up,0.6596750643333342,0.6142612293333336,0.06884273402981467,2
AT5G61520,drought,up,1.404137398666668,0.5109473116666674,0.6361130241585691,1
AT5G61560,drought,up,1.000533685999999,0.41898278499999986,0.5812407009752589,1
AT5G61600,drought,up,1.3397924859999986,0.5124555126666657,0.6175112802754843,2
AT5G61640,drought,up,1.7072461766666676,0.3812725876666656,0.7766739250158488,1
AT5G61820,drought,up,3.4452892030000015,0.4213860363333328,0.8776921147965143,1
AT5G62130,drought,up,1.1399147036666637,0.3597247763333318,0.6844283390886734,1
AT5G62480,drought,up,3.717004614666667,1.1753131873333338,0.6838009878449577,4
AT5G62620,drought,up,1.204318639666666,0.5552857353333343,0.538921248045262,2
AT5G63130,drought,up,2.313912407666666,0.4359191649999996,0.8116094785802296,1
AT5G63680,drought,up,0.6112537206666673,0.5404376206666672,0.11585385512707236,1
AT5G63790,drought,up,1.3983395036666666,0.6632047366666667,0.5257198020025613,2
AT5G63970,drought,up,1.039584866000001,0.41287434666666645,0.6028469053659098,1
AT5G64000,drought,up,0.6230904390000012,1.382864526333334,-1.2193640598188207,4
AT5G64370,drought,up,1.0481476839999981,0.46423098366666515,0.5570939183922616,2
AT5G64400,drought,up,0.9967232766666676,0.4593015166666685,0.5391885316426979,1
AT5G64510,drought,up,1.0667424336666667,1.071168346666667,-0.004148998727637965,3
AT5G64760,drought,up,0.7650620366666665,0.4307592670000009,0.43696164970255813,1
AT5G64810,drought,up,0.4880502276666663,1.0751565006666661,-1.202962809395487,2
AT5G65140,drought,up,1.905469027333333,0.3441413649999996,0.8193928318627048,1
AT5G65210,drought,up,1.062008273000001,0.36130242600000084,0.659793209539338,1
AT5G65380,drought,up,1.7754901383333337,0.3496531263333331,0.8030667032250851,1
AT5G65730,drought,down,-2.6613572813333333,-0.3847305859999999,0.855438204896995,1
AT5G65750,drought,up,1.4246758739999983,0.3784371583333339,0.7343696448857431,1
AT5G66052,drought,up,2.5835060593333337,0.4032638076666668,0.843908317454952,3
AT5G66140,drought,up,0.9162113590000018,0.4274401223333353,0.5334699595954973,1
AT5G66210,drought,up,0.5402709986666654,0.45925569633333296,0.1499530837917824,2
AT5G66620,drought,up,0.3875489423333329,0.3683469436666664,0.04954728698537059,1
AT5G66780,drought,up,9.289295021000001,0.6116218089999998,0.9341584256267751,2
AT5G66790,drought,up,1.319983272,0.36034447866666675,0.7270082990364846,1
AT5G66910,drought,up,1.1392044243333332,0.5608205310000001,0.5077086087264853,2
AT5G67340,drought,up,1.3112714999999993,0.9067067833333331,0.30852856686557006,4
AT1G02920,heat,up,0.698441631333333,0.4254656729999997,0.3908357493126793,6
AT1G09500,heat,up,0.9403736506666656,0.7600078223333329,0.19180229923016745,7
AT1G19960,heat,up,0.9413873079999995,0.40821776499999984,0.5663657651522108,3
AT1G21250,heat,up,1.2112141486666648,0.4280809103333336,0.6465687667167892,7
AT1G25530,heat,up,0.8317313016666663,0.3522715846666671,0.5764598687571731,2
AT1G30190,heat,up,0.8968260223333337,0.5317529120000004,0.4070723877787328,5
AT1G43160,heat,up,0.5449987263333338,0.6154625303333339,-0.12929168564130333,4
AT1G52040,heat,up,0.4874792010000011,0.5100668226666674,-0.04633555979481918,2
AT1G52400,heat,up,0.458409139999997,0.4229372499999986,0.07738041610601099,2
AT1G73260,heat,up,0.8170734270000004,0.5686588009999998,0.3040297454196862,5
AT1G76790,heat,up,0.9389894879999998,0.45114018833333347,0.5195471364708892,3
AT1G80160,heat,up,1.5286020750000007,1.0602388079999998,0.30639973257919373,8
AT2G05440,heat,up,1.0675100970000004,0.6818454153333331,0.36127497318338453,6
AT2G14560,heat,up,1.3876521670000006,0.8663322000000004,0.3756849010130937,6
AT2G14610,heat,up,1.1884246123333346,0.5925850430000006,0.5013692607421448,6
AT2G16595,heat,up,0.39065969699999936,0.35198143633333423,0.09900755302809028,5
AT2G17500,heat,up,0.6861930440000013,0.3814037490000004,0.4441742708776283,5
AT2G19900,heat,up,0.8549063146666667,0.47550841733333327,0.4437888582929266,7
AT2G24850,heat,up,0.39886203299999945,0.6187651906666671,-0.551326372211185,5
AT2G28190,heat,down,-0.6216199753333349,-0.586446040000002,0.05658430669714465,4
AT2G29350,heat,up,1.3957742973333325,0.8829981573333319,0.3673775487768147,5
AT2G36120,heat,up,0.6551586653333334,0.4124771959999993,0.37041633145439967,1
AT2G36780,heat,up,0.5209467803333336,0.8451799413333332,-0.6223921007680195,6
AT2G37870,heat,up,1.727851245000001,0.7149790979999997,0.5862033262012672,4
AT2G38380,heat,up,0.6268194189999994,0.4613184273333335,0.2640329681085807,2
AT2G39330,heat,up,0.6732322746666668,0.6561339226666671,0.025397403902635896,5
AT2G40750,heat,up,1.022790770666668,0.41259908366666664,0.5965948310251867,6
AT2G42560,heat,up,0.5393930486666667,1.2710122633333336,-1.3563749411957882,4
AT2G43570,heat,up,1.1479868483333338,0.6436954453333339,0.43928325810712765,8
AT2G45570,heat,up,0.9662170979999991,0.47691745033333355,0.5064075648003757,6
AT3G01420,heat,up,1.8843115823333338,0.5592814180000012,0.7031905852282425,6
AT3G05727,heat,down,-0.6143230080000004,-0.4093363020000007,0.33367903095044027,3
AT3G13784,heat,up,0.6381055589999995,0.6271356386666662,0.0171913881310245,3
AT3G16670,heat,down,-1.332886465333333,-0.39017920833333264,0.7072674841545823,2
AT3G22231,heat,up,1.3536283990000015,0.5627815203333348,0.5842422331349638,5
AT3G22235,heat,up,1.4497111826666664,0.7392955726666681,0.49003940818972413,6
AT3G26830,heat,up,1.1098539583333338,0.6045801846666663,0.45526149622914036,7
AT3G44300,heat,up,1.1227341593333344,0.6434422230000001,0.4268970818683667,5
AT3G45140,heat,up,0.38404127333333626,0.42108665000000123,-0.09646196708266475,2
AT3G49120,heat,up,0.5934487849999979,0.4273926983333336,0.2798153621068832,7
AT3G49130,heat,up,0.3476737826666665,0.3700295593333336,-0.06430101371233032,4
AT3G50970,heat,up,1.0036426620000007,0.3588246166666673,0.6424777161707909,2
AT3G53980,heat,up,1.0252181853333324,0.4010542683333327,0.6088108130827423,2
AT3G55970,heat,up,0.5718599366666668,0.41172141966666587,0.2800310123724309,5
AT3G56710,heat,up,1.0342155883333328,0.3550706803333332,0.6566763406597462,7
AT3G57260,heat,up,0.7444431176666679,0.581997924666668,0.21821034964922126,6
AT4G01985,heat,up,1.0738415936666668,1.3062192680000004,-0.21639846668620155,7
AT4G09600,heat,up,0.5406251310000001,0.4627025106666669,0.14413429170264225,1
AT4G12470,heat,up,0.6353484796666651,0.4231389786666666,0.3340048930491405,5
AT4G12480,heat,up,0.621821293,0.391704717333333,0.3700686648352953,7
AT4G14400,heat,up,0.9745966466666651,0.39697550666666537,0.5926771264559457,5
AT4G23140,heat,up,1.327035005,0.3670891376666665,0.7233764472801782,5
AT4G24000,heat,up,1.1659523126666667,1.0647032643333327,0.08683806981930997,7
AT4G30140,heat,down,-0.4784779780000008,-0.46372609866666714,0.03083084282163895,2
AT4G30460,heat,up,0.43901863233333316,0.4574104936666661,-0.04189312247542287,2
AT4G37990,heat,up,0.8868095286666664,0.5907752736666669,0.3338194340842189,5
AT5G01300,heat,up,0.6867118489999999,0.46770724433333344,0.3189177600263987,2
AT5G03350,heat,up,0.8468106716666668,0.5189206710000018,0.3872057965699959,5
AT5G05220,heat,up,0.5623404773333334,0.6144457216666666,-0.09265782285568469,1
AT5G05600,heat,up,0.603937048333334,0.36743301000000095,0.3916037921270201,5
AT5G06760,heat,up,0.7460341119999994,0.35030330233333284,0.5304459987838557,4
AT5G13370,heat,up,0.49539063866666666,0.43064637766666625,0.13069334772707497,7
AT5G24380,heat,up,0.4527130770000003,0.345874594333333,0.23599601622876742,3
AT5G24770,heat,up,1.8774225126666657,0.8650143729999993,0.5392542876396297,3
AT5G24780,heat,up,1.4508401333333323,0.7510020609999986,0.4823674616206285,4
AT5G39520,heat,up,1.4503270403333328,0.36038163233333265,0.7515169873337636,5
AT5G52300,heat,up,1.3567990203333338,0.6677278546666665,0.5078653178105764,5
AT5G53870,heat,up,0.4492461356666668,0.38855789566666754,0.13508906406048404,2
AT5G59220,heat,up,0.9439116609999996,0.42597645299999964,0.5487115260884569,2
AT5G63350,heat,up,0.908800142333333,0.43375674266666664,0.5227149265701019,2
AT1G01340,heat_drought,up,0.37215647366666715,0.5094940826666674,-0.369031895769226,2
AT1G01480,heat_drought,up,7.494809764333333,0.5375627583333338,0.9282753298300493,5
AT1G01560,heat_drought,up,1.5374726500000007,0.960532822666667,0.3752520913678259,4
AT1G01680,heat_drought,up,0.9174360349999988,0.7825722969999989,0.14700069852826325,3
AT1G02390,heat_drought,up,6.3570279020000005,0.4408044173333332,0.9306587254092985,2
AT1G02850,heat_drought,up,2.973016279333332,0.6929804843333329,0.7669099597097643,4
AT1G02920,heat_drought,up,1.6039299406666663,1.5492894023333337,0.03406666148436732,6
AT1G02930,heat_drought,up,1.647422256333332,0.9077731223333316,0.4489736199426112,4
AT1G05340,heat_drought,up,8.875212200333333,0.42862234866666693,0.9517056788061283,3
AT1G05680,heat_drought,up,4.041269058999999,0.5559168063333324,0.8624400409333566,5
AT1G07000,heat_drought,up,1.1888925363333325,0.6266142003333321,0.4729429438039243,4
AT1G07620,heat_drought,up,1.2582338470000005,0.34454688933333344,0.7261662526764523,3
AT1G08050,heat_drought,up,0.45354057733333253,0.6821948779999989,-0.5041540097935171,4
AT1G08450,heat_drought,up,0.7296640533333321,0.511049981666666,0.29960921148296815,4
AT1G08830,heat_drought,down,-0.6157595313333335,-1.051071214666667,-0.7069507838404585,3
AT1G09500,heat_drought,up,10.309113500666665,0.34837307799999984,0.9662072710735534,7
AT1G09560,heat_drought,up,1.738123877333333,0.37410739399999926,0.7847636760079708,3
AT1G09932,heat_drought,up,1.0052224926666673,0.8313568843333341,0.17296231391729033,4
AT1G10070,heat_drought,up,5.397467453000002,0.4272542843333351,0.9208417117743137,6
AT1G11330,heat_drought,up,0.6827055340000019,0.5931210946666692,0.13121973511545093,4
AT1G12520,heat_drought,down,-0.42057535466666707,-0.5562455216666677,-0.32258230420450573,3
AT1G13609,heat_drought,down,-0.5126910466666663,-0.5638585299999992,-0.09980178835968667,1
AT1G14370,heat_drought,up,1.447632119333334,0.3538576900000008,0.755561039801355,4
AT1G14870,heat_drought,up,0.9466992343333338,0.6026350080000009,0.3634356233272156,3
AT1G15520,heat_drought,up,0.3552444560000012,1.3540402580000004,-2.8115732283236414,4
AT1G15790,heat_drought,up,1.421437648666668,0.5241751416666673,0.6312359236028733,4
AT1G17020,heat_drought,up,7.691098799666667,0.4064723560000001,0.9471502880683815,3
AT1G17745,heat_drought,up,3.0783459356666683,0.37148275200000036,0.8793239097348071,3
AT1G19020,heat_drought,up,1.2585299999999995,0.8412882879999994,0.3315310020420651,4
AT1G19180,heat_drought,up,3.3855764226666656,0.366805544,0.8916563981411816,5
AT1G19250,heat_drought,up,2.010212283,0.8536090179999998,0.5753637438101358,4
AT1G21240,heat_drought,up,3.6861866596666646,1.3833632899999984,0.6247169723832994,4
AT1G21250,heat_drought,up,1.707610376333335,1.1354820676666666,0.33504616544622456,7
AT1G21310,heat_drought,up,2.3711852500000017,0.7988797770000016,0.6630884166473281,7
AT1G22400,heat_drought,up,1.949179163000001,0.5380967766666673,0.7239367284029051,2
AT1G24140,heat_drought,up,1.2728825473333334,0.3607788886666672,0.7165654526236591,4
AT1G24145,heat_drought,up,1.9671958966666683,0.47688227433333363,0.7575827221165972,4
AT1G24150,heat_drought,up,0.533194427333334,0.4605809679999995,0.13618570564680565,3
AT1G25400,heat_drought,up,0.9623405176666662,0.356732171,0.6293077507897633,2
AT1G26380,heat_drought,up,0.6620728266666669,0.44666471566666655,0.32535410354252714,2
AT1G26420,heat_drought,up,0.7763696109999993,0.3458658963333332,0.5545087141061045,3
AT1G27730,heat_drought,up,4.429272147000001,0.34952071100000026,0.9210884544006323,4
AT1G30220,heat_drought,up,9.222808612,0.5330815086666667,0.9421996561900826,6
AT1G30250,heat_drought,down,-0.47179981899999923,-0.34848982099999937,0.2613608421074872,2
AT1G30700,heat_drought,up,0.621689761999999,0.688927204333333,-0.10815272575348289,3
AT1G30900,heat_drought,up,0.6565566169999997,0.767068859000001,-0.16832096294294363,4
AT1G32350,heat_drought,up,4.216388231,1.0319942100000006,0.7552421282242212,4
AT1G32940,heat_drought,up,1.2782481573333344,0.6968742220000008,0.454820867135994,4
AT1G32960,heat_drought,up,0.7352287176666672,0.7312971806666666,0.005347365935974069,3
AT1G35230,heat_drought,up,0.5141043223333339,0.7743725420000009,-0.5062556534934457,3
AT1G35710,heat_drought,up,0.4166318293333333,1.1895879270000016,-1.8552497510895924,4
AT1G43910,heat_drought,up,0.9095264063333337,1.0790310523333337,-0.18636583261319628,4
AT1G45145,heat_drought,up,2.967427667666665,0.7287799776666661,0.754406826623775,4
AT1G51660,heat_drought,up,1.0707838853333325,0.39953706733333316,0.6268742247564192,3
AT1G51890,heat_drought,up,0.4587791113333344,0.863028613,-0.8811419083397429,2
AT1G52780,heat_drought,up,0.5546742833333322,0.34895851366666797,0.3708767034058421,3
AT1G52890,heat_drought,up,5.5175273853333335,0.6490288816666663,0.8823696129915165,5
AT1G53625,heat_drought,up,0.6959827343333331,0.5390400683333332,0.22549793013232133,3
AT1G56060,heat_drought,up,0.5578126426666672,0.3951402233333341,0.29162555110917676,1
AT1G57630,heat_drought,up,1.982395063666666,0.7761865833333328,0.6084601916342108,4
AT1G60730,heat_drought,up,1.305103132666666,0.39777851066666603,0.6952129676879246,4
AT1G61800,heat_drought,up,5.444686899333331,1.0348136836666644,0.8099406443750933,7
AT1G62300,heat_drought,up,1.7306549890000014,0.35251900566666716,0.796308907374798,3
AT1G63530,heat_drought,up,1.1147361539999991,0.36770450499999985,0.6701421195674253,3
AT1G63720,heat_drought,up,2.4436742030000014,0.37146431433333316,0.8479894276097439,4
AT1G64610,heat_drought,up,1.5040518336666677,0.34673375033333453,0.7694668876616797,2
AT1G65690,heat_drought,up,1.6159153880000012,0.48592899533333345,0.6992856191964594,4
AT1G66090,heat_drought,up,0.8719881826666667,0.5734728636666668,0.34233872079217476,2
AT1G66700,heat_drought,up,0.4095865400000003,0.525466797,-0.2829200808210144,3
AT1G66880,heat_drought,up,1.1619551953333307,0.6714190613333333,0.42216441388626613,4
AT1G67920,heat_drought,up,6.774088894,0.4524159036666675,0.9332137633937185,4
AT1G67970,heat_drought,up,2.169163630000001,0.3781867763333331,0.8256531821283888,6
AT1G68620,heat_drought,up,1.8055634163333343,0.6059960643333335,0.6643728717299966,3
AT1G69720,heat_drought,up,0.9452502740000011,0.4359113126666667,0.5388403212812333,3
AT1G71040,heat_drought,up,1.3619968220000018,0.34807758633333563,0.744435830751641,3
AT1G72120,heat_drought,up,4.884669065666666,0.3678443310000006,0.9246941141651739,5
AT1G72280,heat_drought,up,0.932793699666667,0.4636132533333335,0.5029841501941905,3
AT1G72520,heat_drought,up,0.7986921306666659,0.3556559843333327,0.5547020301346055,3
AT1G72680,heat_drought,up,2.839566601999997,0.3446725473333325,0.8786179034890153,3
AT1G72900,heat_drought,up,2.0916001286666663,0.5776435966666655,0.7238269453373498,4
AT1G73260,heat_drought,up,2.3689715310000015,0.4568601276666673,0.8071483250481211,5
AT1G73805,heat_drought,up,0.6378239023333334,1.149486137666666,-0.8021998445990075,5
AT1G73810,heat_drought,up,2.6091164673333322,0.6777006229999989,0.7402566610249299,6
AT1G74360,heat_drought,up,1.9953265470000003,0.567173233000001,0.7157491670459888,4
AT1G74710,heat_drought,up,0.7881154559999999,0.7552380386666666,0.0417164986208991,3
AT1G76040,heat_drought,up,0.48662855333333344,0.4657809550000005,0.04284088590883128,4
AT1G76960,heat_drought,up,2.923480784333333,0.5323248429999987,0.817914027055461,3
AT1G77450,heat_drought,up,6.149813889666666,0.5452112560000009,0.9113450803907901,3
AT1G77500,heat_drought,up,1.782428545000001,0.3813801123333329,0.7860334354478526,3
AT1G77510,heat_drought,up,1.0529760976666669,0.38334341500000235,0.6359429090086006,3
AT1G77810,heat_drought,up,0.8658901719999994,0.37477242233333463,0.5671824967504829,2
AT1G78410,heat_drought,up,0.6338196346666667,0.4193143766666667,0.33843264908132875,3
AT1G80130,heat_drought,up,1.3845756006666683,0.4052823543333339,0.7072876669658256,2
AT1G80160,heat_drought,up,11.569932144000003,1.1474755590000005,0.9008226198115549,8
AT1G80840,heat_drought,up,2.193171524666665,0.7345931946666653,0.665054380651639,4
AT2G02850,heat_drought,down,-0.42085882900000193,-0.5983967583333349,-0.42184675026345286,2
AT2G04050,heat_drought,up,0.6658246619999995,0.5388981293333313,0.19063056674020928,4
AT2G04070,heat_drought,up,0.7976734493333337,0.8421697149999998,-0.055782558268492544,5
AT2G05380,heat_drought,up,1.1322501889999987,0.41467284233333324,0.6337621787464027,2
AT2G13790,heat_drought,up,0.4762362549999999,0.3901321513333329,0.18080123628275002,3
AT2G13810,heat_drought,up,1.9158456390000005,0.9677636669999998,0.49486344447607156,5
AT2G14620,heat_drought,up,0.6041233369999999,0.3470806893333327,0.42548041421989835,2
AT2G15390,heat_drought,up,1.2479280593333328,0.6811556640000003,0.45417072810760684,3
AT2G17040,heat_drought,up,0.6454353556666668,0.36993870233333315,0.4268384911278599,4
AT2G17220,heat_drought,up,1.502832387999998,0.35686489099999896,0.7625384614747873,2
AT2G17500,heat_drought,up,3.922088992,0.46022414566666736,0.8826584132574757,5
AT2G18660,heat_drought,up,1.8155153166666667,1.3276505186666663,0.26871973677188954,4
AT2G18690,heat_drought,up,1.6090021960000005,1.0999678453333335,0.31636647354001923,3
AT2G19130,heat_drought,up,1.0956579070000005,0.42723721100000045,0.610063316049249,3
AT2G19190,heat_drought,up,0.6777505516666666,0.6365164119999998,0.06083969915666965,2
AT2G20142,heat_drought,up,0.6777795856666673,0.5501629563333337,0.1882863279333049,3
AT2G22470,heat_drought,up,3.602923378999999,0.35438322300000014,0.9016400889717615,2
AT2G23170,heat_drought,up,2.9776327289999998,0.37676271300000064,0.8734690449461403,5
AT2G23320,heat_drought,up,1.6243325906666666,0.44108935033333463,0.7284488700972869,3
AT2G26560,heat_drought,up,1.0290586326666666,0.8476283589999998,0.17630703237629408,6
AT2G28190,heat_drought,down,-2.1577712926666663,-1.3216012456666686,0.38751560456929746,4
AT2G28400,heat_drought,up,5.181527324333335,0.3888867463333332,0.9249474678041251,3
AT2G29120,heat_drought,up,1.5491530126666655,0.569859553333333,0.6321476647730272,4
AT2G29350,heat_drought,up,5.233919275999999,1.1899272116666664,0.7726508283910594,5
AT2G29460,heat_drought,up,6.3534698050000005,1.190656112666666,0.812597501961896,4
AT2G29470,heat_drought,up,0.4593093563333337,0.36205463333333343,0.21174121898231002,2
AT2G29720,heat_drought,up,0.6433867946666663,0.4262297119999996,0.33752182119182916,3
AT2G30250,heat_drought,up,2.2141062886666676,0.4542649423333325,0.794831465563069,4
AT2G30550,heat_drought,up,3.4941715853333335,0.597920864999999,0.8288805084702333,3
AT2G30750,heat_drought,up,0.9790032039999996,0.6117390199999999,0.3751409418267847,2
AT2G30770,heat_drought,up,1.595043343333332,0.6172005396666655,0.6130509291510312,2
AT2G31865,heat_drought,up,1.2720729726666669,0.5293534860000007,0.5838654720488963,3
AT2G31880,heat_drought,up,0.8383428266666684,0.7631061156666679,0.0897445634492382,4
AT2G32140,heat_drought,up,1.1440294526666674,0.45807988333333327,0.5995908302311841,3
AT2G32160,heat_drought,up,1.2658156123333324,0.694098894333333,0.4516587664344962,4
AT2G33080,heat_drought,up,4.323559126333333,0.5281212059999993,0.8778503564844546,4
AT2G34500,heat_drought,up,5.600965201,0.6649190330000003,0.8812849198060925,3
AT2G36780,heat_drought,up,9.998352149,0.7029857420000003,0.9296898397332094,6
AT2G37710,heat_drought,up,0.5868353486666678,0.48476542666666766,0.17393281136167127,3
AT2G37760,heat_drought,up,3.763086422999999,0.36079442366666736,0.9041227377980239,3
AT2G37770,heat_drought,up,6.348436867666668,0.5420000599999995,0.9146246436251939,5
AT2G37870,heat_drought,up,8.855249401333333,0.5748878423333332,0.9350794295814218,4
AT2G38250,heat_drought,up,1.2451105763333334,0.3468273566666671,0.7214485498243679,3
AT2G38470,heat_drought,up,2.5762852806666663,0.646035348999999,0.7492376508734995,5
AT2G39050,heat_drought,up,4.204190043333332,0.346317275333333,0.9176256849086794,2
AT2G39210,heat_drought,up,2.098851623,0.7585280363333338,0.6385985421641529,4
AT2G40300,heat_drought,up,0.7850161779999993,0.3738086626666668,0.5238204343520331,1
AT2G41100,heat_drought,up,1.400291570666667,0.9314979466666671,0.334782865097739,3
AT2G43570,heat_drought,up,5.536282663666667,1.907310429333334,0.6554889724380282,8
AT2G43820,heat_drought,up,2.5606140139999995,0.3764607113333325,0.8529802971962753,2
AT2G44290,heat_drought,up,0.4937996179999997,0.5193104469999996,-0.051662310115436094,4
AT2G45220,heat_drought,up,1.2537657006666674,1.046567000333333,0.16526110119551063,4
AT2G45510,heat_drought,up,0.986092022666667,0.3765982266666663,0.6180901802164062,3
AT2G45570,heat_drought,up,8.209666935333333,0.7576196893333331,0.9077161478899178,6
AT2G45760,heat_drought,up,0.5939965623333334,0.4688829613333336,0.21063017689619168,2
AT2G46270,heat_drought,up,6.561072358,0.6332950486666657,0.9034768991848595,5
AT2G46400,heat_drought,up,0.973444787,0.6726510440000002,0.30899928482538563,4
AT2G46430,heat_drought,up,1.201817080666669,0.7622460896666672,0.3657553200659822,5
AT2G47000,heat_drought,up,1.0406194159999993,0.4318525710000003,0.5850043115090209,4
AT2G47130,heat_drought,up,0.5916158576666666,0.8408104539999997,-0.4212101367873349,4
AT2G47800,heat_drought,up,1.068857073666667,0.4015099796666668,0.6243557819294729,3
AT2G47880,heat_drought,up,0.37727323666666734,0.41268174733333396,-0.09385375697336085,2
AT3G01290,heat_drought,up,1.6745358369999996,1.1442217526666676,0.3166931830395531,3
AT3G01420,heat_drought,up,5.236133312000001,1.260967048666668,0.7591797279536744,6
AT3G01830,heat_drought,up,0.9523828166666659,0.49244957799999955,0.4829289552665701,3
AT3G04060,heat_drought,up,2.167473899,0.3780732486666665,0.8255696417654225,2
AT3G04640,heat_drought,up,1.340344126333333,0.3959352833333343,0.7046017693855524,3
AT3G07720,heat_drought,up,1.230683212999999,0.4124230683333341,0.6648828358290653,3
AT3G08860,heat_drought,up,4.577350280000002,0.5867682146666677,0.8718105063467707,2
AT3G08970,heat_drought,up,1.6766443719999993,0.5389725529999989,0.6785409225707888,3
AT3G09520,heat_drought,up,0.46820438333333225,0.3708282486666663,0.20797783645980994,1
AT3G11010,heat_drought,up,0.5224785336666677,0.9118598616666684,-0.7452580401100637,4
AT3G12580,heat_drought,up,6.021658032666667,0.3666392883333325,0.9391132332084677,5
AT3G13080,heat_drought,up,0.39326655633333196,0.5789589163333329,-0.4721793831932366,3
AT3G13100,heat_drought,up,0.7004461673333351,0.8404000733333348,-0.19980679819095504,4
AT3G13330,heat_drought,up,1.675392650000001,0.34766276999999945,0.7924887816596311,3
AT3G13380,heat_drought,up,1.017835819000001,0.5194681476666672,0.4896346365791764,4
AT3G13950,heat_drought,up,1.6162376423333331,0.8239520526666668,0.49020364884142775,4
AT3G14050,heat_drought,up,2.914753232999999,0.5086259699999989,0.8254994747955052,4
AT3G14360,heat_drought,up,5.774385367333333,0.35096931700000056,0.9392196234450348,2
AT3G14620,heat_drought,up,1.9844446143333343,0.6298550073333331,0.6826038868588277,3
AT3G14990,heat_drought,up,2.300834354999999,0.36512421133333284,0.8413079105239052,3
AT3G15670,heat_drought,up,9.443811876666667,0.5285450703333332,0.9440326557500327,4
AT3G16410,heat_drought,down,-0.8459204233333333,-0.35487480533333393,0.5804867744711062,2
AT3G16990,heat_drought,up,3.4813048969999985,0.3705078696666666,0.8935721286618847,5
AT3G19010,heat_drought,up,1.0792935633333336,0.4279300016666667,0.6035091691411274,4
AT3G20250,heat_drought,up,4.198773902333334,0.37391806533333316,0.9109458918172422,2
AT3G21520,heat_drought,up,0.7487327056666668,0.43534254000000017,0.4185608072077285,1
AT3G22160,heat_drought,up,0.5760278119999995,0.49667141199999953,0.13776487583901598,3
AT3G22600,heat_drought,up,4.100662418333332,1.234602010333333,0.698926201578153,5
AT3G22910,heat_drought,up,1.7955781649999993,0.6242970876666663,0.6523141683076401,3
AT3G25010,heat_drought,up,1.2385276056666656,1.1991917226666677,0.03176019881997261,5
AT3G25020,heat_drought,up,0.4636602373333334,0.517264776666666,-0.1156116807462948,3
AT3G25610,heat_drought,up,0.7977210256666654,0.4819670853333333,0.39582000495656056,3
AT3G25882,heat_drought,up,0.3519805609999995,0.5284325159999996,-0.501311647719092,3
AT3G26210,heat_drought,up,1.154635082333333,0.7284010866666657,0.36915039408409145,4
AT3G26220,heat_drought,up,0.7644606060000001,0.391853171666666,0.487412211183756,3
AT3G26440,heat_drought,up,1.3165040760000002,0.6408700313333338,0.5132031544630526,4
AT3G26830,heat_drought,up,4.774112632333332,1.914248047,0.599035843009758,7
AT3G28210,heat_drought,up,2.0610109260000007,0.852076687666667,0.5865734252460403,4
AT3G28540,heat_drought,up,1.278016851666667,0.7860131923333338,0.384974312890874,4
AT3G29250,heat_drought,up,1.5662032769999992,0.49784242400000034,0.6821342214571291,3
AT3G44300,heat_drought,up,1.5977423279999998,0.6021470743333337,0.6231262927814643,5
AT3G44400,heat_drought,up,0.7612246213333336,0.4491353949999999,0.4099830951167731,3
AT3G45730,heat_drought,up,0.8816698813333339,0.3995477473333331,0.5468284039269845,3
AT3G46230,heat_drought,up,8.097288499,0.4224315486666663,0.9478304930448216,3
AT3G47090,heat_drought,up,0.3556791403333328,0.35036612933333267,0.014937651375959038,2
AT3G48020,heat_drought,up,8.907972822,0.579808941,0.934911235969642,3
AT3G48850,heat_drought,up,1.446857826000001,0.5382744993333337,0.6279700122150541,4
AT3G49120,heat_drought,up,5.023250145,0.6177293283333309,0.8770259671523225,7
AT3G49130,heat_drought,up,5.7362265353333335,0.35777537899999956,0.9376287918902406,4
AT3G49580,heat_drought,up,0.782881350666667,0.3796337200000002,0.5150814108974228,2
AT3G50480,heat_drought,up,0.7827663643333347,1.5983880123333352,-1.041973295179396,5
AT3G50930,heat_drought,up,1.641000745666667,0.658708891333335,0.5985931797576787,4
AT3G51430,heat_drought,up,2.083876158999998,0.368247274999999,0.8232873515973655,3
AT3G51440,heat_drought,up,3.5710102673333326,0.6826141950000011,0.808845636417129,4
AT3G51660,heat_drought,up,1.7849883123333328,0.34487556299999866,0.8067911366045988,4
AT3G51860,heat_drought,up,4.262206470999998,0.8002526569999988,0.8122445117464608,6
AT3G51890,heat_drought,up,1.9672321093333336,0.3480616679999997,0.8230703604578959,3
AT3G52400,heat_drought,up,1.4225118880000007,0.6513548030000003,0.5421094132887838,3
AT3G53230,heat_drought,up,3.9021461950000003,0.47421147633333316,0.8784741901928323,4
AT3G54150,heat_drought,up,0.941977305,0.5018474486666662,0.46724040377313947,3
AT3G55880,heat_drought,up,4.5603768716666675,0.3538491956666663,0.9224079049551565,3
AT3G55970,heat_drought,up,1.6460146340000001,0.5614621886666669,0.6588959921320683,5
AT3G56400,heat_drought,up,0.5563057496666648,0.9813203929999972,-0.7639946982176595,5
AT3G56710,heat_drought,up,1.9339914233333326,0.7668490289999994,0.6034889194708547,7
AT3G57260,heat_drought,up,1.1999572420000009,1.6494230180000011,-0.3745681598211479,6
AT3G60140,heat_drought,up,1.649688028666667,0.5337072583333335,0.6764798864639312,4
AT3G60420,heat_drought,up,2.061652955333334,0.7559632896666661,0.6333217539299965,4
AT3G61190,heat_drought,up,0.5335129496666675,0.4044698936666671,0.24187427143169626,1
AT3G61280,heat_drought,up,0.8190009966666665,0.7664695466666673,0.06414088653591643,4
AT3G62260,heat_drought,up,2.5984883479999983,0.37931568966666607,0.8540244792867294,2
AT3G63380,heat_drought,up,1.0414054373333341,0.6920821900000007,0.33543443774196624,5
AT4G00700,heat_drought,up,3.5417618413333347,1.0224534976666666,0.7113150055053524,4
AT4G01870,heat_drought,up,3.8710820823333325,0.3439057880000007,0.9111602955748466,3
AT4G01985,heat_drought,up,10.229839511333333,0.3528599159999999,0.9655067984586584,7
AT4G02380,heat_drought,up,5.696870592000001,0.9425272986666675,0.8345535003041425,4
AT4G03320,heat_drought,up,3.3905432563333333,0.44123239466666675,0.8698638060899324,3
AT4G04490,heat_drought,up,3.2515709583333336,1.2529888199999997,0.6146512451808072,5
AT4G04500,heat_drought,up,0.7376387583333344,0.7110427393333332,0.03605561489216458,4
AT4G04620,heat_drought,up,1.9976930906666661,0.37513668699999947,0.8122150550789513,2
AT4G05020,heat_drought,up,2.202605115,0.3733769789999988,0.8304839226708148,4
AT4G08470,heat_drought,up,1.0743131480000017,0.45195914566666673,0.5793040916346803,3
AT4G08850,heat_drought,up,0.46882382233333253,0.4032610863333339,0.13984514625066058,3
AT4G11170,heat_drought,up,0.6369509803333342,0.495878198333334,0.22148137981697247,2
AT4G11840,heat_drought,up,0.9552402683333323,0.39811098066666517,0.5832347171028767,3
AT4G11850,heat_drought,up,0.7135628533333307,0.40446028633333064,0.4331819762702911,3
AT4G11890,heat_drought,up,2.2328597336666673,1.0459082936666686,0.5315835213933742,4
AT4G12120,heat_drought,up,1.6087646803333326,0.4083411356666655,0.7461772124546779,2
AT4G12290,heat_drought,up,4.140937366000001,0.461019223000001,0.8886679072266844,7
AT4G12580,heat_drought,up,7.091613495333334,0.41466754666666716,0.9415270520679757,3
AT4G12720,heat_drought,up,1.7185618503333338,0.4828547833333321,0.71903555101047,3
AT4G14365,heat_drought,up,1.6716617393333335,1.1530270053333327,0.31025100461223376,4
AT4G14370,heat_drought,up,1.1982509823333327,0.45049022333333344,0.6240435184487795,3
AT4G15610,heat_drought,up,3.4600088870000008,0.4116987043333342,0.8810122407834919,4
AT4G16260,heat_drought,up,0.8376347146666667,0.3661397766666665,0.5628884879581784,4
AT4G17670,heat_drought,up,0.724011923,0.40184568899999995,0.4449736582583875,3
AT4G20110,heat_drought,up,2.8155391203333338,0.832746075666666,0.7042321061523462,4
AT4G20830,heat_drought,up,1.9630629543333349,0.439794173000001,0.7759653239702865,3
AT4G21120,heat_drought,up,0.4131553726666666,0.3770300763333325,0.08743755672392017,1
AT4G21380,heat_drought,up,0.6735084696666664,0.6619075013333315,0.01722468069195393,5
AT4G23220,heat_drought,up,1.0846348099999998,0.7462150449999996,0.3120126349254827,4
AT4G23230,heat_drought,up,0.48681262699999905,0.3674317156666662,0.24522969354558888,3
AT4G23320,heat_drought,up,0.5430811120000003,0.4302399433333335,0.20777958609370084,3
AT4G23470,heat_drought,up,0.5996776756666655,0.37133853166666597,0.38076979228241814,3
AT4G23810,heat_drought,up,0.6020995276666667,0.45855458700000007,0.23840732980301516,3
AT4G24000,heat_drought,up,11.091337917333332,0.3460671943333331,0.9687984265818368,7
AT4G25070,heat_drought,up,0.9066109746666662,0.38802519633333343,0.5720047438472728,3
AT4G25100,heat_drought,up,0.7788809133333334,0.5089969666666665,0.3465021957100728,1
AT4G26060,heat_drought,up,1.5985332686666673,0.3948991806666662,0.7529615501865341,3
AT4G26270,heat_drought,up,2.4757801916666677,0.5912931756666655,0.7611689528590123,5
AT4G28490,heat_drought,up,1.1557879439999983,0.3996813949999991,0.6541914136802939,2
AT4G31800,heat_drought,up,0.7003533763333332,0.798140987666665,-0.13962610110526508,2
AT4G33050,heat_drought,up,2.251878174,0.6148226046666654,0.7269734163395887,4
AT4G34135,heat_drought,up,1.402601286666667,0.46266978966666716,0.6701344893485599,3
AT4G34390,heat_drought,up,1.2884195529999989,0.41553102233333306,0.6774878017290278,3
AT4G37370,heat_drought,up,3.3930206653333332,0.8202587703333322,0.7582511716730882,4
AT4G37530,heat_drought,up,1.9279385906666677,0.4427126440000002,0.7703699453171311,2
AT4G37990,heat_drought,up,1.935300804333333,0.6246614023333334,0.6772277462321858,5
AT4G38560,heat_drought,up,0.9630106940000003,0.49113135066666835,0.49000426088033844,4
AT4G39030,heat_drought,up,0.7696192916666655,0.8290181040000002,-0.0771794742887777,4
AT4G39670,heat_drought,up,5.247545432999999,0.7775723153333338,0.8518217087853208,4
AT5G02490,heat_drought,up,1.6030955276666674,0.8483976956666677,0.47077533370607993,5
AT5G05190,heat_drought,up,0.7516568286666674,0.3691428416666671,0.5088944481200628,3
AT5G05250,heat_drought,down,-0.5417655326666679,-0.42647924433333273,0.21279738444392216,1
AT5G06320,heat_drought,up,2.0163247020000004,0.5184782233333323,0.7428597572508775,4
AT5G08240,heat_drought,up,1.5353509050000005,0.45176327400000016,0.705758942448404,3
AT5G08790,heat_drought,up,1.1568653413333339,0.48614226266666716,0.5797762753386936,4
AT5G13080,heat_drought,up,1.0145299066666662,0.35309398666666647,0.6519629590548098,2
AT5G13210,heat_drought,up,3.715894912666668,0.4588208730000005,0.8765247985253886,4
AT5G13320,heat_drought,up,2.262375427666667,0.7965750069999986,0.6479032625360692,4
AT5G13370,heat_drought,up,3.593108979666666,0.45921159299999914,0.8721965864106354,7
AT5G17760,heat_drought,up,1.395653001666667,0.7988630396666663,0.4276062612177407,5
AT5G18270,heat_drought,up,1.6406525626666664,0.5965404863333337,0.6364004787438146,3
AT5G18470,heat_drought,up,1.0392218423333333,0.5213212819999997,0.4983541908342757,4
AT5G18780,heat_drought,up,1.4749240030000017,0.3770534750000003,0.7443573538480139,2
AT5G20230,heat_drought,up,1.8164269046666677,0.550989951,0.6966627450934437,3
AT5G22520,heat_drought,up,0.8143052239999999,0.37473578533333285,0.5398091842115791,2
AT5G24210,heat_drought,up,0.45021691733333213,0.5428647360000003,-0.20578484525954277,2
AT5G24380,heat_drought,up,2.8456057243333346,0.3959908393333338,0.8608412838268007,3
AT5G24530,heat_drought,up,2.7555648506666683,1.3076279843333323,0.5254591870639622,6
AT5G24810,heat_drought,up,1.1438720969999974,0.35565841499999884,0.6890750146517477,3
AT5G25250,heat_drought,up,1.5533576396666664,1.2030773526666678,0.22549880211434437,4
AT5G25260,heat_drought,up,1.164776068000001,0.9082028813333345,0.2202768357931838,3
AT5G25930,heat_drought,up,1.2892194456666672,0.40250395333333344,0.6877925207487117,4
AT5G26170,heat_drought,up,0.43352761833333275,0.3859324349999991,0.10978581599093984,3
AT5G26340,heat_drought,up,3.858280656,0.5263847843333327,0.8635701154827207,5
AT5G26920,heat_drought,up,2.274407815000001,0.880772997666667,0.6127462314111567,4
AT5G27600,heat_drought,up,2.453302561666666,0.3755707676666642,0.8469121691164265,4
AT5G35735,heat_drought,up,0.8587102713333312,0.5081692666666644,0.40821801761189724,4
AT5G37600,heat_drought,up,1.569236843333334,0.5480276600000007,0.6507680390450852,3
AT5G37740,heat_drought,up,0.9554178649999994,0.353209692666665,0.6303086789499532,3
AT5G38900,heat_drought,up,0.8889663353333335,0.8271009659999997,0.06959247709885019,3
AT5G39050,heat_drought,up,2.930442938666668,0.3580589473333342,0.8778140524052488,3
AT5G39520,heat_drought,up,7.596298762,0.47777578366666695,0.9371041347061401,5
AT5G39670,heat_drought,up,1.8175213359999995,1.0692488840000003,0.41169940466657573,4
AT5G40780,heat_drought,up,1.5173233633333325,0.6817188203333329,0.55070960033483,4
AT5G41740,heat_drought,up,0.7142637923333313,0.41803204333333177,0.414737177188109,2
AT5G41750,heat_drought,up,2.1250105196666658,0.8485820746666661,0.6006692358399351,4
AT5G42380,heat_drought,up,1.5634276626666668,0.5615180706666671,0.6408416685496587,4
AT5G43910,heat_drought,up,0.34338554966666646,0.5461256536666665,-0.5904153631298852,4
AT5G44820,heat_drought,up,0.6102514036666662,0.42039222566666723,0.31111633149754225,3
AT5G45110,heat_drought,up,1.0166069239999977,0.3480281276666659,0.6576571342861848,3
AT5G45380,heat_drought,up,2.258468009666667,0.8596639926666674,0.6193596770079788,4
AT5G45630,heat_drought,up,7.306778177666665,0.5053163929999998,0.9308427899803349,4
AT5G48380,heat_drought,up,1.6987077783333326,0.6059704896666656,0.643275613736692,4
AT5G48400,heat_drought,up,1.1395395636666663,0.5239258283333328,0.5402302429522408,3
AT5G48570,heat_drought,up,1.4738565423333343,0.44630406833333414,0.6971862216476181,5
AT5G48657,heat_drought,up,0.47002241566666747,0.6553826586666665,-0.3943646873460043,3
AT5G50200,heat_drought,up,1.0317824460000002,0.5031706940000005,0.512328692981078,3
AT5G51440,heat_drought,up,0.7186237819999999,0.3817142973333336,0.46882596026673984,4
AT5G52300,heat_drought,up,10.823521427,0.3708069183333338,0.9657406398800735,5
AT5G52640,heat_drought,up,3.503110265000001,0.5918326106666667,0.831055100782942,5
AT5G52750,heat_drought,up,1.4628575123333336,0.6157313249999996,0.5790900208606946,4
AT5G52760,heat_drought,up,1.5328716369999995,0.6221873163333322,0.5941034452493217,4
AT5G52810,heat_drought,up,0.7753628309999998,0.3698720143333345,0.5229691190428825,3
AT5G53550,heat_drought,up,1.1084550436666678,0.48249072766666856,0.5647178201556705,3
AT5G54190,heat_drought,down,-2.3304148159999993,-0.47356961066666514,0.7967874185251209,1
AT5G54860,heat_drought,up,1.741479595333332,0.4150434470000004,0.7616719437240618,3
AT5G55460,heat_drought,up,0.9225837703333335,0.5096058749999992,0.447631866734577,4
AT5G57480,heat_drought,up,4.313796387,0.3817287149999995,0.9115097976922666,4
AT5G59820,heat_drought,up,1.2451054823333347,0.403876522,0.6756286694335863,3
AT5G60900,heat_drought,up,1.5060523490000017,0.9850268246666669,0.34595445814303116,4
AT5G61010,heat_drought,up,1.183693871000001,0.45877881633333395,0.6124176803029728,4
AT5G61250,heat_drought,up,0.4092004566666674,0.4179765443333343,-0.021446915622129747,2
AT5G62480,heat_drought,up,6.422432275666666,0.36549260666666683,0.9430912478358944,4
AT5G64000,heat_drought,up,0.5947658870000003,0.5007006300000008,0.15815509775529457,4
AT5G64510,heat_drought,up,1.5441115130000007,0.5125736593333343,0.6680462162104648,3
AT5G67340,heat_drought,up,1.7659658289999998,0.4890054279999987,0.7230946261984559,4
AT1G01480,heat_drought_high_light,up,1.5885357526666666,0.7032150860000002,0.5573186912415936,5
AT1G01560,heat_drought_high_light,up,0.6782173806666663,0.6787181736666668,-0.0007383959985045596,4
AT1G02470,heat_drought_high_light,up,0.6453736086666657,0.37449233233333246,0.41972784863789325,2
AT1G02850,heat_drought_high_light,up,1.762727895666666,0.4994083369999993,0.7166843854756594,4
AT1G02930,heat_drought_high_light,up,1.1430070410000006,0.5667402863333333,0.5041672833113082,4
AT1G05680,heat_drought_high_light,up,0.8968280086666667,0.4655781113333335,0.4808613169591811,5
AT1G07000,heat_drought_high_light,up,0.705837273666666,0.4368051149999985,0.38115323276866053,4
AT1G07620,heat_drought_high_light,up,0.35386470333333353,0.4172026406666669,-0.1789891354992541,3
AT1G07900,heat_drought_high_light,up,1.2369321243333338,0.3817454493333332,0.6913772050838427,3
AT1G08050,heat_drought_high_light,up,0.47986162499999985,0.46610932699999985,0.028658882651847795,4
AT1G08450,heat_drought_high_light,up,0.5911047199999988,0.39036729600000086,0.3395970581997694,4
AT1G09500,heat_drought_high_light,up,3.490507274333333,0.6253325983333333,0.8208476450023247,7
AT1G10070,heat_drought_high_light,up,2.0256878223333343,0.4235635523333343,0.7909038363841063,6
AT1G11330,heat_drought_high_light,up,0.6348868750000012,0.4072442726666665,0.3585561637785223,4
AT1G14370,heat_drought_high_light,up,0.480063758,0.40235611733333343,0.1618694170757764,4
AT1G14880,heat_drought_high_light,up,0.34692936466666513,1.3587848766666655,-2.9166038250241693,3
AT1G15790,heat_drought_high_light,up,0.969222482666666,0.3879565703333334,0.5997239258565992,4
AT1G17380,heat_drought_high_light,up,0.5333542963333331,0.44268958133333314,0.16998965907520647,2
AT1G19020,heat_drought_high_light,up,0.4539195850000004,0.7361353526666665,-0.6217307580298961,4
AT1G19180,heat_drought_high_light,up,1.1374099223333323,0.6040919250000005,0.46888811752165827,5
AT1G21240,heat_drought_high_light,up,0.9912492076666659,0.9859294013333324,0.005366769821542605,4
AT1G21250,heat_drought_high_light,up,1.962407022999999,0.6954879636666664,0.6455944380980404,7
AT1G21310,heat_drought_high_light,up,1.6084574010000008,0.6560763786666683,0.5921083279801029,7
AT1G21520,heat_drought_high_light,up,0.533747058666667,0.37895226099999935,0.2900152706290403,2
AT1G24140,heat_drought_high_light,up,0.37614315166666756,0.35285448566666666,0.06191436929480232,4
AT1G24145,heat_drought_high_light,up,1.2746342020000005,0.44971600233333486,0.6471803426993443,4
AT1G27730,heat_drought_high_light,up,1.357452322666667,0.5166543053333337,0.6193941424635934,4
AT1G30190,heat_drought_high_light,up,3.673869455333333,0.5135871029999999,0.8602054021668002,5
AT1G30220,heat_drought_high_light,up,3.3754586683333336,0.580270242333333,0.8280914390162427,6
AT1G30900,heat_drought_high_light,up,0.6091593923333329,0.507646471000001,0.16664426849678105,4
AT1G32350,heat_drought_high_light,up,0.8597605200000009,1.0565907149999996,-0.22893607047692588,4
AT1G32940,heat_drought_high_light,up,0.37073524266666613,0.5553645266666676,-0.49800845118467607,4
AT1G35710,heat_drought_high_light,up,1.1036482493333342,0.5897731240000006,0.4656149508176569,4
AT1G43160,heat_drought_high_light,up,2.170683452333334,0.5737237830000004,0.7356944042747057,4
AT1G43910,heat_drought_high_light,up,0.8073419309999998,0.6315587990000004,0.2177307101865361,4
AT1G45145,heat_drought_high_light,up,1.4237665066666656,0.5891509283333329,0.5862025651153586,4
AT1G51760,heat_drought_high_light,up,0.6754081120000031,0.4766449096666676,0.29428607504396476,3
AT1G52890,heat_drought_high_light,up,2.729617045333333,0.9161828446666673,0.6643548052892578,5
AT1G56120,heat_drought_high_light,up,0.3559949963333331,0.347398425333334,0.02414801075448203,3
AT1G57630,heat_drought_high_light,up,0.4371588603333336,0.6384930163333333,-0.4605514705717788,4
AT1G58225,heat_drought_high_light,up,0.38978664066666724,0.5408272770000009,-0.3874956721836411,3
AT1G58340,heat_drought_high_light,up,0.9544295853333331,0.3929055273333333,0.5883347149217806,5
AT1G60730,heat_drought_high_light,up,0.6146309836666655,0.39940362633333404,0.35017329593337954,4
AT1G61120,heat_drought_high_light,up,0.438366250333333,0.6053495163333338,-0.38092181109523593,3
AT1G61800,heat_drought_high_light,up,2.5674420289999986,1.1248905603333315,0.561863306891697,7
AT1G63720,heat_drought_high_light,up,0.7882380843333348,0.4284782870000008,0.4564100675719147,4
AT1G63840,heat_drought_high_light,up,0.8875427116666668,0.43308268699999886,0.5120429909375999,3
AT1G65690,heat_drought_high_light,up,0.6370834206666673,0.40099375966666706,0.3705788807891869,4
AT1G65790,heat_drought_high_light,up,1.2318690933333336,0.4177463706666673,0.6608841207824437,3
AT1G66880,heat_drought_high_light,up,0.7269791443333311,0.4644414769999994,0.36113507434121683,4
AT1G67970,heat_drought_high_light,up,1.1796457833333331,0.4725964996666665,0.5993742305158356,6
AT1G68620,heat_drought_high_light,up,0.37224878666666683,0.6112262863333342,-0.6419832870554436,3
AT1G72120,heat_drought_high_light,up,1.6007511243333346,0.6600533020000006,0.5876602602575756,5
AT1G72900,heat_drought_high_light,up,0.5349421740000002,0.4587202513333324,0.14248628425895582,4
AT1G73260,heat_drought_high_light,up,0.7239971613333331,0.932809672666667,-0.28841620172761306,5
AT1G73500,heat_drought_high_light,up,1.304855859,0.3475886406666673,0.7336191286805822,3
AT1G73805,heat_drought_high_light,up,0.4193139979999998,0.7586330169999984,-0.8092241628432322,5
AT1G73810,heat_drought_high_light,up,0.8584337929999997,0.598095077,0.30327174689871483,6
AT1G74360,heat_drought_high_light,up,0.6900600910000012,0.3569125710000014,0.48278044817404053,4
AT1G76040,heat_drought_high_light,up,0.5356181246666685,0.40321236033333285,0.2472017996324074,4
AT1G76930,heat_drought_high_light,up,0.6117051470000003,0.4672744790000021,0.23611157877015243,5
AT1G80160,heat_drought_high_light,up,4.371788715999999,1.058415964666667,0.7578986466585071,8
AT1G80840,heat_drought_high_light,up,0.7859532429999989,0.4095679263333327,0.4788902139139932,4
AT2G01540,heat_drought_high_light,up,1.1011361703333336,0.3721028739999994,0.662073698035587,3
AT2G04070,heat_drought_high_light,up,0.5820269396666671,0.594726161333333,-0.021818958541573563,5
AT2G05440,heat_drought_high_light,up,2.6697005143333348,1.0902660656666665,0.5916148422592178,6
AT2G13810,heat_drought_high_light,up,0.844463244,0.740053452333334,0.12364042178094603,5
AT2G14560,heat_drought_high_light,up,1.9640415483333342,1.087601551333334,0.4462431040441779,6
AT2G14610,heat_drought_high_light,up,0.4732980453333342,1.6464963666666668,-2.4787728005660212,6
AT2G16595,heat_drought_high_light,up,0.7228538816666674,0.35116631133333254,0.5141946107785207,5
AT2G17040,heat_drought_high_light,up,0.48684118366666596,0.45323965866666693,0.0690194793031429,4
AT2G17500,heat_drought_high_light,up,1.3838319073333336,0.6363590436666682,0.5401471520533572,5
AT2G18660,heat_drought_high_light,up,0.4070078146666667,0.7806522913333334,-0.9180277704807116,4
AT2G19900,heat_drought_high_light,up,3.899562367333333,0.3562434593333328,0.908645272013704,7
AT2G23170,heat_drought_high_light,up,0.7752918043333326,0.6616663686666664,0.14655828299948537,5
AT2G23680,heat_drought_high_light,up,0.3760114879999996,0.42277701733333206,-0.12437260782131343,3
AT2G24850,heat_drought_high_light,up,1.6526426180000007,1.373388493666666,0.16897429685752818,5
AT2G25510,heat_drought_high_light,up,0.8032511633333339,0.40653702666666724,0.49388554262452755,3
AT2G26440,heat_drought_high_light,up,0.393075985666667,0.4860229333333326,-0.23646050905151372,4
AT2G26560,heat_drought_high_light,up,0.42924748233333254,0.5164582266666677,-0.20317124251788066,6
AT2G29120,heat_drought_high_light,up,0.6204281293333329,0.47436154566666744,0.2354286931245655,4
AT2G29350,heat_drought_high_light,up,2.225713705333333,1.3127438573333334,0.41019195137825193,5
AT2G29460,heat_drought_high_light,up,1.6044092669999994,0.9975086656666665,0.3782704412248531,4
AT2G29720,heat_drought_high_light,up,0.41266969499999995,0.3939417993333336,0.045382289743050586,3
AT2G30140,heat_drought_high_light,up,0.8026894696666682,0.4113018843333336,0.4875952658203746,3
AT2G30250,heat_drought_high_light,up,0.578811426333333,0.34851553933333257,0.397877229996795,4
AT2G30770,heat_drought_high_light,up,0.9775185113333329,0.46207198966666585,0.5273010338838486,2
AT2G31880,heat_drought_high_light,up,0.8625799086666674,0.5259833176666682,0.3902207640336689,4
AT2G32160,heat_drought_high_light,up,0.9378055219999979,0.4385282703333324,0.5323889014876867,4
AT2G32680,heat_drought_high_light,up,0.6148275143333342,0.8737334270000003,-0.4211033283821095,3
AT2G33080,heat_drought_high_light,up,0.8987216519999999,0.43526211866666653,0.5156875127042487,4
AT2G36780,heat_drought_high_light,up,0.8055952040000005,0.770434627,0.04364546465199726,6
AT2G37760,heat_drought_high_light,up,1.7780951626666681,0.35557944233333405,0.80002226551246,3
AT2G37770,heat_drought_high_light,up,2.37939201,0.6625810800000007,0.7215334517324866,5
AT2G38470,heat_drought_high_light,up,1.1999936180000015,0.44497632066666704,0.6291844273236239,5
AT2G39030,heat_drought_high_light,up,2.0508966369999992,0.5406076520000003,0.7364042427848594,3
AT2G39210,heat_drought_high_light,up,1.0501303360000005,0.5434888276666667,0.4824558352091388,4
AT2G39330,heat_drought_high_light,up,1.4708881373333336,0.5365869886666665,0.6351952435761165,5
AT2G40750,heat_drought_high_light,up,1.0953277023333339,0.5867444989999999,0.46432058848682367,6
AT2G41090,heat_drought_high_light,up,0.7278863766666674,0.34743966666666637,0.5226732113633514,2
AT2G42360,heat_drought_high_light,up,0.34359319,0.4540201183333341,-0.32138858262392844,3
AT2G42560,heat_drought_high_light,up,3.867842534666668,1.1463323033333332,0.703624877936732,4
AT2G43510,heat_drought_high_light,up,0.3841115506666668,0.40692938699999903,-0.0594041920731867,3
AT2G43570,heat_drought_high_light,up,2.772795481000001,1.3228901933333326,0.522903797846556,8
AT2G44290,heat_drought_high_light,up,0.6593595563333325,0.4841071556666652,0.2657918566331816,4
AT2G45220,heat_drought_high_light,up,0.368923182333333,0.9051354236666667,-1.4534522822392062,4
AT2G45570,heat_drought_high_light,up,2.289912133666666,0.6399702056666672,0.7205263048054467,6
AT2G46270,heat_drought_high_light,up,3.8046403176666663,0.45006583199999994,0.8817060761538639,5
AT2G46400,heat_drought_high_light,up,0.6777617559999998,0.4084283276666669,0.3973865830419221,4
AT2G46430,heat_drought_high_light,up,1.6047574766666672,0.5058215463333342,0.6847987601316525,5
AT2G47000,heat_drought_high_light,up,0.5431118646666651,0.42208868466666605,0.22283287822164777,4
AT2G47130,heat_drought_high_light,up,0.929075378666667,0.573078464,0.38317333861280956,4
AT3G01420,heat_drought_high_light,up,1.1810225566666679,1.5926217400000011,-0.3485108569772246,6
AT3G05727,heat_drought_high_light,down,-0.5605654616666671,-0.5281315769999999,0.05785922766314411,3
AT3G05730,heat_drought_high_light,down,-1.2317597326666672,-0.4310704233333347,0.6500369253019015,1
AT3G09940,heat_drought_high_light,up,0.4019936626666665,0.7372308803333336,-0.8339365736336151,2
AT3G11010,heat_drought_high_light,up,1.0659588990000017,0.5855035116666674,0.45072599683164105,4
AT3G12580,heat_drought_high_light,up,2.9674218989999988,0.5251317936666666,0.8230343336605986,5
AT3G13100,heat_drought_high_light,up,0.3904816163333349,0.6153354173333341,-0.5758370985845658,4
AT3G13380,heat_drought_high_light,up,0.5507039440000012,0.434290114666668,0.2113909489875252,4
AT3G13950,heat_drought_high_light,up,0.44216382233333373,0.728275232333333,-0.647071052738251,4
AT3G14050,heat_drought_high_light,up,1.2991950673333328,0.4414477789999989,0.6602143972836243,4
AT3G14990,heat_drought_high_light,up,0.8202733836666649,0.40085253266666676,0.5113183718398433,3
AT3G15670,heat_drought_high_light,up,2.690883599,0.503462715,0.8129005969685573,4
AT3G16670,heat_drought_high_light,down,-1.0721919929999988,-0.45176508900000023,0.5786528047687065,2
AT3G16990,heat_drought_high_light,up,1.860604512666666,0.4063916323333334,0.7815808627966389,5
AT3G19010,heat_drought_high_light,up,0.6634095156666682,0.3932117599999998,0.4072865240637126,4
AT3G22231,heat_drought_high_light,up,0.808367861333334,0.588129519333334,0.2724481668985895,5
AT3G22235,heat_drought_high_light,up,1.2869838426666682,0.6916829293333322,0.46255507924625927,6
AT3G22600,heat_drought_high_light,up,1.1994719846666664,0.8168195410000001,0.31901740812479706,5
AT3G23120,heat_drought_high_light,up,1.7789521043333334,0.5926662896666652,0.6668452803068757,4
AT3G24500,heat_drought_high_light,up,1.507067691333332,0.35330534033333194,0.7655677031860753,4
AT3G25010,heat_drought_high_light,up,1.0538834316666668,1.1390419236666665,-0.08080446986942902,5
AT3G26210,heat_drought_high_light,up,0.5110638273333326,0.5534875973333335,-0.08301070772580976,4
AT3G26220,heat_drought_high_light,up,0.5040917006666668,0.41970623266666607,0.16740102621884068,3
AT3G26440,heat_drought_high_light,up,0.3700292369999998,0.591356776333333,-0.5981352747359616,4
AT3G26830,heat_drought_high_light,up,1.4780482789999994,1.2056979643333339,0.18426347673225474,7
AT3G28210,heat_drought_high_light,up,0.43812398633333327,0.6784692983333338,-0.5485783008856793,4
AT3G28540,heat_drought_high_light,up,1.1088846266666668,0.5100411003333329,0.5400413279544434,4
AT3G28580,heat_drought_high_light,up,0.36876315366666645,0.5915159053333339,-0.6040537115810078,3
AT3G44300,heat_drought_high_light,up,1.3022342410000007,0.696763834666668,0.4649473860158868,5
AT3G44720,heat_drought_high_light,up,0.47954942866666705,0.40514133799999996,0.1551625050905605,3
AT3G48020,heat_drought_high_light,up,2.074598196333332,0.4807200953333335,0.7682827951055952,3
AT3G48080,heat_drought_high_light,up,0.5441195846666673,0.3679080363333336,0.3238470977685587,3
AT3G48090,heat_drought_high_light,up,0.35986913366666684,0.3707590956666671,-0.030260894812076833,3
AT3G48850,heat_drought_high_light,up,0.36101133233333416,0.5345412480000005,-0.48067719798457786,4
AT3G49120,heat_drought_high_light,up,1.8022868883333327,0.5845653150000008,0.6756535717015739,7
AT3G50480,heat_drought_high_light,up,0.41113686833333407,0.8161054140000017,-0.9849969118759123,5
AT3G50930,heat_drought_high_light,up,0.8835764816666671,0.47001010533333343,0.4680595114451601,4
AT3G51440,heat_drought_high_light,up,1.5181739786666668,0.5659433513333338,0.6272210172971266,4
AT3G51660,heat_drought_high_light,up,0.6600439536666656,0.3841862149999997,0.41793843748469384,4
AT3G51860,heat_drought_high_light,up,2.2637936903333324,1.0214328550000005,0.5487959616807663,6
AT3G53230,heat_drought_high_light,up,1.7106486903333344,0.37443469033333354,0.781115378949975,4
AT3G55470,heat_drought_high_light,up,0.3553167753333337,0.3886101266666673,-0.09370047699577366,3
AT3G55970,heat_drought_high_light,up,0.4271316253333337,0.7628151860000001,-0.7859019111607546,5
AT3G56400,heat_drought_high_light,up,1.7538522939999979,0.7332743996666657,0.5819064112894636,5
AT3G56710,heat_drought_high_light,up,1.1812095576666666,0.5373679610000002,0.5450697486214858,7
AT3G57260,heat_drought_high_light,up,1.9851947646666668,1.0603114673333343,0.46589045759881864,6
AT3G60140,heat_drought_high_light,up,0.3599802473333322,0.4642975950000001,-0.28978631033072433,4
AT3G60420,heat_drought_high_light,up,1.258577444000001,0.5744579820000002,0.5435656464855573,4
AT3G61280,heat_drought_high_light,up,1.0923812880000003,0.5091820679999994,0.5338788080742012,4
AT3G63380,heat_drought_high_light,up,0.4957684533333335,0.8091109773333338,-0.6320340108234401,5
AT4G00700,heat_drought_high_light,up,1.010703159000001,0.821834214333335,0.18686885757192517,4
AT4G01010,heat_drought_high_light,up,0.7821018510000002,0.44372252033333304,0.4326537908509145,3
AT4G01985,heat_drought_high_light,up,4.717385620333332,0.779002573333333,0.8348656149763122,7
AT4G02360,heat_drought_high_light,up,3.8470991346666668,0.5222862280000009,0.864238947394514,3
AT4G02380,heat_drought_high_light,up,2.036596059,0.6376302020000013,0.6869137602509712,4
AT4G04490,heat_drought_high_light,up,1.1743508303333323,0.8310143116666673,0.29236281850221113,5
AT4G04500,heat_drought_high_light,up,0.38018817200000043,0.6161553066666663,-0.6206588001550599,4
AT4G05020,heat_drought_high_light,up,1.0215059959999993,0.37176553666666745,0.6360613269795552,4
AT4G10500,heat_drought_high_light,up,0.7835352403333342,0.7670674796666672,0.02101725591775705,4
AT4G11350,heat_drought_high_light,up,1.1968887839999995,0.3437996693333334,0.7127555425957325,2
AT4G11650,heat_drought_high_light,up,0.9306314666666662,0.4987902379999998,0.4640303322360616,3
AT4G11890,heat_drought_high_light,up,0.6499982416666672,0.749921066333334,-0.15372783841761417,4
AT4G11910,heat_drought_high_light,up,1.8531935610000003,0.38171234299999934,0.79402456870505,3
AT4G12290,heat_drought_high_light,up,2.7499639143333336,0.5699381970000008,0.7927470269593813,7
AT4G12480,heat_drought_high_light,up,0.4736681546666661,0.6198166563333318,-0.3085461841307753,7
AT4G12580,heat_drought_high_light,up,2.1743719020000007,0.38056725000000036,0.8249760081750724,3
AT4G14365,heat_drought_high_light,up,0.6561342753333337,0.6904859043333333,-0.05235457175674618,4
AT4G14400,heat_drought_high_light,up,1.5522512199999987,0.409755586666666,0.736024954345556,5
AT4G14690,heat_drought_high_light,down,-0.6024992913333342,-0.45616566500000033,0.242877673780324,1
AT4G15610,heat_drought_high_light,up,0.5094515666666668,0.6647118976666677,-0.30475974785172744,4
AT4G16260,heat_drought_high_light,up,0.5518715289999996,0.7054172329999995,-0.27822726111315665,4
AT4G20110,heat_drought_high_light,up,1.458812469999999,0.6481101616666658,0.555727569516412,4
AT4G20860,heat_drought_high_light,up,0.5970368813333335,0.5009412580000001,0.16095424979228712,3
AT4G21380,heat_drought_high_light,up,1.4499738556666646,0.4073734483333329,0.7190477285219519,5
AT4G22485,heat_drought_high_light,down,-0.4903218903333304,-0.358847763,0.2681384003556352,1
AT4G22513,heat_drought_high_light,down,-0.542675035666667,-0.40592291933333247,0.2519963280885712,1
AT4G23140,heat_drought_high_light,up,1.140705168666667,1.0825409840000004,0.050989673987935635,5
AT4G23170,heat_drought_high_light,up,1.1838327663333326,0.3538796063333338,0.7010729755103842,3
AT4G23220,heat_drought_high_light,up,0.8818762756666665,0.4345236969999995,0.507273628977585,4
AT4G23260,heat_drought_high_light,up,0.8208818876666655,0.3485776903333324,0.5753619423567073,2
AT4G24000,heat_drought_high_light,up,4.465049952666668,0.923617439333333,0.7931451049541518,7
AT4G25000,heat_drought_high_light,up,1.1745215583333328,0.5731648983333342,0.5120013811013691,3
AT4G26270,heat_drought_high_light,up,1.6249273489999991,0.47570591033333276,0.7072448127443431,5
AT4G27745,heat_drought_high_light,up,0.8291203073333335,0.3489668616666659,0.5791119110457756,2
AT4G33050,heat_drought_high_light,up,0.6401044169999981,0.45562793799999923,0.28819747856856204,4
AT4G37150,heat_drought_high_light,up,0.972558660333334,0.35104971766666715,0.6390451990357593,2
AT4G37370,heat_drought_high_light,up,1.0797298049999995,0.5912286829999998,0.45242904265294404,4
AT4G37990,heat_drought_high_light,up,0.4453930459999995,0.7466973690000005,-0.6764908561235177,5
AT4G38560,heat_drought_high_light,up,0.4238421590000012,0.4050047146666671,0.04444447993984024,4
AT4G39030,heat_drought_high_light,up,0.5432272896666666,0.43320888033333294,0.20252739769543382,4
AT4G39670,heat_drought_high_light,up,0.6459370433333333,0.6917737556666674,-0.07096157869626962,4
AT4G39950,heat_drought_high_light,up,0.43900330699999834,0.3657730363333318,0.16681029390666258,2
AT5G02490,heat_drought_high_light,up,0.6458093423333349,0.6505810336666684,-0.007388699760974671,5
AT5G03350,heat_drought_high_light,up,0.9015146393333353,0.41785661633333504,0.5364949185491458,5
AT5G05600,heat_drought_high_light,up,1.4925463060000013,0.5526010773333345,0.6297595088930299,5
AT5G06320,heat_drought_high_light,up,0.628773481333333,0.4235157999999988,0.3264413774227233,4
AT5G07010,heat_drought_high_light,up,0.9210085139999995,0.5723739509999994,0.37853565705474057,2
AT5G08760,heat_drought_high_light,up,0.6522265710000017,0.3776056219999999,0.42105145851226145,2
AT5G09530,heat_drought_high_light,up,1.375688229333333,0.3890564213333345,0.7171914296876163,4
AT5G10300,heat_drought_high_light,up,1.5279703613333337,0.34840834166666745,0.771979646671523,3
AT5G10760,heat_drought_high_light,up,0.8556710303333341,0.7214399103333351,0.1568723437413887,4
AT5G13210,heat_drought_high_light,up,1.3248738233333333,0.5258372790000001,0.6031038807325719,4
AT5G13320,heat_drought_high_light,up,0.7716882356666659,0.7483210426666673,0.030280613232118947,4
AT5G13330,heat_drought_high_light,up,1.2274818576666675,0.4563981496666667,0.6281833846943868,4
AT5G13370,heat_drought_high_light,up,0.8693100853333329,0.3481521689999987,0.5995075004030336,7
AT5G17760,heat_drought_high_light,up,1.0510538013333326,0.602799716999999,0.42648062712364776,5
AT5G18470,heat_drought_high_light,up,0.37678582533333316,0.3918563636666663,-0.039997625494538225,4
AT5G24530,heat_drought_high_light,up,1.3582078429999997,0.5105207383333328,0.624121785951627,6
AT5G24780,heat_drought_high_light,up,2.314783499,0.356109897333333,0.8461584431169591,4
AT5G25250,heat_drought_high_light,up,0.3563958230000006,0.5181560279999999,-0.45387794850782814,4
AT5G25440,heat_drought_high_light,up,0.4673044319999997,0.3505500623333333,0.24984648480001248,3
AT5G25930,heat_drought_high_light,up,0.5052488570000007,0.35322638400000095,0.30088632738856347,4
AT5G26340,heat_drought_high_light,up,1.7217554453333328,0.5173198799999987,0.6995392804465066,5
AT5G26920,heat_drought_high_light,up,0.5319233730000006,0.5362622453333348,-0.008156949954771342,4
AT5G35735,heat_drought_high_light,up,0.47384289099999854,0.4736572413333313,0.00039179582556458925,4
AT5G36910,heat_drought_high_light,down,-0.6564248516666673,-0.48851525500000026,0.2557940886003073,1
AT5G37540,heat_drought_high_light,up,2.006528099333334,0.4217948043333335,0.7897887378335373,4
AT5G39520,heat_drought_high_light,up,2.2675718973333323,0.6041496779999997,0.7335697806493013,5
AT5G39670,heat_drought_high_light,up,0.6475974709999992,0.7514691599999992,-0.16039545188403026,4
AT5G40780,heat_drought_high_light,up,0.4393881076666659,0.46656748333333287,-0.06185733112122849,4
AT5G41750,heat_drought_high_light,up,0.7760759426666661,0.44446060566666645,0.42729753464659637,4
AT5G42050,heat_drought_high_light,up,1.657208756000001,0.401999926000002,0.7574234841901827,3
AT5G42380,heat_drought_high_light,up,0.3454247536666668,0.44198804266666647,-0.27954941843334935,4
AT5G43910,heat_drought_high_light,up,0.411112726999999,0.5266080486666667,-0.28093346199585767,4
AT5G44310,heat_drought_high_light,up,1.6917415279999997,0.4846433159999999,0.7135240177186216,1
AT5G45380,heat_drought_high_light,up,1.3620549766666663,0.5318413480000004,0.6095301899622536,4
AT5G45630,heat_drought_high_light,up,2.4375827549999998,0.6339985843333338,0.7399068470463749,4
AT5G48380,heat_drought_high_light,up,1.0230745113333342,0.49490870200000003,0.5162535118238805,4
AT5G48570,heat_drought_high_light,up,1.1251414066666685,0.44819989400000093,0.6016501647309977,5
AT5G52640,heat_drought_high_light,up,1.9522116116666668,0.5302302960000009,0.7283950710920493,5
AT5G52750,heat_drought_high_light,up,0.8528594686666677,0.3789813879999997,0.5556344252207381,4
AT5G52760,heat_drought_high_light,up,0.6796859476666661,0.6880822039999996,-0.01235314097953255,4
AT5G53330,heat_drought_high_light,up,0.5673180163333313,0.3590469643333325,0.3671151735072483,1
AT5G54610,heat_drought_high_light,up,1.5613872016666663,0.7095348339999994,0.545574068211509,4
AT5G55460,heat_drought_high_light,up,0.5236554396666664,0.36574028566666694,0.3015630929004014,4
AT5G57480,heat_drought_high_light,up,0.6561888206666664,0.46680282266666673,0.2886150937585156,4
AT5G60900,heat_drought_high_light,up,1.4117207770000002,0.6090060689999994,0.5686072777832332,4
AT5G61010,heat_drought_high_light,up,0.6867492600000027,0.4221168370000026,0.38534067441150077,4
AT5G62480,heat_drought_high_light,up,1.1337775506666672,0.5768939110000009,0.49117539797750964,4
AT5G63350,heat_drought_high_light,up,2.4099804676666663,0.4911526186666664,0.7962005811847104,2
AT5G64000,heat_drought_high_light,up,0.42299316333333437,0.5201032726666677,-0.2295784370793883,4
AT5G64510,heat_drought_high_light,up,0.8836922006666672,0.47974990500000025,0.45710745818728327,3
AT5G67340,heat_drought_high_light,up,0.4705253239999996,0.43895338533333206,0.06709933994257777,4
AT1G05680,heat_high_light,up,0.7282041393333323,0.9552659659999989,-0.31181067835530407,5
AT1G09500,heat_high_light,up,1.1087763589999993,0.3836487876666661,0.6539890262336786,7
AT1G15520,heat_high_light,up,0.3616657796666667,0.5200043289999998,-0.4378035142812451,4
AT1G19250,heat_high_light,up,0.3479965783333334,0.4089354233333329,-0.17511334534337952,4
AT1G21250,heat_high_light,up,0.6736064533333348,0.7735434083333335,-0.14836104153317065,7
AT1G30190,heat_high_light,up,0.9265071050000002,0.6854013399999999,0.26023088619487733,5
AT1G30220,heat_high_light,up,0.676804386333334,0.4830420506666666,0.2862900116773729,6
AT1G53110,heat_high_light,up,0.34799940000000085,0.3748231190000002,-0.07707978519503,3
AT1G58340,heat_high_light,up,0.4608717596666665,0.3687196353333322,0.19995177053153557,5
AT1G61120,heat_high_light,up,0.4274619376666662,0.34605356000000054,0.19044590990028143,3
AT1G61800,heat_high_light,up,0.9771837643333328,0.7174905759999994,0.2657567571341145,7
AT1G67970,heat_high_light,up,0.6095889863333337,0.40733237733333283,0.33179177041332486,6
AT1G72120,heat_high_light,up,0.39577366366666666,0.4599972646666677,-0.16227355909687868,5
AT1G80160,heat_high_light,up,0.562036541666667,0.6634416166666668,-0.18042434518455397,8
AT2G04050,heat_high_light,up,0.7711888553333326,0.6673760443333316,0.13461399277499897,4
AT2G04070,heat_high_light,up,0.35007128800000054,0.5839066683333343,-0.6679650355482263,5
AT2G05440,heat_high_light,up,1.0933424600000006,0.8408773269999994,0.23091130385625103,6
AT2G13810,heat_high_light,up,0.46214766800000007,0.4437552776666669,0.03979764825586696,5
AT2G14560,heat_high_light,up,0.9938590086666679,1.0805751170000004,-0.08725192162786577,6
AT2G14610,heat_high_light,up,0.4972615960000004,1.7492906620000008,-2.5178479015298807,6
AT2G18193,heat_high_light,up,0.5323572176666662,0.7845387966666664,-0.4737074479901253,3
AT2G19900,heat_high_light,up,0.37696593700000003,0.4404047403333329,-0.16828789316667847,7
AT2G20560,heat_high_light,up,0.3551015003333333,0.4235600350000013,-0.19278582208863115,3
AT2G36780,heat_high_light,up,0.4622774206666669,0.5813146343333335,-0.2575016826368002,6
AT2G36800,heat_high_light,up,0.38665024499999934,0.4455341553333323,-0.15229244283378907,3
AT2G37870,heat_high_light,up,0.9846896083333343,0.5863110273333341,0.4045727482331084,4
AT2G38470,heat_high_light,up,0.3706142733333335,0.6112996456666666,-0.649422835684633,5
AT2G39330,heat_high_light,up,0.8700112243333331,0.4392501536666682,0.4951212796096348,5
AT2G40750,heat_high_light,up,0.7618991730000007,0.45571626466666704,0.40186801506520775,6
AT2G43570,heat_high_light,up,0.551636735333334,1.0060764550000005,-0.8238024963875279,8
AT2G46270,heat_high_light,up,0.40573727633333334,0.4948677059999991,-0.219675230415459,5
AT2G46430,heat_high_light,up,0.381078674666667,0.5345548616666678,-0.4027414736189261,5
AT3G05727,heat_high_light,down,-0.8109695336666682,-0.5379298586666676,0.33668302404098416,3
AT3G12580,heat_high_light,up,1.2861778166666662,0.7475395849999993,0.4187898630242538,5
AT3G15670,heat_high_light,up,0.37726626533333407,0.39924054766666695,-0.05824608334359671,4
AT3G16990,heat_high_light,up,0.4071217373333331,0.4631325806666666,-0.13757762899177828,5
AT3G22235,heat_high_light,up,0.6542283426666664,0.5728733660000014,0.12435257135919575,6
AT3G22370,heat_high_light,up,0.6226886819999997,0.38312503833333444,0.3847245832334968,3
AT3G23120,heat_high_light,up,0.5236743749999997,0.6987317153333326,-0.33428662674841214,4
AT3G24500,heat_high_light,up,0.35048280533333287,0.4074538839999988,-0.16255028149664175,4
AT3G26830,heat_high_light,up,0.483536372333333,1.0854896416666673,-1.2448975997991085,7
AT3G29000,heat_high_light,up,0.3453651733333336,0.4459283136666672,-0.2911791578830498,3
AT3G49120,heat_high_light,up,0.3509568183333336,0.43687429166666547,-0.24480924388745962,7
AT3G51860,heat_high_light,up,0.5680812546666658,0.8141689693333323,-0.43319104907107664,6
AT3G56400,heat_high_light,up,0.9375374946666657,0.6221377249999964,0.33641296637294194,5
AT3G56710,heat_high_light,up,0.527224450666667,0.48711035233333355,0.07608542866820722,7
AT3G63380,heat_high_light,up,0.383210228666667,0.597474033000001,-0.5591286148045647,5
AT4G04490,heat_high_light,up,0.4166040659999988,1.1717568426666665,-1.812638997783257,5
AT4G12290,heat_high_light,up,0.9707180233333332,0.4728939416666673,0.5128410822714465,7
AT4G12480,heat_high_light,up,0.38903738333333227,0.41589655866666586,-0.06904008839253462,7
AT4G14400,heat_high_light,up,0.7377836666666653,0.5349600699999986,0.27490930719980755,5
AT4G15210,heat_high_light,up,1.5526901003333329,0.5848479756666656,0.623332450215848,1
AT4G21380,heat_high_light,up,0.514121291333332,0.40426679699999823,0.213674275283241,5
AT4G24000,heat_high_light,up,0.5396735189999999,0.8353957303333335,-0.5479650212989857,7
AT4G27280,heat_high_light,up,0.3625872500000007,0.4482952320000013,-0.23637891845342174,3
AT4G30140,heat_high_light,down,-0.4499817660000005,-0.3645997059999999,0.18974559960280812,2
AT5G02490,heat_high_light,up,0.5918375550000015,0.7423068133333341,-0.2542408082456551,5
AT5G05600,heat_high_light,up,0.5522163300000003,0.4049112036666678,0.26675257200983604,5
AT5G08790,heat_high_light,up,0.3822606276666667,0.41145047599999973,-0.07636111652803224,4
AT5G24530,heat_high_light,up,0.5182042223333339,0.4728823669999995,0.08745944818678286,6
AT5G24770,heat_high_light,up,1.9404380386666666,0.6227917546666681,0.6790457915911569,3
AT5G24780,heat_high_light,up,1.252930496666667,0.6350026656666659,0.493186040761203,4
AT5G26340,heat_high_light,up,0.7349443383333316,0.39307991199999925,0.4651568948862096,5
AT5G27600,heat_high_light,up,0.5303644079999987,0.41125176199999913,0.2245864243590039,4
AT5G37540,heat_high_light,up,0.442803695666667,0.4631164650000006,-0.04587307994968626,4
AT5G48490,heat_high_light,down,-0.8152311843333351,-0.3847364706666685,0.5280645808694238,2
AT5G48570,heat_high_light,up,0.5987892843333347,0.7791293996666662,-0.30117458687343435,5
AT5G49480,heat_high_light,up,0.40715804500000097,0.3893614833333352,0.04370922270899924,1
AT5G51440,heat_high_light,up,0.7663209463333338,0.7694750543333342,-0.004115909939682583,4
AT5G52300,heat_high_light,up,0.7752872440000003,0.7302542563333336,0.058085552181052824,5
AT5G52640,heat_high_light,up,0.9847168550000003,0.8732025696666659,0.11324502547824711,5
AT5G54610,heat_high_light,up,0.4889148446666667,0.5505195493333339,-0.12600293351425695,4
AT1G02920,high_humidity,up,1.2334083700000003,0.4198953493333333,0.6595650235993347,6
AT1G08830,high_humidity,up,0.6487198309999993,0.46058505766666613,0.290009283427214,3
AT1G12520,high_humidity,up,0.6740033133333334,0.45932544600000114,0.31851159050187294,3
AT1G21310,high_humidity,up,0.7512331916666657,0.4696350690000006,0.3748478179484044,7
AT1G48000,high_humidity,down,-0.49738318166666673,-0.4125782779999998,0.17050215365645593,1
AT1G51800,high_humidity,up,1.3111746536666669,0.38949138933333316,0.7029446929559457,2
AT1G52690,high_humidity,down,-0.8363167096666664,-0.4291621803333321,0.48684251387923994,1
AT1G60190,high_humidity,down,-1.3722834256666667,-0.5371771023333327,0.6085523644123534,2
AT1G73330,high_humidity,up,0.6413346886666664,0.6301747909999991,0.01740105106410006,2
AT1G76930,high_humidity,up,1.1021996846666688,0.6288301993333345,0.4294770647448447,5
AT2G19900,high_humidity,up,0.7715473799999999,0.511848164666667,0.3365952915728039,7
AT2G28190,high_humidity,up,0.7724487199999999,0.8267274733333316,-0.07026842291010826,4
AT2G35070,high_humidity,down,-0.6397283969999998,-0.5470400669999993,0.14488700272594057,1
AT2G43620,high_humidity,up,1.8061281386666668,0.6708693750000005,0.6285593692730713,1
AT2G47770,high_humidity,down,-0.6961946536666668,-0.742446241333333,-0.06643485040149599,2
AT3G01420,high_humidity,up,0.44160705900000075,0.38111426266666726,0.1369833092575936,6
AT3G16660,high_humidity,up,0.7288847763333326,0.3845095100000009,0.4724687323910336,1
AT3G17520,high_humidity,down,-0.7633113786666663,-0.6573819343333334,0.13877618923795942,1
AT3G21530,high_humidity,up,1.223338673333334,0.5280376543333327,0.5683634746095748,1
AT3G50480,high_humidity,up,1.268265944666667,0.3918775940000012,0.6910130752560759,5
AT4G01390,high_humidity,up,1.6003000353333334,0.5516601223333337,0.6552770667042909,1
AT4G12470,high_humidity,up,2.4410772829999994,0.9759960620000001,0.600178139054846,5
AT4G12480,high_humidity,up,1.7966990543333319,0.8929114220000001,0.5030267201140615,7
AT4G12490,high_humidity,up,1.3639226703333334,0.8131176049999995,0.40383892526599097,3
AT4G19230,high_humidity,up,0.5304453930000008,0.44277544833333415,0.16527609782948294,3
AT5G09530,high_humidity,up,0.3670241643333343,0.4427864003333344,-0.2064230188702023,4
AT5G13370,high_humidity,up,0.40257930633333316,0.3638451079999996,0.09621507544966035,7
AT5G39610,high_humidity,down,-0.4802448103333328,-0.48339947699999986,-0.006568871956112332,1
AT1G01340,high_light,up,0.5966166910000013,0.6949530553333334,-0.16482335445310548,2
AT1G01480,high_light,up,0.5016758876666669,0.8050053776666672,-0.604632388075913,5
AT1G01560,high_light,up,1.2036553323333337,1.3536493986666667,-0.12461546283566372,4
AT1G01680,high_light,up,0.6779757373333322,1.062263746666666,-0.5668167578457097,3
AT1G02220,high_light,up,0.5066076233333332,0.5177265766666679,-0.021947860279273312,2
AT1G02850,high_light,up,0.9267884796666666,0.6210352176666669,0.32990619619049255,4
AT1G02920,high_light,up,1.8839909083333337,2.324364095333334,-0.23374485781864784,6
AT1G02930,high_light,up,1.6973090620000004,1.2571080903333325,0.2593522779805131,4
AT1G03290,high_light,up,0.3684176483333328,0.5621689060000001,-0.5259011302611847,2
AT1G04600,high_light,up,0.47410757699999984,0.519580782666667,-0.09591326499020947,1
AT1G04980,high_light,up,0.5470669356666651,0.4004928579999998,0.267927136718741,1
AT1G05340,high_light,up,0.8112496323333342,1.0566876553333335,-0.3025431546810875,3
AT1G05680,high_light,up,1.2723811393333326,1.3863630099999993,-0.08958154686762154,5
AT1G07000,high_light,up,0.718138491333332,0.9115936873333323,-0.26938424598411626,4
AT1G07520,high_light,up,0.40368770600000037,0.42198742700000036,-0.04533138049044272,2
AT1G07870,high_light,up,0.39360754500000095,0.3445064369999997,0.12474635871119066,2
AT1G07900,high_light,up,0.4024525116666662,0.686965212,-0.7069472598272248,3
AT1G08050,high_light,up,0.8034878020000003,0.8576593726666673,-0.06742052652426822,4
AT1G08450,high_light,up,0.7992748933333331,0.9944033660000002,-0.24413186788952457,4
AT1G08630,high_light,up,0.42607501766666767,0.4437414216666675,-0.041463130358468714,2
AT1G08930,high_light,up,0.7375500223333322,0.5963767769999997,0.19140836696975916,1
AT1G09070,high_light,up,0.5011930393333337,0.6287655793333347,-0.2545377329455587,2
AT1G09080,high_light,up,1.1326685829999992,1.4074611273333328,-0.24260630908073288,2
AT1G09500,high_light,up,0.8598078986666664,1.0927068039999996,-0.2708731865507372,7
AT1G09560,high_light,up,0.42549089166666754,0.5568845213333322,-0.30880479991472853,3
AT1G09932,high_light,up,1.2933902089999991,1.4002834143333338,-0.08264575113490347,4
AT1G09970,high_light,up,0.577053846666665,0.5532820899999997,0.04119504064305646,2
AT1G10070,high_light,up,0.7482349913333337,0.8969994166666666,-0.19882046022498745,6
AT1G10340,high_light,up,0.8269151736666664,1.1484518963333326,-0.3888388227790329,1
AT1G11310,high_light,up,0.3866113533333344,0.40785217333333534,-0.05494101457927747,2
AT1G11330,high_light,up,0.728920393000001,0.7603736560000005,-0.0431504774760767,4
AT1G13210,high_light,up,0.5276687876666664,0.6731223260000014,-0.2756531023495359,2
AT1G13470,high_light,up,1.4476184543333321,1.4974676523333326,-0.034435315362815855,2
AT1G13750,high_light,up,0.5093852193333346,0.5217811586666672,-0.02433509819848312,2
AT1G14360,high_light,up,0.42518747133333434,0.5352621766666665,-0.25888511010955195,2
AT1G14370,high_light,up,0.6897745740000012,0.8105323700000007,-0.17506849418894244,4
AT1G14870,high_light,up,0.6109351463333335,1.0424060273333344,-0.7062466181387204,3
AT1G14880,high_light,up,1.8006461979999981,2.460138509333331,-0.3662531329396299,3
AT1G15125,high_light,up,0.5195882493333315,0.8646643740000002,-0.6641338119355582,1
AT1G15520,high_light,up,1.2189212273333352,1.3476168126666677,-0.10558154411247966,4
AT1G15790,high_light,up,0.4526269856666678,0.7449903446666672,-0.6459256037714622,4
AT1G16510,high_light,up,0.4485185256666666,0.3862863403333341,0.13875053486549338,2
AT1G17020,high_light,up,0.38687790200000016,0.7731278049999997,-0.9983767514330641,3
AT1G17430,high_light,up,0.34689473766666623,0.34922395333333434,-0.006714473913139285,2
AT1G17600,high_light,up,0.6679385450000002,0.4571765626666666,0.31554097889849053,1
AT1G17745,high_light,up,0.7006502973333344,0.5801314333333352,0.1720100090711335,3
AT1G18570,high_light,up,0.47620466299999986,0.5643883910000005,-0.18518031185259654,1
AT1G18890,high_light,up,0.3510280320000003,0.5457020099999994,-0.5545824271948712,2
AT1G19020,high_light,up,0.8986986053333341,1.0896915153333326,-0.212521649490218,4
AT1G19180,high_light,up,0.44199986400000046,0.7443229663333328,-0.683989129764375,5
AT1G19250,high_light,up,0.7795152963333325,1.2860494446666668,-0.6498065537853572,4
AT1G19960,high_light,up,0.46745661633333135,0.436836027,0.06550466559552681,3
AT1G20350,high_light,up,0.3561010876666666,0.5089593443333325,-0.42925523667524135,1
AT1G21130,high_light,up,0.3595558666666676,0.35069695333333506,0.024638489187955193,1
AT1G21240,high_light,up,1.7133292576666665,2.138983470666666,-0.24843690206964997,4
AT1G21250,high_light,up,1.4329513630000008,1.3887176586666659,0.030868950248756577,7
AT1G21270,high_light,up,0.5368411786666663,0.675721708666666,-0.25869947298926,1
AT1G21310,high_light,up,1.248662970333335,1.241103605000001,0.006053967734236498,7
AT1G21390,high_light,up,0.4042485106666662,0.4337463253333329,-0.07296950734096797,2
AT1G21550,high_light,up,0.36424397466666747,0.5577418166666668,-0.531231414814963,2
AT1G21750,high_light,up,0.5488682633333326,0.4433631800000022,0.19222296201384892,2
AT1G22280,high_light,up,0.4269236016666653,0.5743921323333332,-0.3454213589760933,2
AT1G22400,high_light,up,0.5943079090000003,0.9613545480000001,-0.6176034904492573,2
AT1G23710,high_light,up,0.3572827130000018,0.4589611886666667,-0.2845882881175512,2
AT1G24140,high_light,up,0.5820005623333335,0.7023928183333332,-0.20685934652249793,4
AT1G24145,high_light,up,0.6721674496666665,1.234514904000001,-0.8366180995705865,4
AT1G24147,high_light,up,0.3643799493333324,0.730637769666667,-1.0051536068420832,2
AT1G24150,high_light,up,0.5916231246666674,0.6655656400000005,-0.12498246307561733,3
AT1G24575,high_light,up,0.4365272390000001,0.4389766489999989,-0.005611127510873892,2
AT1G25400,high_light,up,0.39109023266666654,0.7840625973333335,-1.004812526222317,2
AT1G26380,high_light,up,0.6171227246666664,0.7470070153333328,-0.21046752205863473,2
AT1G26390,high_light,up,0.9396498103333331,1.2894315546666668,-0.37224691633711027,1
AT1G26420,high_light,up,0.4748533216666666,0.7036646953333325,-0.48185695082340585,3
AT1G26690,high_light,up,0.4663975416666668,0.4512720156666665,0.0324305440074778,2
AT1G27330,high_light,up,0.5019244316666658,0.35762215200000114,0.2874980187505548,1
AT1G27730,high_light,up,0.8365131633333327,0.7566413753333343,0.09548180650466487,4
AT1G27770,high_light,up,0.6581869586666684,0.6076504523333348,0.07678138508807386,2
AT1G27980,high_light,up,0.5269135643333351,0.525801168666665,0.002111153976606217,2
AT1G28380,high_light,up,0.4008945266666668,0.35530204600000026,0.1137268723665451,2
AT1G29690,high_light,up,0.4613497090000003,0.43094878966666705,0.06589560747578838,2
AT1G30190,high_light,up,0.4660846776666667,0.45248242633333335,0.02918407745440066,5
AT1G30220,high_light,up,0.5086620719999999,1.4300958553333336,-1.811485137294321,6
AT1G30410,high_light,up,0.5750729320000012,0.5912071113333344,-0.028055883759336986,2
AT1G30420,high_light,up,0.40140348666666714,0.4482927306666662,-0.1168132454189088,2
AT1G30700,high_light,up,1.0420689469999989,0.9639357686666656,0.07497889516645706,3
AT1G30900,high_light,up,0.8770123019999998,1.2164299796666667,-0.38701586841214786,4
AT1G31130,high_light,up,0.4455296036666674,0.4641437563333355,-0.0417798335138122,2
AT1G31280,high_light,up,0.5310607486666683,0.3751659243333325,0.29355365600779226,2
AT1G31540,high_light,up,0.653419710999998,0.6402538773333326,0.020149122294637056,2
AT1G31550,high_light,up,0.5241423389999991,0.4780845386666659,0.08787269584290014,2
AT1G31580,high_light,up,0.5668956433333356,0.7331784200000016,-0.293321669732592,2
AT1G32350,high_light,up,0.9812547626666666,1.9081388079999995,-0.944590620701218,4
AT1G32870,high_light,up,0.5237205533333338,0.6067235576666672,-0.15848720048323983,2
AT1G32940,high_light,up,0.563343079,0.8910105870000011,-0.5816482357103763,4
AT1G32960,high_light,up,0.7089287213333342,1.152576633666667,-0.6258004493017741,3
AT1G33560,high_light,up,0.6583147606666664,0.5768679189999988,0.1237202118697559,2
AT1G33720,high_light,up,0.7801491436666659,1.0527769629999995,-0.34945602587217506,1
AT1G33730,high_light,up,0.35974169266666634,0.6461545420000006,-0.796162510967896,1
AT1G33960,high_light,up,1.4461996813333338,2.314670541000001,-0.6005193272245604,3
AT1G34260,high_light,up,0.44291381233333205,0.36393208799999854,0.1783230103329736,2
AT1G34420,high_light,up,0.5155888473333334,0.6235005046666666,-0.20929788898937773,2
AT1G34750,high_light,up,0.4605810149999998,0.6056365683333338,-0.314940365775463,2
AT1G35210,high_light,up,0.40172365566666635,0.42458233700000036,-0.05690150682164763,1
AT1G35230,high_light,up,0.7147624966666664,1.1432003269999997,-0.5994128571817581,3
AT1G35710,high_light,up,1.3977297960000001,1.586719221000001,-0.13521170224806522,4
AT1G42990,high_light,up,0.6442234073333353,0.717150060333335,-0.11320087437038096,2
AT1G43910,high_light,up,1.748509537666667,1.8131820100000011,-0.03698720020689028,4
AT1G45145,high_light,up,0.6114016899999992,1.2386629999999998,-1.0259397712819562,4
AT1G47890,high_light,up,0.4448099049999992,0.858913749333333,-0.9309681274596044,1
AT1G48210,high_light,up,0.4121071406666683,0.47426654833333437,-0.15083312452705955,2
AT1G49050,high_light,up,0.5426203736666659,0.7031089146666671,-0.2957657854155509,2
AT1G50740,high_light,up,0.4464537413333334,0.40704629500000067,0.08826770320177502,2
AT1G51660,high_light,up,0.6062096946666671,0.45877629833333256,0.24320527637619327,3
AT1G51760,high_light,up,0.5362659726666692,0.6668046566666685,-0.2434215308326848,3
AT1G51790,high_light,up,0.8438051856666675,0.7381089889999988,0.12526137367022827,1
AT1G51800,high_light,up,1.2145156619999993,1.2238830343333333,-0.00771284605577538,2
AT1G51890,high_light,up,0.9123448266666676,1.4449930366666672,-0.5838233466463298,2
AT1G52200,high_light,up,0.35390068766666705,0.7581522353333323,-1.1422739818110297,1
AT1G52290,high_light,up,0.367931921666667,0.35760173699999953,0.028076347982728844,1
AT1G52780,high_light,up,0.47729874933333427,0.43804408433333286,0.08224338541601095,3
AT1G52890,high_light,up,0.6845871923333338,0.8747290303333335,-0.27774670652532074,5
AT1G53625,high_light,up,0.6226419416666658,1.0955686083333327,-0.7595483616165555,3
AT1G54575,high_light,up,0.7245092076666673,0.6462123696666673,0.10806879632649591,3
AT1G55450,high_light,up,0.6652071623333331,0.5480874650000018,0.1760649974400651,1
AT1G55730,high_light,up,0.3447148640000002,0.3923914540000011,-0.13830732288933412,2
AT1G55910,high_light,up,0.5943788663333338,0.5037400056666668,0.15249341085393808,2
AT1G56120,high_light,up,0.5093015296666659,0.7063590053333337,-0.38691710939026747,3
AT1G56510,high_light,up,0.3642274513333348,0.546851298,-0.5014005561583301,2
AT1G56600,high_light,down,-1.180639794666666,-0.797144067333333,0.32482026191706226,2
AT1G56660,high_light,up,0.5981510183333301,0.6390425046666648,-0.0683631475664348,2
AT1G57630,high_light,up,0.9871660116666661,1.2605407066666654,-0.2769287959362088,4
AT1G58225,high_light,up,1.1589786599999998,1.4497202703333336,-0.2508601930024612,3
AT1G58340,high_light,up,0.3894989226666663,0.36486151033333236,0.0632541218975814,5
AT1G58420,high_light,up,0.7542646313333323,0.7091750453333328,0.05977953111800238,1
AT1G58602,high_light,up,0.4510894266666696,0.44195186666666864,0.020256648592992033,1
AT1G59590,high_light,up,0.35591540266666577,0.5505360016666669,-0.5468170175885139,1
AT1G59660,high_light,up,0.9495787560000002,0.9693882549999993,-0.02086135444251558,2
AT1G59870,high_light,up,0.6378874733333326,0.5699528633333308,0.10649936366519941,1
AT1G60190,high_light,down,-0.41179898000000037,-0.3947256003333326,0.04146047099647443,2
AT1G60730,high_light,up,0.5899715753333332,0.8386726116666665,-0.4215474892884754,4
AT1G61120,high_light,up,0.5623564290000003,0.7774985653333326,-0.38257255583599314,3
AT1G61250,high_light,up,0.3554349313333329,0.5228618706666666,-0.47104807258327064,2
AT1G61360,high_light,up,0.36360416466666834,0.3784706559999993,-0.040886471547870507,1
AT1G61380,high_light,up,0.3901723383333344,0.41029190233333424,-0.05156583904933609,2
AT1G61800,high_light,up,2.7150586449999983,1.2439320159999996,0.5418397247916535,7
AT1G62300,high_light,up,0.37265132233333365,0.38482146800000105,-0.032658265078639115,3
AT1G63530,high_light,up,1.0274639943333321,1.0978213829999994,-0.06847674376396862,3
AT1G63720,high_light,up,0.37885073833333394,0.6201476293333341,-0.6369180961914709,4
AT1G63840,high_light,up,0.5267670423333328,0.4973024539999997,0.05593476046416779,3
AT1G63860,high_light,up,0.42448131300000025,0.45297920566666594,-0.06713580031417221,2
AT1G64280,high_light,up,0.4282034716666665,0.3930866546666678,0.08200965037325825,2
AT1G65486,high_light,up,0.39603325433333314,0.548313059999999,-0.3845126741263376,1
AT1G65490,high_light,up,0.661522513333332,0.5135910979999982,0.2236226467757314,1
AT1G65500,high_light,up,0.6554916909999999,0.6946171236666654,-0.059688678291218045,1
AT1G65690,high_light,up,0.45847367333333366,0.816163082000001,-0.7801743687180245,4
AT1G65790,high_light,up,0.8396771789999997,0.9762635700000004,-0.1626653604694439,3
AT1G65800,high_light,up,0.42594159633333284,0.4772535869999981,-0.12046719810504158,2
AT1G65845,high_light,up,0.4539143130000003,0.6921114966666666,-0.5247624427006472,1
AT1G66090,high_light,up,1.0518940473333327,1.1332614049999998,-0.07735318768362864,2
AT1G66700,high_light,up,0.594495712333333,0.7367285836666673,-0.23924961674674705,3
AT1G66725,high_light,up,0.3816203123333324,0.41743109566666625,-0.09383877685749176,2
AT1G66880,high_light,up,0.9742153063333312,1.1444071056666658,-0.17469628964657513,4
AT1G66920,high_light,up,0.5869801500000014,0.7634113903333324,-0.3005744578131486,1
AT1G67360,high_light,up,0.9037281093333327,0.406233331666666,0.5504916495666616,2
AT1G67920,high_light,up,0.7383721476666669,0.8842855459999996,-0.19761498154343204,4
AT1G67970,high_light,up,0.9091629299999999,0.7491946946666657,0.1759511194911283,6
AT1G68300,high_light,up,0.46682858733333177,0.37589732,0.19478513056100333,2
AT1G69680,high_light,up,0.3705573589999993,0.42961663433333275,-0.15937957754425147,2
AT1G69720,high_light,up,0.5846524513333335,0.5311943793333338,0.0914356415988431,3
AT1G69730,high_light,up,0.35745081799999845,0.5987477893333324,-0.6750494310893842,2
AT1G69840,high_light,up,0.4597506779999989,0.5441989333333339,-0.18368272060130653,2
AT1G69870,high_light,up,0.8011130096666665,0.352079921333333,0.5605115419610659,1
AT1G71040,high_light,up,0.4934505790000028,0.5788302643333338,-0.17302580839271964,3
AT1G71140,high_light,up,0.37182928433333196,0.34910137333333324,0.06112458581832392,1
AT1G71880,high_light,up,0.7478484766666664,0.39174382200000046,0.47617220035522,1
AT1G72120,high_light,up,0.373395208999999,0.636274337333333,-0.7040238385418993,5
AT1G72280,high_light,up,0.5063668400000001,0.7283716159999996,-0.4384267658601013,3
AT1G72330,high_light,up,0.5076533953333335,0.5101240166666656,-0.004866748368165252,2
AT1G72520,high_light,up,0.7499627059999989,0.5935395623333317,0.20857456299522636,3
AT1G72680,high_light,up,0.48204815566666515,0.47451172099999805,0.015634194588389883,3
AT1G72900,high_light,up,0.886658082666667,0.7710529973333342,0.1303829374516554,4
AT1G72910,high_light,up,0.5921961500000004,0.5000795826666664,0.15555077035427178,2
AT1G72930,high_light,up,0.5235793333333323,0.4255324066666688,0.18726278984782374,1
AT1G73260,high_light,up,0.8451234856666678,1.4000993816666663,-0.6566802430797563,5
AT1G73500,high_light,up,0.3831431889999992,0.46732673999999985,-0.21971825003523904,3
AT1G73805,high_light,up,1.4965705196666663,1.5296954229999997,-0.02213387401264022,5
AT1G73810,high_light,up,1.0109375836666663,1.136681878666666,-0.12438383638278205,6
AT1G74360,high_light,up,0.7053693530000009,0.8907505380000016,-0.26281434572051854,4
AT1G74440,high_light,up,0.5119108860000008,0.42043799166666584,0.17868909772185393,2
AT1G74710,high_light,up,0.7485575796666666,1.126492980666665,-0.5048848762820537,3
AT1G75040,high_light,up,2.38324584,2.115785688,0.11222516263785864,3
AT1G76040,high_light,up,0.5590437916666664,0.599261719666667,-0.07194056816211059,4
AT1G76520,high_light,up,0.5238107310000011,0.5372228490000008,-0.02560489353548534,2
AT1G76600,high_light,up,0.38712146966666694,0.42843178433333406,-0.10671150505353677,2
AT1G76650,high_light,up,0.3909656306666669,0.4991293789999993,-0.2766579459910421,2
AT1G76930,high_light,up,0.4296537203333344,0.923870226,-1.1502670226694236,5
AT1G76960,high_light,up,0.7584816786666666,0.7514607583333346,0.009256545716007425,3
AT1G76970,high_light,up,0.7031522363333327,0.8010144719999994,-0.139176455125821,2
AT1G76980,high_light,up,0.5796814093333342,0.4147337316666668,0.28454884874842956,3
AT1G77450,high_light,up,0.7750711519999998,0.38436861833333325,0.504086021855535,3
AT1G77500,high_light,up,0.502451811666667,0.5107531289999994,-0.01652161887086523,3
AT1G77510,high_light,up,0.6281586763333333,0.6204306216666673,0.012302711015274026,3
AT1G77810,high_light,up,0.4777729136666675,0.3833241263333331,0.19768552094861824,2
AT1G78410,high_light,up,0.6763844099999989,0.6393624963333329,0.0547350191981304,3
AT1G80160,high_light,up,1.6653326659999999,2.1268020369999996,-0.27710341628523594,8
AT1G80670,high_light,up,0.39779390400000203,0.35926488500000175,0.09685673564268615,2
AT1G80840,high_light,up,0.9054152256666654,0.9980115666666665,-0.10226947634089267,4
AT2G01540,high_light,up,0.42978463866666683,0.5070967299999998,-0.17988565522765176,3
AT2G02390,high_light,up,0.4972016210000021,0.5684693896666673,-0.14333776411132182,2
AT2G02810,high_light,up,0.5134568333333336,0.4428562686666675,0.13750048705814488,1
AT2G03760,high_light,up,0.5761923333333332,0.4265365586666672,0.2597323254908507,2
AT2G04040,high_light,up,0.6585376666666667,0.7105623723333325,-0.0790003492586846,1
AT2G04050,high_light,up,1.1443291556666662,1.9286651916666653,-0.6854112141738262,4
AT2G04070,high_light,up,0.9413163436666672,1.4341007113333326,-0.523505589786261,5
AT2G04430,high_light,up,0.3894300263333328,0.44642645033333306,-0.14635857572834965,1
AT2G04450,high_light,up,1.0172308183333332,1.1962641163333325,-0.17600066255693458,1
AT2G04495,high_light,up,0.5213241409999996,0.7223469873333328,-0.3856004940567934,1
AT2G05440,high_light,up,0.9166817603333337,0.5939765483333339,0.3520362528896116,6
AT2G05940,high_light,up,0.41545828900000004,0.39739027400000104,0.0434893597706002,2
AT2G12550,high_light,up,0.37462399833333215,0.3571472576666652,0.046651417806705786,1
AT2G13790,high_light,up,0.5372210319999997,0.607943727666667,-0.1316454335441346,3
AT2G13810,high_light,up,0.6033245970000003,1.1813813673333335,-0.9581190178681427,5
AT2G14560,high_light,up,1.9120590140000004,2.010291880333334,-0.0513754364347947,6
AT2G14610,high_light,up,3.4579199406666685,3.6552548336666657,-0.057067513530099756,6
AT2G14620,high_light,up,0.4140440839999995,0.5255814393333331,-0.2693852168005708,2
AT2G15042,high_light,up,0.5852555216666673,0.7218688886666662,-0.2334251654917443,1
AT2G15390,high_light,up,0.4765999133333336,0.8618810283333342,-0.8083952686968605,3
AT2G15480,high_light,up,0.4091105406666653,0.8024814669999998,-0.9615272334277127,2
AT2G16595,high_light,up,0.35364969666666735,0.46820790599999995,-0.3239313094655627,5
AT2G17040,high_light,up,1.1175898039999987,1.4154674160000003,-0.26653572798701175,4
AT2G17120,high_light,up,0.3827956686666667,0.4281701380000005,-0.11853443768415595,2
AT2G17290,high_light,up,0.49334769133333367,0.5432471376666657,-0.10114458263394832,2
AT2G17500,high_light,up,0.9701968753333343,1.0150924490000008,-0.046274704452373694,5
AT2G17720,high_light,up,0.556178865999998,0.4502230106666669,0.19050679882060007,2
AT2G17790,high_light,up,0.3441181949999983,0.3599479016666667,-0.046000783732660366,2
AT2G18193,high_light,up,1.247124353666666,1.7835235789999997,-0.43010885302357216,3
AT2G18660,high_light,up,1.9384506276666666,2.2601850913333337,-0.16597506228669956,4
AT2G18690,high_light,up,1.247618798333333,1.7532175839999997,-0.40525101604920133,3
AT2G19130,high_light,up,0.6470111970000003,0.6805758526666672,-0.05187646801523105,3
AT2G19190,high_light,up,0.5743019506666664,0.9731969010000006,-0.6945735599022174,2
AT2G19900,high_light,up,0.567332152333333,0.4339959583333335,0.23502315786548011,7
AT2G20142,high_light,up,0.8588368923333336,1.0435472993333335,-0.21507041517297742,3
AT2G20560,high_light,up,0.4392778833333342,0.41407251433333414,0.057379098644202875,3
AT2G21850,high_light,up,0.34851030500000135,0.5058997573333333,-0.4516063085518556,1
AT2G22500,high_light,up,0.7801769043333326,0.4367844623333319,0.4401468950089369,2
AT2G23320,high_light,up,0.7355980753333338,0.7760581063333323,-0.05500290492422,3
AT2G23680,high_light,up,0.6444685740000002,0.7236409683333322,-0.12284911557740585,3
AT2G23810,high_light,up,0.510302486999997,0.6522429033333328,-0.2781495680489141,2
AT2G24180,high_light,up,0.40975646233333407,0.3925305513333335,0.04203938823053244,2
AT2G24600,high_light,up,1.0608364026666672,0.742873217333333,0.29972876546662364,1
AT2G24850,high_light,up,2.086794390333333,2.2891135773333335,-0.09695214245217665,5
AT2G25000,high_light,up,0.35387532333333294,0.7404452763333342,-1.0923902502121394,2
AT2G25440,high_light,up,0.5603450966666665,1.0129208013333333,-0.8076731774024806,1
AT2G25510,high_light,up,0.8750411299999996,0.7910056033333319,0.09603608765986549,3
AT2G26010,high_light,up,1.208742079666667,1.0554653676666668,0.1268067973957432,2
AT2G26020,high_light,up,0.5185214373333338,0.546585138333334,-0.054122547265021526,1
AT2G26190,high_light,up,0.7378835116666664,0.621329058333334,0.15795779617038674,1
AT2G26400,high_light,up,0.9308773163333326,0.9373642660000003,-0.0069686408217781715,2
AT2G26440,high_light,up,1.0464921306666666,1.0377583370000005,0.008345780546961445,4
AT2G26560,high_light,up,1.2027640929999999,1.5403875596666667,-0.28070630694049736,6
AT2G26600,high_light,up,0.35069723699999855,0.3485017579999994,0.006260325911832565,2
AT2G26740,high_light,up,0.41787649633333324,0.3535548629999994,0.1539249847687666,2
AT2G27660,high_light,up,0.5248889313333329,0.8097840633333329,-0.5427722228325598,1
AT2G29120,high_light,up,0.8612084206666664,0.9967855376666668,-0.1574266039979606,4
AT2G29350,high_light,up,1.9973447996666662,2.468047042666665,-0.23566398905114117,5
AT2G29460,high_light,up,1.0106009673333327,1.7812081446666657,-0.7625236886193865,4
AT2G29470,high_light,up,0.5181450046666662,0.5947014333333329,-0.14775097313910623,2
AT2G29720,high_light,up,0.6582079583333327,0.5134379936666669,0.21994563091160735,3
AT2G29990,high_light,up,0.3628803319999996,0.47714557666666746,-0.31488409426022024,2
AT2G30140,high_light,up,0.8962907899999992,0.982147094000001,-0.09579067971902488,3
AT2G30250,high_light,up,0.8172908940000001,0.9751713623333336,-0.1931753669255165,4
AT2G30550,high_light,up,0.45764542066666714,0.6740919470000009,-0.472956827620014,3
AT2G30750,high_light,up,0.6784503986666675,1.0144992933333334,-0.4953182949366526,2
AT2G31865,high_light,up,1.0407941200000002,1.3721479380000003,-0.31836634319186974,3
AT2G31880,high_light,up,1.2057846523333353,1.318252833333334,-0.09327385348814943,4
AT2G32140,high_light,up,0.7300429443333343,0.7913327123333342,-0.08395364748846257,3
AT2G32160,high_light,up,0.5983480790000009,0.758048827333333,-0.26690275098774396,4
AT2G32190,high_light,up,0.39795143999999905,0.5039041439999989,-0.2662453087240999,1
AT2G32210,high_light,up,0.4051089929999998,0.5188301313333339,-0.2807173879088243,1
AT2G32680,high_light,up,2.3602298866666676,2.2104623940000003,0.06345462088787568,3
AT2G33080,high_light,up,0.6589333649999993,1.0582905099999995,-0.6060660549492749,4
AT2G33170,high_light,up,0.3913520926666667,0.44156468266666593,-0.12830540820122227,1
AT2G33490,high_light,up,0.43392436033333315,0.4002979573333336,0.07749369722909383,2
AT2G33580,high_light,up,0.6303316356666668,0.4849206230000007,0.2306896948189392,2
AT2G34500,high_light,up,0.4229221013333335,0.7247322953333342,-0.7136306971153621,3
AT2G35940,high_light,up,0.45987466433333246,0.36851414000000027,0.19866396524752028,2
AT2G35980,high_light,up,0.38968218766666674,0.731843918,-0.8780532987204888,1
AT2G36780,high_light,up,0.9357630680000002,1.4111920080000002,-0.5080655095911522,6
AT2G36800,high_light,up,0.7956395576666662,0.4634195659999998,0.4175508727104419,3
AT2G36970,high_light,up,0.6203792893333331,0.3801262440000004,0.38726799792351463,2
AT2G37060,high_light,up,0.4887770436666674,0.43598633500000084,0.10800570393127629,1
AT2G37110,high_light,up,0.49763540533333384,0.42993881499999986,0.13603652314084924,2
AT2G37710,high_light,up,0.6370442673333354,0.6632069110000014,-0.04106880009482339,3
AT2G37770,high_light,up,1.1041053180000002,0.8051792103333337,0.2707405741040606,5
AT2G37970,high_light,up,0.5075164343333327,0.5171491243333328,-0.018980055321072387,2
AT2G38240,high_light,up,0.40446357733333294,0.6093694236666662,-0.5066113682826452,1
AT2G38250,high_light,up,0.5073681333333342,0.6655232526666666,-0.31171669827641013,3
AT2G38290,high_light,up,0.8144441130000013,0.7789772673333326,0.04354730435220011,1
AT2G38470,high_light,up,1.1244645276666683,1.2407375136666667,-0.10340298261010683,5
AT2G38860,high_light,up,0.6361658346666648,0.5125718943333304,0.1942794372132457,2
AT2G39030,high_light,up,0.4405141876666665,0.5932752953333322,-0.3467790866755438,3
AT2G39210,high_light,up,0.9078586699999995,1.2538488763333326,-0.3811058017800648,4
AT2G39330,high_light,up,0.5982936493333337,0.43999226966666694,0.26458809957795604,5
AT2G39660,high_light,up,0.41384992966666534,0.42079176633333226,-0.016773801731120752,1
AT2G40095,high_light,up,0.5456532569999997,0.6702616466666669,-0.22836551980238107,1
AT2G40140,high_light,up,0.753075877333333,0.6518775926666676,0.13437993130919557,2
AT2G40270,high_light,up,0.3494991736666666,0.4666066613333353,-0.3350722876911849,2
AT2G40340,high_light,up,0.4423180319999993,0.3815639079999995,0.1373539390318138,1
AT2G40600,high_light,up,0.35071807133333444,0.3612955626666654,-0.030159527546208986,2
AT2G40740,high_light,up,0.4074320229999997,0.6857756450000001,-0.6831657952423651,1
AT2G40750,high_light,up,1.109140271666666,1.1974963699999996,-0.0796617890364435,6
AT2G41090,high_light,up,0.8265018233333326,0.6766141133333345,0.18135194111912745,2
AT2G41100,high_light,up,1.6270322283333325,1.4614736486666668,0.10175494792519091,3
AT2G41410,high_light,up,0.8027192333333328,0.7217416226666664,0.10087912099776497,2
AT2G41730,high_light,up,0.771529393999999,0.6515349779999999,0.1555279901623543,2
AT2G41850,high_light,up,1.693012432666667,1.1952756663333326,0.29399474967194905,1
AT2G42360,high_light,up,0.37256902100000033,0.6245759450000001,-0.6764033233992355,3
AT2G43150,high_light,up,0.540920100000001,0.4611445000000014,0.14748130084276678,1
AT2G43510,high_light,up,0.6296310383333328,1.0949711606666668,-0.739067952502968,3
AT2G43570,high_light,up,2.2970505910000005,2.9038946143333337,-0.2641840043536652,8
AT2G43850,high_light,up,0.3562952210000008,0.5354717726666687,-0.5028878893289099,2
AT2G44240,high_light,up,0.49120422433333344,0.7919312103333329,-0.6122239408835475,1
AT2G44290,high_light,up,0.8057207816666674,0.8998695403333317,-0.11685035412877598,4
AT2G45220,high_light,up,1.0150700833333337,1.5699133693333334,-0.5466058896918524,4
AT2G45510,high_light,up,0.5844804126666672,0.4118419806666678,0.29537077421011226,3
AT2G45570,high_light,up,0.5509639546666665,1.4689688293333334,-1.6661795511143018,6
AT2G45760,high_light,up,0.3981091213333343,0.736885354,-0.8509632523164683,2
AT2G46270,high_light,up,0.41556010933333276,0.6788052443333337,-0.6334706558392118,5
AT2G46400,high_light,up,1.0142450826666662,1.2337555486666663,-0.2164274392367378,4
AT2G46420,high_light,up,0.5319988333333328,0.376131994333333,0.2929834225826935,2
AT2G46430,high_light,up,1.0312379233333333,1.100545082000001,-0.06720772878739933,5
AT2G46440,high_light,up,0.7623805580000003,0.8269154229999991,-0.08464914841125681,3
AT2G46450,high_light,up,0.40365222600000017,0.34897148099999953,0.135464990598121,2
AT2G46600,high_light,up,0.6174693016666666,0.6100601530000027,0.01199921785045055,2
AT2G46620,high_light,up,0.4220326786666666,0.3604852300000001,0.14583574158549562,2
AT2G47000,high_light,up,0.9273079349999991,1.235871183333333,-0.33275165313163657,4
AT2G47130,high_light,up,0.9818032179999996,1.0866066986666674,-0.10674591277074819,4
AT2G47800,high_light,up,0.8896149179999995,0.6868668916666678,0.22790538044162134,3
AT3G01290,high_light,up,1.5841651579999985,1.7139986103333316,-0.08195701797737254,3
AT3G01420,high_light,up,2.203601961666667,2.160533491333334,0.019544577960331266,6
AT3G01600,high_light,up,0.38859717899999957,0.3638940709999998,0.06356996225132083,1
AT3G01830,high_light,up,0.6323939173333333,0.7627852529999997,-0.20618689094369858,3
AT3G03560,high_light,up,0.3920370686666672,0.472963905666667,-0.2064264924621415,2
AT3G04210,high_light,up,0.7105526803333344,0.8470961826666663,-0.19216520620156774,1
AT3G04480,high_light,up,0.39218394899999964,0.34518675633333373,0.1198345643326314,2
AT3G04640,high_light,up,0.45108133099999925,0.6577144586666659,-0.4580839717054639,3
AT3G04720,high_light,up,1.0049863529999996,0.9165788463333318,0.08796886286342231,1
AT3G05200,high_light,up,0.3650562593333335,0.3939181569999999,-0.07906150607956697,2
AT3G05630,high_light,up,0.35896483899999954,0.3661903096666661,-0.02012863066699011,2
AT3G05970,high_light,up,0.42412244166666646,0.4133255216666676,0.025457082529211195,2
AT3G07195,high_light,up,0.4571468466666673,0.5001668480000001,-0.09410543165072127,1
AT3G07520,high_light,up,0.5967429746666673,0.8097303946666674,-0.35691651019263704,2
AT3G07700,high_light,up,0.4076087553333352,0.36281022866666746,0.10990570266340893,2
AT3G07720,high_light,up,0.6867854076666671,0.5873809889999979,0.14473868774293375,3
AT3G08720,high_light,up,0.5920443169999992,0.7013915666666666,-0.1846943658217186,2
AT3G08970,high_light,up,0.6258303233333331,0.6321874236666662,-0.010157865632770324,3
AT3G09010,high_light,up,0.48404799533333254,0.6161947876666662,-0.27300349057810425,2
AT3G09270,high_light,up,0.3791627573333338,0.6590236283333333,-0.7381022149123286,1
AT3G09440,high_light,up,0.6511036799999985,0.4580981666666659,0.29642823295566856,1
AT3G09830,high_light,up,0.5894716713333334,0.6476149939999996,-0.09863633062323585,2
AT3G09940,high_light,up,0.7837173106666668,0.7027214846666663,0.10334826715911338,2
AT3G10500,high_light,up,0.40451560966666644,0.5266956540000001,-0.30204036979936033,2
AT3G10985,high_light,up,0.3578420960000006,0.3827945513333333,-0.06973035205263445,1
AT3G11010,high_light,up,1.4661359576666655,1.4675844756666674,-0.0009879834079693506,4
AT3G11340,high_light,up,0.5108766550000006,0.7387008953333329,-0.4459476433373768,1
AT3G11820,high_light,up,0.5221312096666662,0.5137598573333317,0.01603304337750422,2
AT3G11840,high_light,up,0.45167455466666695,0.43317757466666684,0.04095200805290167,2
AT3G12220,high_light,up,0.4530436466666661,0.7494462866666662,-0.6542474266681042,1
AT3G12580,high_light,up,0.37779640633333234,0.34532498666666545,0.08594951969452336,5
AT3G13080,high_light,up,1.257699425666667,1.243972761666667,0.010914105325860346,3
AT3G13100,high_light,up,0.7306078073333344,1.1518703900000018,-0.5765919532180273,4
AT3G13330,high_light,up,0.49871413000000153,0.5196814399999994,-0.04204274300388833,3
AT3G13380,high_light,up,0.6539047836666674,0.7196827246666677,-0.10059253677754265,4
AT3G13610,high_light,up,0.41917187533333333,0.814537780999999,-0.9432071399166828,1
AT3G13790,high_light,up,0.5044550823333331,0.7826692003333333,-0.5515141540712285,1
AT3G13950,high_light,up,0.7030751099999994,1.3911608670000009,-0.9786802963342025,4
AT3G14050,high_light,up,0.39603474099999936,0.7931459189999988,-1.0027180367997062,4
AT3G14620,high_light,up,1.1252816993333337,0.8579054863333333,0.2376082479244137,3
AT3G15356,high_light,up,0.5115760893333352,0.4050370393333331,0.20825650811561458,1
AT3G15536,high_light,up,0.7988954253333329,0.9287346266666665,-0.1625234007056171,1
AT3G16530,high_light,up,1.0803812419999979,0.8337198553333316,0.22830957913527594,1
AT3G16720,high_light,up,0.48335141333333453,0.5828496143333339,-0.20585064666270525,2
AT3G16990,high_light,up,0.563808498666666,0.6810762753333321,-0.20799221179529792,5
AT3G17700,high_light,up,0.3998074460000005,0.45218013266666723,-0.13099477558671246,2
AT3G18250,high_light,up,0.4895227879999995,1.0425758159999994,-1.129779943972701,1
AT3G18830,high_light,up,0.6782384290000003,0.6322716713333332,0.06777374401276681,2
AT3G19010,high_light,up,0.6853012276666668,0.7272398793333323,-0.061197397543645726,4
AT3G19930,high_light,up,0.4282766733333343,0.5326424816666684,-0.2436878187201772,1
AT3G19970,high_light,up,0.42232505166666634,0.5904202886666665,-0.3980233621866096,2
AT3G21220,high_light,up,0.34840095366666723,0.3585532416666677,-0.029139667653474977,2
AT3G22160,high_light,up,0.5231527089999997,0.7746702353333328,-0.4807726730768651,3
AT3G22231,high_light,up,0.966093402666667,1.3761411023333334,-0.42443898129811153,5
AT3G22235,high_light,up,1.2096105660000003,1.4849845926666667,-0.22765511017094275,6
AT3G22370,high_light,up,0.7900071366666666,0.8290280199999991,-0.049393077001780084,3
AT3G22600,high_light,up,0.8392436116666664,1.5983751973333327,-0.9045425846722808,5
AT3G22910,high_light,up,0.564284202333333,0.7043079076666654,-0.24814394015343688,3
AT3G23120,high_light,up,1.5690668373333327,1.4550625776666664,0.07265736357057895,4
AT3G23550,high_light,up,0.6756308243333349,0.7874717116666679,-0.16553550149771468,1
AT3G24500,high_light,up,0.3881951043333318,0.4531399933333322,-0.16729960856032355,4
AT3G24900,high_light,up,0.741076133,1.0029054113333338,-0.3533095544089446,2
AT3G24982,high_light,up,0.36266990566666557,0.4737676566666664,-0.30633297459787623,2
AT3G25010,high_light,up,1.7504902803333335,1.9783848070000003,-0.13018897004287866,5
AT3G25020,high_light,up,0.603411785333333,0.9998571879999991,-0.6570063964654989,3
AT3G25510,high_light,up,0.5185571023333342,0.6689540760000003,-0.2900297247688439,1
AT3G25610,high_light,up,0.6357874350000001,0.7522366026666658,-0.18315739075067694,3
AT3G25780,high_light,up,0.3437122733333329,0.4348319526666664,-0.2651045260899527,2
AT3G25882,high_light,up,0.47565050766666594,0.6557336866666663,-0.3786039877964389,3
AT3G26210,high_light,up,0.9383319716666669,1.214035148333334,-0.2938226395259267,4
AT3G26220,high_light,up,0.523269268,0.9292489106666659,-0.7758522571340192,3
AT3G26230,high_light,up,0.3881933603333332,0.4952455003333336,-0.27577014688782175,1
AT3G26440,high_light,up,0.5676532176666669,1.0704705133333325,-0.8857825165397482,4
AT3G26600,high_light,up,0.49995817633333406,0.4878482416666676,0.02422189543029385,2
AT3G26830,high_light,up,1.5779512353333338,2.362919831000001,-0.49746061734337865,7
AT3G26910,high_light,up,0.3535764833333319,0.4593545990000001,-0.2991661511802146,2
AT3G27250,high_light,down,-0.6666569633333328,-0.4001740473333335,0.3997301920729449,1
AT3G28210,high_light,up,0.9114067726666661,1.414359694999999,-0.5518424236214017,4
AT3G28450,high_light,up,0.3702464360000004,0.43731206233333353,-0.18113780393913914,2
AT3G28480,high_light,up,0.6232548289999986,0.4691148909999985,0.24731447046678312,2
AT3G28510,high_light,up,0.6972964260000003,1.228174165333333,-0.7613372441598207,1
AT3G28540,high_light,up,0.5558484686666674,1.1674712483333334,-1.1003408557259973,4
AT3G28580,high_light,up,0.7961013510000008,1.0402248393333338,-0.3066487552454018,3
AT3G28890,high_light,up,0.5671681813333329,0.8374471533333327,-0.47654114052133867,1
AT3G28930,high_light,up,0.8011261103333318,0.39478997466666677,0.5072062068949383,1
AT3G28940,high_light,up,0.5768635233333317,0.38436382666666624,0.33370058753989285,2
AT3G29000,high_light,up,0.6521420126666664,0.5683189900000007,0.12853492190129856,3
AT3G29250,high_light,up,0.5354068573333337,0.9241833499999994,-0.7261328228088442,3
AT3G44300,high_light,up,1.072715513666668,1.7160831766666673,-0.599756090783933,5
AT3G44400,high_light,up,0.5999635039999998,0.6395070436666668,-0.06590990852448098,3
AT3G44720,high_light,up,0.45238213966666585,0.5388772543333324,-0.19119922535049638,3
AT3G45290,high_light,up,0.41839660533333234,0.4244513156666656,-0.014471222414697893,2
AT3G45640,high_light,up,0.683952072666667,0.6158071233333331,0.09963410019015362,2
AT3G45730,high_light,up,0.5678347620000004,1.2000577250000006,-1.1133924960374295,3
AT3G45860,high_light,up,1.713072277666666,1.8631343713333317,-0.08759822666155204,1
AT3G46090,high_light,up,0.6194189080000001,1.0772049816666662,-0.7390573128366078,1
AT3G46230,high_light,up,0.7038280993333332,1.060535053666667,-0.5068097660084996,3
AT3G46530,high_light,up,0.3877207016666677,0.407371804666667,-0.05068365685795584,1
AT3G46600,high_light,up,0.3671733156666672,0.4354156290000013,-0.18585858618137396,1
AT3G47090,high_light,up,0.373569354999999,0.5543603069999996,-0.48395552145866216,2
AT3G47480,high_light,up,0.7476477433333324,1.2233413466666665,-0.6362536469547666,2
AT3G47780,high_light,up,0.47307682366666715,0.45367162733333277,0.041019122820118104,2
AT3G48080,high_light,up,0.675831195333334,0.8835397800000004,-0.30733796560577553,3
AT3G48090,high_light,up,0.8617681810000004,0.8901886096666658,-0.03297920402872867,3
AT3G48640,high_light,up,0.3782624210000005,0.607269582666667,-0.6054187488708167,1
AT3G48850,high_light,up,0.3452397156666671,0.689183867000001,-0.9962473485102041,4
AT3G49120,high_light,up,1.0290364916666679,1.0180412983333333,0.010684940157492662,7
AT3G49130,high_light,up,0.36290955433333316,0.6307423703333335,-0.7380153341292175,4
AT3G49530,high_light,up,0.47531989600000113,0.4449289963333358,0.06393778152864282,2
AT3G50470,high_light,up,0.40050143633333324,0.49835509433333325,-0.24432785783708755,1
AT3G50480,high_light,up,2.1127406366666674,2.3268548890000007,-0.10134431487584172,5
AT3G50770,high_light,up,0.374590828333333,1.115040182333332,-1.976688423724842,2
AT3G50910,high_light,up,0.7009383710000003,0.5256869756666669,0.2500239715558864,2
AT3G50930,high_light,up,1.2241455143333342,1.3923120350000007,-0.13737461657754757,4
AT3G50950,high_light,up,0.4776410733333307,0.5383355600000002,-0.12707133045133379,2
AT3G51000,high_light,up,0.4026655640000012,0.43488839233333465,-0.08002379943603355,2
AT3G51330,high_light,up,0.4308948043333336,0.6720589993333332,-0.5596822996580826,1
AT3G51430,high_light,up,0.4710698760000005,0.6058638179999987,-0.28614426196082654,3
AT3G51440,high_light,up,0.4348736420000012,0.8562536440000015,-0.9689711247204058,4
AT3G51660,high_light,up,0.5331061816666658,0.5898174863333328,-0.10637900406513534,4
AT3G51860,high_light,up,2.024240099999999,2.2136959303333326,-0.09359355658122448,6
AT3G51890,high_light,up,0.43685188266666586,0.4951407373333332,-0.13342933149527902,3
AT3G52400,high_light,up,0.754558866,1.0580324110000001,-0.4021867062655389,3
AT3G52430,high_light,up,0.5191089233333344,0.5918175390000009,-0.1400642762982871,1
AT3G53230,high_light,up,0.6426324993333319,0.7874409329999992,-0.2253363062355107,4
AT3G54150,high_light,up,0.5629139543333324,0.6362213963333323,-0.1302285037272155,3
AT3G54960,high_light,up,0.45535172099999954,0.4292357136666656,0.05735348331610679,2
AT3G55470,high_light,up,0.44632080300000077,0.5710481133333332,-0.2794566363363802,3
AT3G55880,high_light,up,0.6195259009999994,0.9227212646666665,-0.48939901169146993,3
AT3G55970,high_light,up,0.6867718853333331,1.1568138286666665,-0.6844222271929388,5
AT3G55980,high_light,up,0.7480666470000017,0.5982397300000013,0.20028551947992412,2
AT3G56400,high_light,up,0.9191198633333322,1.2113167303333316,-0.3179094247188845,5
AT3G56710,high_light,up,1.0326768106666657,1.155944300999999,-0.11936695882011272,7
AT3G57240,high_light,up,1.3886935979999997,1.31099384,0.055951693096233046,2
AT3G57260,high_light,up,2.6907263336666665,2.5743755173333343,0.04324141585026242,6
AT3G57330,high_light,up,0.4968098080000001,0.5529697773333329,-0.11304118483371961,1
AT3G57460,high_light,up,1.0215379023333337,1.1749525223333332,-0.1501800566083542,1
AT3G58270,high_light,up,0.395393056333333,0.3450415813333336,0.12734536986292178,2
AT3G59660,high_light,up,0.43034654999999944,0.5073773013333334,-0.1789970230581237,2
AT3G60140,high_light,up,0.9947711133333326,0.977321469,0.01754136614890367,4
AT3G60420,high_light,up,0.987743508666667,1.1621497609999993,-0.17657038573582673,4
AT3G61280,high_light,up,0.883723464,1.235405987,-0.3979553981832489,4
AT3G61630,high_light,up,0.36548608866666665,0.6443965243333336,-0.7631218925025651,2
AT3G62150,high_light,up,0.5375072666666663,0.4646195043333323,0.13560330595220604,1
AT3G62600,high_light,up,0.38378408266666675,0.5029131506666662,-0.31040648474071353,1
AT3G63010,high_light,up,0.39623623033333466,0.5843236763333337,-0.47468512872174773,2
AT3G63380,high_light,up,0.7306298866666667,1.4772153709999998,-1.021838139881548,5
AT4G00490,high_light,up,0.49913921199999933,0.3529888493333342,0.2928048110687512,2
AT4G00700,high_light,up,1.4435314110000013,1.848352065666666,-0.28043771793384575,4
AT4G01010,high_light,up,0.6445553213333337,0.8615547330000002,-0.3366653016187646,3
AT4G01430,high_light,up,0.34555201866666696,0.34591464166666697,-0.0010494020593461162,1
AT4G01700,high_light,up,0.5702449103333347,0.4921630683333351,0.13692685473397226,2
AT4G01720,high_light,up,0.3874833303333327,0.6308830296666663,-0.6281552786385647,1
AT4G01750,high_light,up,0.6121835433333329,0.5507760423333332,0.10030897051828036,1
AT4G01870,high_light,up,0.482668665666667,0.4898070556666667,-0.014789420792709063,3
AT4G01985,high_light,up,0.4506567513333337,0.9614215640000001,-1.1333788102707754,7
AT4G02330,high_light,up,0.6230709743333325,0.36125417633333345,0.42020381109894467,1
AT4G02380,high_light,up,1.6878479873333356,1.3918982133333335,0.17534148585713516,4
AT4G02420,high_light,up,0.3997459069999998,0.4245657103333347,-0.06208894925179287,2
AT4G02520,high_light,up,1.115448296000002,1.3963481669999993,-0.2518268861114443,2
AT4G03320,high_light,up,0.47556317066666765,0.7317612913333331,-0.5387257392272713,3
AT4G03450,high_light,up,1.0573050583333332,1.242519425666667,-0.17517590204788536,1
AT4G04490,high_light,up,1.8262251263333331,2.2510409916666667,-0.23261965855560884,5
AT4G04500,high_light,up,1.102273164333333,1.4471187783333335,-0.3128495051483604,4
AT4G04510,high_light,up,0.35864755433333295,0.35296493033333354,0.01584459152541129,1
AT4G04540,high_light,up,0.42170430799999936,0.4555940829999994,-0.08036383398767666,1
AT4G04570,high_light,up,0.639278426333334,0.5632999256666675,0.11885040623449661,1
AT4G05020,high_light,up,0.8544219876666661,0.7135544923333326,0.16486876200134715,4
AT4G08470,high_light,up,0.5916402366666667,0.7937417703333356,-0.341595316108519,3
AT4G08555,high_light,up,0.6166641056666675,0.7415289150000008,-0.20248431550648416,2
AT4G08770,high_light,up,0.42659369300000005,0.37851458600000054,0.112704683142138,1
AT4G08850,high_light,up,0.8020923723333322,0.8876036499999991,-0.10661026163097609,3
AT4G09750,high_light,up,0.684805649666667,0.5141130076666647,0.24925705867509695,2
AT4G10500,high_light,up,1.2937062420000007,1.6443976400000002,-0.27107498334231517,4
AT4G11170,high_light,up,0.423708786333334,0.7827546376666668,-0.8473882603200715,2
AT4G11650,high_light,up,0.503964225999999,1.1195288793333322,-1.2214451375231827,3
AT4G11840,high_light,up,0.3466288586666657,0.5890771573333318,-0.6994463750054218,3
AT4G11850,high_light,up,0.6053685959999981,0.8049215639999971,-0.3296387842358437,3
AT4G11890,high_light,up,1.7678659203333336,1.7245624356666678,0.02449477880002393,4
AT4G11910,high_light,up,0.5899318669999998,0.8756712323333327,-0.4843599427615477,3
AT4G12290,high_light,up,1.1127975326666668,0.957213989666668,0.13981298343389037,7
AT4G12470,high_light,up,0.5290180099999988,0.8517013709999999,-0.6099666833649042,5
AT4G12480,high_light,up,0.9287528996666659,1.2134680899999992,-0.30655644836804186,7
AT4G12490,high_light,up,0.5604408046666665,0.9797886223333334,-0.7482464056415068,3
AT4G12720,high_light,up,0.7740870809999993,0.7098660213333332,0.08296361125637519,3
AT4G12735,high_light,up,0.39892171033333357,0.5082571740000001,-0.2740774964975141,2
AT4G13810,high_light,up,0.39441620833333246,0.5364598456666663,-0.36013641004653807,2
AT4G14020,high_light,up,0.6947652450000019,0.6189291603333338,0.10915353813742934,2
AT4G14220,high_light,up,0.5109527273333363,0.4334560740000022,0.1516708869287955,2
AT4G14365,high_light,up,1.7079650503333328,1.6336543600000004,0.04350832021933326,4
AT4G14370,high_light,up,0.6211866079999995,0.8219902176666665,-0.3232581112995714,3
AT4G14400,high_light,up,0.8950102899999983,1.0489504333333333,-0.1719981826503192,5
AT4G14746,high_light,up,0.38600728533333317,0.6253504343333329,-0.6200482687608269,2
AT4G15233,high_light,up,0.4799267280000006,0.5634608373333343,-0.1740559640873629,2
AT4G15440,high_light,up,0.4087006899999981,0.3789880456666648,0.07270025488171661,2
AT4G15610,high_light,up,0.7363868580000004,1.3579908683333342,-0.8441269742667428,4
AT4G16260,high_light,up,0.5468850849999995,1.348333767333333,-1.4654791368708366,4
AT4G16660,high_light,up,0.4833129300000003,0.4819619166666662,0.0027953180009773204,2
AT4G16690,high_light,up,0.44107849633333274,0.4816029826666668,-0.09187590569527293,2
AT4G17070,high_light,up,0.5122992210000001,0.5833644536666673,-0.13871821340651058,1
AT4G17230,high_light,up,0.4454818273333352,0.4485573803333338,-0.006903879824703418,2
AT4G17660,high_light,up,0.3856300799999999,0.4577634173333327,-0.18705319183952884,1
AT4G17670,high_light,up,0.7361350556666668,0.8018041240000002,-0.0892079080160928,3
AT4G17720,high_light,up,0.3842636800000019,0.49758423433333476,-0.29490311010744574,2
AT4G17900,high_light,up,0.3685890273333339,0.4444963356666669,-0.20594022801630008,2
AT4G18010,high_light,up,0.6155270230000021,0.3775052660000018,0.38669586891557073,2
AT4G18250,high_light,up,1.304344523666666,1.248188026666666,0.043053423371715804,1
AT4G18880,high_light,up,0.5504347896666664,0.5768990626666657,-0.04807885238508569,2
AT4G19520,high_light,up,0.5093791693333323,0.3723837393333298,0.26894588206129433,2
AT4G19660,high_light,up,0.38417310499999857,0.3975701576666655,-0.0348724376909908,2
AT4G19810,high_light,up,0.37983067199999976,0.43263329766666736,-0.13901622369945854,2
AT4G19880,high_light,up,0.4950051463333338,0.44889662033333266,0.09314756895265064,2
AT4G20110,high_light,up,0.7093376146666666,1.0078222539999997,-0.42079347430855996,4
AT4G20830,high_light,up,0.7800323113333345,0.6209109966666659,0.2039932350939121,3
AT4G20860,high_light,up,0.40691762533333353,0.956431019,-1.3504290781617612,3
AT4G21380,high_light,up,0.6471431800000005,0.6953681859999978,-0.0745198396435196,5
AT4G21840,high_light,up,0.5539160893333341,0.8670753413333334,-0.5653550384804713,1
AT4G21850,high_light,up,0.5572059276666668,0.9895414433333327,-0.7758989885069902,1
AT4G22305,high_light,up,0.38866016966666717,0.4437982613333329,-0.14186710131360947,2
AT4G23010,high_light,up,0.3968149443333324,0.4086040596666649,-0.029709353192679755,2
AT4G23130,high_light,up,0.6949540966666659,0.6837935759999993,0.016059363805750237,1
AT4G23140,high_light,up,2.5819717523333328,2.5462332346666674,0.013841560285997812,5
AT4G23150,high_light,up,1.0574097450000002,1.230559544666666,-0.16374901071737868,3
AT4G23160,high_light,up,0.5931160403333333,0.6409513693333331,-0.08065087731081455,2
AT4G23170,high_light,up,0.8514126763333314,0.643594643666666,0.24408613877074092,3
AT4G23180,high_light,up,0.7426595213333318,0.6957434026666665,0.06317311946992155,2
AT4G23190,high_light,up,0.5740292299999998,0.6317572103333333,-0.10056627313792621,2
AT4G23200,high_light,up,0.41710740066666574,0.44573387000000064,-0.06863093123636976,2
AT4G23210,high_light,up,0.613336528333333,0.8841788326666666,-0.44158841324731557,1
AT4G23220,high_light,up,1.3180431773333332,1.111414113666667,0.15676957114919277,4
AT4G23230,high_light,up,0.600765016333332,0.7305969403333323,-0.21611099260141264,3
AT4G23250,high_light,up,0.4895604250000005,0.3548371020000012,0.2751924300253624,2
AT4G23260,high_light,up,0.6391845406666654,0.5782624296666654,0.09531224102582114,2
AT4G23310,high_light,up,1.3124888799999992,1.429594152,-0.08922382031914888,1
AT4G23320,high_light,up,0.4772906043333336,0.7113825166666672,-0.49045992149857365,3
AT4G23470,high_light,up,0.5892571980000003,0.6548192309999994,-0.11126216739061201,3
AT4G23570,high_light,up,0.5670096146666666,0.47620357266666424,0.1601490338984557,2
AT4G23810,high_light,up,1.1650148079999996,0.9619630053333328,0.17429117747889333,3
AT4G23880,high_light,up,0.3462876459999986,0.41216289466666556,-0.1902327427143249,1
AT4G24000,high_light,up,0.9570785969999993,1.6717529893333327,-0.7467248714719026,7
AT4G24190,high_light,up,0.5241810666666673,0.4692501500000006,0.10479378245379833,1
AT4G24690,high_light,up,0.37529184333333276,0.41709873333333114,-0.11139834436227192,2
AT4G24920,high_light,up,0.44742506966666795,0.4323980453333345,0.03358556628158682,2
AT4G25000,high_light,up,0.6618969743333336,0.7875686963333335,-0.18986598651032827,3
AT4G25070,high_light,up,0.4097854156666667,0.7427440436666659,-0.8125194681668197,3
AT4G25110,high_light,up,0.5271230790000008,0.6507798076666669,-0.23458796169815566,1
AT4G25940,high_light,up,0.3829085973333335,0.5167731523333323,-0.34959924099971484,2
AT4G26060,high_light,up,0.49921252366666646,0.6367054956666669,-0.2754197170177708,3
AT4G26070,high_light,up,0.47945360599999987,0.4881754333333337,-0.01819118101144035,2
AT4G26270,high_light,up,0.647280986666666,0.6170226549999995,0.046746826015219844,5
AT4G26910,high_light,up,0.5530213610000008,0.37758213499999904,0.31723770250531336,2
AT4G27280,high_light,up,0.46245823966666677,0.4797370610000007,-0.03736298729543286,3
AT4G27300,high_light,up,0.5481695233333337,0.4590955129999994,0.16249354723642617,2
AT4G28390,high_light,up,0.43311871199999974,0.7912558770000002,-0.8268799178549475,2
AT4G29110,high_light,up,0.5675074296666667,0.35171451866666636,0.3802468473879703,1
AT4G29520,high_light,up,0.49653908400000013,0.5832267573333336,-0.17458378630539673,1
AT4G29900,high_light,up,0.4371939340000015,0.5323734273333329,-0.21770542985926045,2
AT4G31800,high_light,up,0.6625562873333326,1.075197029999999,-0.6228010367654493,2
AT4G33050,high_light,up,1.1918631353333335,1.2451779296666672,-0.04473231258924959,4
AT4G33300,high_light,up,0.516794109666666,0.5847446109999979,-0.13148466683794102,2
AT4G34135,high_light,up,0.9902670833333334,0.7859360730000011,0.20633929348184998,3
AT4G34150,high_light,up,0.7074396903333344,0.6695313803333338,0.05358521795990667,2
AT4G34180,high_light,up,0.34986182566666635,0.34548113199999797,0.01252121079034818,1
AT4G34390,high_light,up,0.5292227103333325,0.7626803506666668,-0.4411330726647962,3
AT4G35180,high_light,up,0.5712578349999995,0.8116605260000003,-0.4208304486537169,1
AT4G35600,high_light,up,0.4181166076666658,0.4955499263333314,-0.18519551064663187,2
AT4G36090,high_light,up,0.4262519366666675,0.5088865413333341,-0.19386329435328187,2
AT4G36150,high_light,up,0.5211696876666672,0.5184255816666665,0.0052652831984267845,2
AT4G36648,high_light,up,0.6225254573333316,0.6726869356666665,-0.08057739284784926,2
AT4G37370,high_light,up,1.2102394969999999,1.3799134623333336,-0.14019866791154123,4
AT4G37990,high_light,up,1.063304909666667,1.3103640429999999,-0.232350223428182,5
AT4G38560,high_light,up,1.017543618666667,1.207970214666668,-0.18714342314831223,4
AT4G39030,high_light,up,0.726430236333333,0.799074990666667,-0.10000238247241655,4
AT4G39670,high_light,up,1.0925888559999999,1.1523579256666672,-0.054704081355436474,4
AT4G39830,high_light,up,0.5305723396666675,0.7130477063333345,-0.3439217483167465,1
AT4G39950,high_light,up,0.7485890049999995,0.4258379993333321,0.43114580031357475,2
AT5G01100,high_light,up,0.365032752666667,0.49728412866666716,-0.362300026597248,1
AT5G02290,high_light,up,0.4979371619999995,0.5034221509999988,-0.011015424070716984,2
AT5G02490,high_light,up,1.2189487879999987,1.5358299426666697,-0.2599626479686621,5
AT5G03160,high_light,up,0.3768103180000022,0.37350056300000034,0.00878361032566477,2
AT5G03350,high_light,up,0.5812085580000037,1.1815844003333353,-1.0329783243372819,5
AT5G03630,high_light,up,0.5271050146666667,0.42439090466666585,0.19486460409593276,2
AT5G04720,high_light,up,0.5941388320000023,0.7238302546666695,-0.21828471004007155,2
AT5G04930,high_light,up,0.4528423470000007,0.4851446450000019,-0.07133232617046104,2
AT5G05190,high_light,up,0.4306739223333338,0.5918849010000002,-0.3743225914242656,3
AT5G05410,high_light,up,0.421978079333333,0.39132522566666683,0.07264086730546149,2
AT5G05460,high_light,up,0.5176514130000012,0.6253914690000002,-0.20813244838954748,2
AT5G05600,high_light,up,0.5974177186666676,0.9330083536666676,-0.5617353227302664,5
AT5G06320,high_light,up,0.6336419876666657,0.8155654210000005,-0.28710760472684727,4
AT5G06750,high_light,up,0.34500728733333386,0.3576815439999992,-0.03673619987748222,2
AT5G06760,high_light,up,0.3962312983333325,0.5258300356666661,-0.32707849652075627,4
AT5G07770,high_light,up,0.41264692866666675,0.6159247509999997,-0.4926192544075356,2
AT5G08240,high_light,up,0.47567550633333333,0.9308462203333345,-0.9568933189531033,3
AT5G08380,high_light,up,0.5667679786666664,0.3700650026666672,0.347060849243366,2
AT5G08660,high_light,up,0.4218181743333336,0.3874363806666672,0.08150856401814688,2
AT5G08760,high_light,up,0.951390833333333,0.9996317636666667,-0.050705691754791005,2
AT5G08790,high_light,up,0.7493543039999997,0.8207702996666653,-0.09530337690122304,4
AT5G09330,high_light,up,0.41390558600000027,0.3927406856666682,0.05113460907321998,2
AT5G10300,high_light,up,0.6372842976666675,0.5286346540000002,0.17048849950402611,3
AT5G10380,high_light,up,0.7166870553333338,1.0509991246666663,-0.46646868650061335,2
AT5G10760,high_light,up,2.1229308563333324,2.043880005000001,0.03723665850797697,4
AT5G11090,high_light,up,0.35279222233333307,0.34269577866666623,0.028618668517945034,1
AT5G12890,high_light,up,0.5284482183333328,0.4676446453333334,0.11506060743617819,2
AT5G13190,high_light,up,0.4514860609999989,0.491108020333332,-0.08775898694540918,2
AT5G13210,high_light,up,0.8073235146666669,1.298603368000001,-0.6085291019129762,4
AT5G13320,high_light,up,0.6015815606666663,1.2455202726666652,-1.07040965698216,4
AT5G13330,high_light,up,0.5737376306666668,0.770458356333334,-0.34287575914810287,4
AT5G13370,high_light,up,0.6593985366666653,0.5313756266666667,0.19415103746994788,7
AT5G14930,high_light,up,0.5246239293333339,0.6582988563333334,-0.2548014292254397,2
AT5G15870,high_light,up,0.3450987210000003,0.502671544,-0.4566021645730749,2
AT5G16880,high_light,up,0.35572005899999937,0.40284434700000205,-0.1324757679746218,2
AT5G17330,high_light,up,0.7350270553333349,0.6450972650000004,0.12234895257365908,1
AT5G17760,high_light,up,1.3289301369999977,1.1264074863333322,0.1523952576798745,5
AT5G17860,high_light,up,0.3600834810000002,0.46778373766666714,-0.2990980212909764,2
AT5G18270,high_light,up,0.6436774216666663,1.0364014810000004,-0.6101255786111905,3
AT5G18310,high_light,up,0.4744119436666665,0.5927444899999985,-0.24942994777651584,2
AT5G18470,high_light,up,1.0658540519999997,0.9677755729999991,0.09201867630560046,4
AT5G19240,high_light,up,1.1686539440000008,0.9710281633333349,0.16910547530455755,2
AT5G19980,high_light,up,0.377775113000002,0.3437576566666678,0.09004684311571898,1
AT5G20000,high_light,up,0.46565942933333204,0.35408925133333113,0.23959608884057593,2
AT5G20010,high_light,up,0.5397087599999981,0.39321651333333385,0.2714283286168354,2
AT5G20230,high_light,up,0.8810829093333323,1.8109877606666656,-1.0554112915854215,3
AT5G20400,high_light,up,0.34762188699999985,0.5119172833333332,-0.47262673173779013,1
AT5G21090,high_light,up,0.3620571133333339,0.47179359333333615,-0.3030916282508487,2
AT5G22060,high_light,up,0.5398486519999999,0.5280273306666672,0.021897473096464615,2
AT5G22300,high_light,up,0.536118008333335,0.4044128716666675,0.24566445189205233,2
AT5G22380,high_light,up,0.7878702126666672,0.8216575876666665,-0.04288444271251324,2
AT5G22520,high_light,up,0.5841239983333333,0.4609261266666662,0.21091047794335538,2
AT5G22570,high_light,up,0.40848054033333403,0.7247343606666674,-0.774220040140124,1
AT5G23660,high_light,up,0.8476903093333332,0.3723374303333342,0.560762431475524,2
AT5G24200,high_light,up,0.749577747,0.85210045,-0.13677394160955525,2
AT5G24210,high_light,up,0.640021467333332,0.9107178519999994,-0.4229489141896001,2
AT5G24280,high_light,up,0.34413449733333223,0.3963944123333327,-0.15185898363854222,1
AT5G24530,high_light,up,1.7397249186666661,1.8676114533333346,-0.07350962976645836,6
AT5G24810,high_light,up,0.5332598403333328,0.7174186453333338,-0.3453453477480808,3
AT5G25250,high_light,up,1.6242109216666671,1.7836447366666661,-0.09816078249024307,4
AT5G25260,high_light,up,1.0093780906666678,1.5045178593333342,-0.4905394452733163,3
AT5G25440,high_light,up,0.7091579026666661,0.8439829183333325,-0.19011988043802397,3
AT5G25930,high_light,up,0.8901936466666669,0.8789773790000011,0.01259980646757608,4
AT5G26170,high_light,up,0.3993865709999991,0.7127925046666661,-0.7847182565050934,3
AT5G26340,high_light,up,0.3813393729999994,0.9725409833333334,-1.5503293186915026,5
AT5G26690,high_light,up,0.4404818066666669,0.7367524706666666,-0.6726059045253632,2
AT5G26920,high_light,up,1.1565549386666678,1.4364463856666667,-0.24200445447292918,4
AT5G27420,high_light,up,0.8577735653333329,0.7606399609999999,0.11323921400583925,2
AT5G27600,high_light,up,0.5073641936666657,0.4826612579999985,0.04868876435315983,4
AT5G28540,high_light,up,0.5681553433333324,0.4486825700000008,0.21028187930503695,2
AT5G33290,high_light,up,0.6346341803333306,0.5731039333333339,0.09695388131738991,2
AT5G35735,high_light,up,0.920637959999997,0.7443951799999997,0.1914354911022763,4
AT5G36220,high_light,up,0.37788382899999906,0.37156479099999906,0.016722170982341855,2
AT5G36930,high_light,up,0.3473134343333317,0.6346760346666667,-0.8273869419561255,1
AT5G37540,high_light,up,0.5544970613333327,0.7444719833333338,-0.34260762634736275,4
AT5G37600,high_light,up,1.0661948066666653,1.2931150900000006,-0.21283191581356053,3
AT5G37740,high_light,up,0.4083556236666652,0.5953252379999991,-0.4578597758848413,3
AT5G38900,high_light,up,0.6784976346666669,1.0757294516666658,-0.5854579245440574,3
AT5G38990,high_light,up,0.4319168270000002,0.5250094286666673,-0.215533630197434,2
AT5G39020,high_light,up,0.4378842686666671,0.35773844333333304,0.18302969772669286,1
AT5G39050,high_light,up,0.44189212233333297,0.492232801000001,-0.11392074246730854,3
AT5G39520,high_light,up,0.6131429676666658,1.6898300786666658,-1.7560131450212428,5
AT5G39670,high_light,up,1.2405838239999998,1.5862898763333337,-0.27866400129148716,4
AT5G40690,high_light,up,0.512499298999999,0.5366123396666653,-0.047049899802236395,2
AT5G40780,high_light,up,0.8214335043333332,1.1023892610000008,-0.34203104108188076,4
AT5G41740,high_light,up,0.832509578999999,0.9949108713333308,-0.1950743828418242,2
AT5G41750,high_light,up,1.2784729853333339,1.338387909999999,-0.04686444324910277,4
AT5G42020,high_light,up,0.5929020733333346,0.5374444533333325,0.09353588475111196,1
AT5G42050,high_light,up,0.6663751693333353,0.7756948426666668,-0.16405124074880928,3
AT5G42380,high_light,up,0.5989470789999998,0.843573262,-0.40842704068016733,4
AT5G42530,high_light,up,0.8429429066666678,0.7956564866666689,0.056096824145526414,2
AT5G42830,high_light,up,0.6495115479999987,1.207849191666667,-0.8596269695064289,1
AT5G43910,high_light,up,0.6944353939999992,0.8760885929999995,-0.2615840156903071,4
AT5G44070,high_light,up,0.4949935823333327,0.4125431519999996,0.1665686854861288,2
AT5G44420,high_light,up,1.5540214226666667,1.5592982293333328,-0.0033955816758377555,1
AT5G44430,high_light,up,0.9280992686666663,0.5863461839999999,0.3682290205417773,1
AT5G44568,high_light,up,0.8252967743333333,0.9600189276666669,-0.1632408577413389,1
AT5G44820,high_light,up,0.3800632843333336,0.5022199143333328,-0.3214112886864968,3
AT5G44870,high_light,up,0.3568184513333321,0.461863306999998,-0.2943930037085869,2
AT5G45110,high_light,up,0.40024595066666535,0.6310098409999991,-0.5765552154842901,3
AT5G45380,high_light,up,0.5577154059999998,1.162590675333333,-1.0845590113272459,4
AT5G45500,high_light,up,0.355380159000001,0.5079871610000009,-0.42941902673862975,2
AT5G45630,high_light,up,0.5494971313333332,0.7546085819999999,-0.3732711946447689,4
AT5G45890,high_light,up,0.40894492400000004,0.6326872459999997,-0.547120917436793,1
AT5G46450,high_light,up,0.4043260346666653,0.3648639039999999,0.09759977662382979,1
AT5G46490,high_light,up,0.39560267200000077,0.5780061203333329,-0.46107739214999977,2
AT5G46520,high_light,up,0.5359244626666664,0.5229003773333325,0.02430209150843443,2
AT5G46710,high_light,up,0.3992452379999998,0.40889186866666716,-0.024162168383001115,1
AT5G47120,high_light,up,0.3794648586666671,0.6248577843333329,-0.6466815570983506,2
AT5G47140,high_light,up,0.3710004693333344,0.41758626366666807,-0.12556801994629696,2
AT5G47220,high_light,up,0.598114902999999,0.751894130666666,-0.25710649725554013,2
AT5G47850,high_light,up,0.36320778000000065,0.4516328633333333,-0.24345591752834284,1
AT5G48180,high_light,up,0.4297435216666674,0.45197412833333317,-0.05172994017559396,2
AT5G48380,high_light,up,0.8956921929999986,1.0090036259999984,-0.12650711247184,4
AT5G48400,high_light,up,0.4181273169999997,0.9700094186666668,-1.3198900890435423,3
AT5G48540,high_light,up,0.4925841973333336,0.49206298000000004,0.0010581284096307098,1
AT5G48570,high_light,up,0.8115777653333351,0.7325267920000007,0.09740406490912945,5
AT5G48657,high_light,up,0.7921173489999997,0.945054137333333,-0.19307339818576974,3
AT5G49680,high_light,up,0.35059034933333333,0.39217079100000074,-0.1186012157657359,2
AT5G50200,high_light,up,0.6705262723333334,0.6682526109999998,0.003390860920962302,3
AT5G50360,high_light,down,-0.3759673553333327,-0.5567545629999997,-0.48085879027018463,2
AT5G51440,high_light,up,0.8316864620000013,1.1075280666666671,-0.33166537784363426,4
AT5G52390,high_light,up,0.46150360733333295,0.43288800266666616,0.062005159248947006,2
AT5G52640,high_light,up,1.0055049989999993,0.974499874666666,0.030835375621373062,5
AT5G52750,high_light,up,1.1670643726666663,1.0267586203333332,0.12022109115775981,4
AT5G52760,high_light,up,1.1819746890000005,1.4432933813333335,-0.22108653828655123,4
AT5G52810,high_light,up,0.6060831933333324,0.4848469606666681,0.20003232889513078,3
AT5G53370,high_light,up,0.42453137399999896,0.40811475900000005,0.03866996883014573,2
AT5G53550,high_light,up,0.6508747646666677,0.5915883330000007,0.09108731031695383,3
AT5G54490,high_light,up,0.4767531739999997,0.4149447723333326,0.12964444714251055,1
AT5G54610,high_light,up,0.8399567163333348,1.1141493443333337,-0.32643661592103546,4
AT5G54710,high_light,up,1.1281367016666666,0.9682744479999998,0.14170468297901506,1
AT5G54720,high_light,up,0.8248796893333346,0.7000211143333335,0.1513658011156893,1
AT5G54860,high_light,up,0.5847789393333329,0.5556658413333331,0.04978479223822552,3
AT5G55450,high_light,up,1.2940720873333316,1.3364000429999994,-0.03270911727482839,2
AT5G55460,high_light,up,0.7543838813333332,0.8139031350000003,-0.0788978332377277,4
AT5G55930,high_light,up,0.6801271663333335,0.7861428656666671,-0.15587628987808277,2
AT5G56250,high_light,up,0.3840996703333346,0.3814020566666674,0.007023212658126332,2
AT5G57010,high_light,up,0.4664898683333334,0.5417148233333338,-0.1612574250942742,1
AT5G57220,high_light,up,0.7231991953333337,0.40760601233333293,0.43638486469075644,1
AT5G57480,high_light,up,0.3849163440000005,0.7727625846666673,-1.007611775161894,4
AT5G58120,high_light,up,0.3507825139999996,0.573680578666667,-0.6354309458728256,1
AT5G58620,high_light,up,0.4738787576666663,0.38394328933333277,0.18978581942809003,2
AT5G59320,high_light,down,-0.48181462766666616,-0.6769096143333337,-0.40491711015805887,1
AT5G59670,high_light,up,1.0293991993333336,1.0737740203333344,-0.04310749515711598,2
AT5G59820,high_light,up,0.6121441040000004,0.8029839396666674,-0.31175638941817985,3
AT5G60800,high_light,up,0.8031833343333332,0.5543705040000004,0.3097833579177226,1
AT5G60900,high_light,up,1.2571840706666668,1.308687150333335,-0.040967015784217464,4
AT5G60950,high_light,up,0.6934160486666663,0.7054378976666662,-0.01733713695135286,1
AT5G61010,high_light,up,0.6188135783333344,0.9146698406666669,-0.47810240869337317,4
AT5G61210,high_light,up,0.39864207899999826,0.5835083843333297,-0.4637400692798721,2
AT5G61600,high_light,up,0.5022706796666663,0.35749594066666646,0.28824047443119727,2
AT5G61790,high_light,up,0.4053632633333333,0.39483385333333487,0.025975244804904762,1
AT5G62480,high_light,up,0.705742717333333,0.966625963666667,-0.36965772359520477,4
AT5G62620,high_light,up,0.6240052813333339,0.5444408663333338,0.12750599615117364,2
AT5G63790,high_light,up,0.674616389333333,0.49852098866666505,0.26103042180859004,2
AT5G64000,high_light,up,0.9396915996666673,1.1929417333333339,-0.2695034559811973,4
AT5G64120,high_light,up,0.5162749973333334,0.6922610433333345,-0.3408765617335825,1
AT5G64370,high_light,up,0.3618651516666649,0.433546175666665,-0.19808766793335675,2
AT5G64810,high_light,up,0.6954254230000005,0.8976718836666668,-0.2908240826085906,2
AT5G66052,high_light,up,0.4208231900000001,0.3568092579999993,0.15211598011031857,3
AT5G66210,high_light,up,0.41615071433333384,0.3739342936666663,0.10144502751676754,2
AT5G66640,high_light,up,0.6139293600000011,0.7912608176666662,-0.2888466804497911,1
AT5G66910,high_light,up,0.4245879006666664,0.4008497326666669,0.05590872458383067,2
AT5G67340,high_light,up,0.5185810819999999,0.8041709529999999,-0.5507140173694189,4
